nep4 4 Cs In Ag Cl 
cutoff 6 5 46 34
n_max 8 8
basis_size 8 8
l_max 4 2 0 
ANN 80 0
  3.6885837e-01
  1.1692552e-01
 -8.8185377e-02
 -1.1684687e-01
 -3.4635898e-01
  1.3406865e-02
 -1.6870094e-02
  1.0529756e-01
  3.7590351e-02
 -1.7948347e-01
 -6.2420228e-03
  8.9594787e-03
  6.7236193e-02
 -8.9637458e-02
  1.2114993e-01
 -8.6335033e-02
  2.5748384e-01
  4.8343234e-02
 -2.6216267e-02
  3.2403972e-02
 -7.9241566e-02
 -1.6832612e-01
  1.3754015e-01
 -4.7365673e-02
  2.2782773e-01
 -9.3288250e-02
  1.3969763e-02
  2.3635803e-02
 -2.0730639e+00
 -1.0877137e-01
 -4.2954773e-02
  5.4233498e-03
  2.7202260e-01
 -7.2312899e-02
 -1.4421892e-02
  8.3553465e-03
 -1.1144397e-01
  1.1654799e-01
  1.2441485e-02
 -3.8442679e-02
  8.5239537e-02
  1.0118253e-01
  4.7128323e-01
 -7.0898861e-02
  1.6987599e-01
 -4.5026112e-02
  7.5574465e-02
 -3.3923212e-02
 -7.8341223e-02
 -5.0982386e-03
  7.3494270e-02
 -1.7872238e-01
  8.3246273e-01
 -4.5736659e-02
  4.3998182e-02
 -7.1292557e-02
  1.8888910e-01
  6.7284256e-01
 -6.0086435e-01
  9.6824147e-02
  2.9194459e-01
  7.9820126e-02
 -9.4628435e-01
 -2.6154456e-01
  2.5491869e-01
 -1.2873361e-01
  1.6655964e-01
 -2.3543791e-01
 -5.4639723e-02
  8.5741401e-02
  8.9457236e-02
  1.7709975e-01
  1.8252898e+00
  7.7560451e-04
  4.6604574e-02
  5.7769246e-02
  2.1579200e-01
 -4.8633787e-01
 -3.4599060e-01
  1.2616086e-01
  6.7618482e-02
  2.0810977e-02
  2.0197470e-01
 -9.9188233e-05
  1.4525771e-01
 -1.5714635e-01
  3.4418881e-01
  1.9339612e-01
  2.3926392e-01
  2.3007859e-01
  1.2665318e-01
  3.8221870e-02
 -4.3877210e-02
  5.9153859e-02
  5.9576683e-02
  2.9570910e-01
  1.0294293e-01
  1.3843346e-01
  6.1727283e-03
 -1.2674025e-01
  1.0009835e-01
  8.7086201e-02
 -1.9793460e-01
  1.8723028e-02
  2.7550927e-01
 -3.0550892e+00
  1.4788403e-01
  1.8151690e-01
 -8.1317209e-02
  8.5690939e-01
 -1.3299099e-01
  1.0922978e+00
 -1.6967008e-01
 -9.5143996e-02
  1.0054229e+00
  3.2341238e-02
 -8.3945073e-02
  4.3605012e-01
  4.1890803e-01
 -2.0060843e-02
  1.5142651e-01
  2.7761096e-02
 -2.8495055e-01
  1.5467778e-01
  4.6135154e-02
  8.1967749e-02
 -3.8319801e-03
 -6.6947513e-03
  1.3201517e-01
  4.5843527e-02
 -9.9621646e-02
 -1.2028681e-01
  6.7563583e-03
 -9.4343625e-02
  6.9208696e-02
 -1.7151302e-01
  1.3886340e-01
  4.0068975e-01
 -7.8679480e-02
  1.3358864e-01
  1.4296396e-01
  7.2017107e-03
 -2.3988299e-02
  1.6588598e-01
 -3.3947807e-02
 -1.1838060e-01
 -1.3934724e+00
  5.6797069e-02
  2.1762204e-01
  8.0116235e-02
  2.1653425e-02
 -1.1211790e-01
  8.0063149e-02
  2.8845830e-02
  3.2997124e-02
  3.5054388e-03
  3.9465960e-02
 -1.9052560e-02
 -1.5368965e-01
 -1.6182186e-01
 -2.9491916e-02
  9.0575069e-02
  3.2072406e-02
 -3.9084982e-03
 -1.7066504e-01
  5.2540585e-02
  4.4776853e-02
  1.1486839e-01
 -1.6780092e-01
  7.5561225e-02
  1.1209150e-01
  1.0002535e-01
  6.0349952e-02
 -3.7932534e-02
  2.9171605e-02
  3.0321226e-02
 -1.3234272e-02
  4.6672251e-02
  1.6389377e-03
 -1.5656184e-01
  2.0297570e-02
 -2.4581144e-02
  2.2910696e-01
 -1.2591691e-01
  2.4036674e-02
 -1.2396766e-02
  1.2379614e-01
  5.1271431e-02
 -2.2679371e-01
  2.0369820e-01
 -1.8593235e-02
  1.4279394e-01
 -3.6327388e-02
 -1.6166969e-01
 -1.9510984e-01
 -4.9300835e-02
  2.3971252e-01
 -7.6767817e-02
  1.4149274e-01
  4.4975735e-02
  5.6300044e-02
 -3.3380117e-02
 -1.9404966e-03
 -4.6624258e-02
 -1.5974035e-03
 -1.6901509e-01
 -4.9134240e-02
 -1.5589416e-01
 -2.7005020e-01
 -8.9191966e-02
 -1.9933704e-01
  9.7613037e-02
  3.7761769e-01
 -6.1005440e-02
  4.4851400e-02
 -7.2340123e-02
 -2.8125343e-01
  3.3367589e-01
  2.3552453e-02
  8.0469966e-01
  2.2302251e-01
  9.2182940e-01
 -2.0291018e-01
 -1.1632355e+00
 -2.4646159e-01
  1.0098742e-01
 -1.3059054e-01
 -2.1932801e-02
  7.2497822e-02
 -7.8749582e-02
 -3.2195300e-01
  2.9235220e-01
 -6.8292208e-03
  7.8035277e-01
  1.5380462e-01
  3.4303710e-01
 -3.2452080e-02
  4.6613421e-02
  7.0613367e-03
 -2.6062346e-01
  2.0818688e-01
 -1.2929879e-01
  1.5944047e-01
 -4.0708575e-02
 -1.2901244e-01
 -1.5279551e-01
 -1.2879980e-02
 -8.1131257e-02
 -1.5791541e-01
  8.9030929e-02
 -2.7972576e-01
  1.8096875e-01
  9.2593938e-02
  7.4521646e-02
 -2.1651299e-01
  3.1346682e-02
 -3.1311825e-01
 -1.2534408e-01
  3.2502908e-02
 -4.5047347e-02
 -5.4419795e-03
 -2.6080880e-01
  3.4294430e-02
 -1.5938327e-01
  2.8843351e-02
  3.4195724e-01
  5.8573667e-02
 -4.1052970e-01
  2.3493223e-01
  5.8242921e-02
  3.9919108e-01
 -7.2639920e-02
  2.9296286e-03
  8.0126166e-01
  4.5795412e+00
 -2.4100466e-02
 -2.2746469e-01
  5.6282807e-02
  7.5445257e-02
  8.2356773e-02
  1.7820120e-01
  1.9974573e-01
 -1.6413328e-01
  2.0349695e-01
 -2.5728765e-01
  6.7622170e-02
  1.3544834e-01
  1.5521170e-01
  6.9024675e-02
 -1.2938209e-01
 -1.2819535e-01
  1.5774572e-01
  4.5780051e-02
 -2.9304463e-01
  7.7567726e-02
 -1.0211284e-01
  1.2779933e-04
  1.2569624e-01
  1.7198117e-01
  1.6901784e-01
 -9.9576436e-02
 -4.8592068e-02
 -1.5030788e+00
  1.1113197e-01
 -2.9889128e-01
 -4.9556091e-02
  2.7039437e-02
  3.8143668e-02
  5.0791476e-02
 -6.3250586e-02
 -3.0910891e-02
 -6.3737921e-02
 -4.0537575e-01
 -1.8654861e-01
  4.6578385e-02
  1.3264528e-01
  4.6859106e-01
 -2.7024162e-01
  4.6527136e-02
  9.1557585e-02
 -1.2372022e-02
 -1.4076841e-01
  9.4236679e-02
 -1.1638024e-01
 -7.8815982e-02
 -8.4564961e-02
  1.8252282e-01
 -2.7131173e-01
  8.7147402e-03
  1.8198276e-01
 -8.2817189e-03
 -9.3393829e-03
 -1.0537180e-01
  7.4239336e-02
  1.1828239e-02
 -1.2612362e-01
  3.0153086e-02
  6.3413470e-03
 -5.6459951e-01
  1.0735179e-01
  2.2186197e-01
 -1.2614571e-01
 -1.1658823e-01
  1.5289839e-01
 -2.0392486e-01
 -6.9522806e-02
 -1.3525829e-01
 -3.3464167e-02
 -9.6537042e-03
 -1.0630666e-01
  2.7405444e-01
  1.9949084e-02
 -7.3369816e-02
 -1.4693852e-02
 -8.3174765e-02
 -9.1739027e-03
  1.0842461e-02
  2.1702010e-02
  3.4623144e-03
 -2.9282605e-02
  1.1131708e-01
 -5.5344559e-02
  2.0465378e-01
 -1.9956066e-01
  2.2613437e-01
 -5.8676939e-02
  1.5050206e-01
  7.0694610e-03
  2.4051419e-02
 -8.5352920e-02
 -1.2466748e-02
 -4.4722695e-02
 -1.9069140e-01
 -1.0324951e-01
 -1.1447509e-02
  1.8237592e+00
  3.3329472e-02
  4.0577940e-04
  3.3204801e-02
 -4.0683910e-02
 -3.0807318e-02
  1.8066634e+00
 -6.5772623e-02
 -4.3807093e-02
  7.4445002e-02
  1.1420537e-02
  1.2840675e-01
 -9.7761512e-02
  1.9412769e-01
 -1.4424970e+00
  9.7720087e-02
  8.2736529e-02
  1.0772226e-01
  9.0771273e-02
 -6.2315647e-02
 -5.4388177e-02
 -5.8662914e-02
 -5.0554752e-02
 -1.9064656e-02
 -6.8572536e-02
  1.7826568e-01
 -8.7263830e-02
  6.1186139e-02
  2.4532144e-01
  2.2677355e-01
  1.6934814e-02
 -3.1261757e-01
  1.3200155e-01
 -1.4254832e-02
  2.7846130e-02
  6.7789173e-03
 -1.8007973e-02
  1.1621880e-01
  7.3992804e-02
 -1.8289517e+00
 -5.4323091e-03
  1.0716285e-02
 -2.0179561e-01
 -1.6940488e-01
 -2.1796288e-02
 -7.0088036e-02
  1.2265180e-01
 -9.7477682e-02
  1.6886584e-01
 -2.3390437e-03
  7.3879488e-02
  1.0313924e-01
  3.0958682e-01
  4.0057722e-02
  7.8054003e-02
 -5.8607712e-02
 -1.3305396e-01
  4.0258822e-01
 -9.7583488e-02
 -1.7890152e-02
  4.8023590e-01
 -2.0560592e-01
  2.1532176e-01
  4.9488056e-01
 -3.1660244e-01
  2.3987952e-01
 -5.2822775e-01
 -1.1978783e-02
  8.4023185e-02
 -1.5878966e-02
 -5.1131111e-02
  1.2590471e-01
 -4.3465450e-01
  1.5749279e-01
 -1.3911191e-01
 -2.5379157e-01
 -4.0121043e-01
 -2.7235027e-02
 -7.9479769e-02
 -5.7547159e-02
  1.3299857e-01
 -1.1136399e-01
 -2.8939316e-02
 -1.7555524e-01
 -2.5014033e+00
  1.4947219e-01
 -1.9294229e-01
 -2.8528741e-01
  2.3641918e-02
  2.3051387e-01
  2.2262936e-02
 -3.5130462e-01
 -2.3240554e-01
 -8.0056116e-02
 -2.8485754e-01
  2.0275362e-01
 -1.5337311e-01
 -4.8825386e-01
  4.8905993e-01
  1.8701081e-01
  1.0762069e-01
 -4.7083940e-02
 -1.6895428e-02
  2.7216047e-01
  7.4989729e-02
  4.3919307e-01
 -4.7153272e-02
 -6.1894346e-02
 -1.8235295e-01
 -2.1319250e-02
 -5.3534567e-02
 -1.0334456e+00
 -8.4939837e-01
  3.7309259e-02
  4.0496585e-01
 -5.6281030e-01
  8.1524038e-01
  7.6508284e-01
  1.0235666e-01
 -3.0825081e-01
 -3.6095694e-01
 -2.0823127e-01
 -3.1906557e-01
  1.5013559e-01
 -9.6549377e-02
 -9.8565751e-01
  1.6440435e-01
  1.0997485e-01
  2.5772524e-01
  2.8219736e-01
 -3.1819165e-01
 -2.6240012e-01
  1.0150677e+00
 -7.2255528e-01
 -6.5137058e-02
 -1.5235701e-01
  3.0598639e-02
  2.8243938e-01
 -7.9610154e-02
 -3.5712418e-01
 -2.5688592e-01
  1.5164712e-01
 -2.7753189e-01
 -5.2429181e-01
  9.9654324e-02
 -3.2654327e-01
  3.3178449e-01
  2.7178979e-01
  7.6889068e-02
 -1.5103102e-01
 -1.5402644e-02
 -6.2810433e-01
 -7.9578280e-01
 -2.2365773e-01
 -9.9348255e-02
  1.5996316e-01
  1.7124325e-01
 -2.3666240e-01
  1.5379585e-01
  5.3156108e-02
  1.1295746e-01
  3.7928753e-02
  2.8522611e-01
 -8.5265279e-02
  8.6320871e-03
 -3.0296770e-01
 -6.2756836e-01
  6.8158859e-01
 -8.4284544e-01
  1.0928877e-01
 -1.3537041e+00
 -1.0205735e+00
  5.3598601e-01
 -1.2076675e+00
 -2.0715743e-02
  8.1607578e-03
  1.8225005e-02
  1.5825104e+00
  3.4062851e-02
 -6.2027919e-01
  1.3527366e-02
 -4.9832836e-01
 -6.3802145e-02
 -1.1574347e-01
  1.8072891e-01
 -1.0649809e-01
 -1.1738563e-01
  3.7996396e-03
 -6.0300767e-01
  3.2453701e-01
 -1.8470198e-02
  1.7746896e-01
 -1.4688022e+00
  8.3593950e-02
  2.8835383e-01
  5.7630576e-02
 -1.3316168e+00
 -9.2636786e-02
 -1.1922310e-01
  5.7336889e-02
  8.2274657e-01
  8.9203296e-03
  3.8925564e-01
  7.6773845e-02
  1.0752432e-01
 -5.8187634e-02
 -7.3023093e-01
  3.7249912e-02
  3.1348374e-01
 -1.0617175e-02
 -2.5609404e-01
  1.6854602e-01
 -2.2723225e-03
 -2.3875525e-03
 -1.2557681e-02
 -2.4115825e-01
  1.1662278e-01
 -7.8129910e-02
  2.1521483e-01
  4.7313131e-02
 -5.8049911e-01
 -4.2811550e-02
  3.1569338e-01
  2.9387254e-02
 -1.9106220e-02
 -2.8474033e-02
  1.2207265e-01
  5.2564800e-02
 -9.3364082e-02
 -9.9358574e-02
  6.1693732e-02
  1.1234314e-02
 -2.4402410e-01
  4.0184140e-02
 -2.1661738e-02
 -4.0777393e-02
 -2.4390259e-01
  8.9902885e-02
 -4.0767130e-02
 -5.2510495e-03
  1.5018248e-03
  2.0968916e-02
  1.4006251e-02
 -7.8701943e-02
 -4.1804671e-01
 -6.6380769e-02
 -3.3664446e-02
 -5.8826578e-01
  1.5674178e-01
 -1.2416965e-01
 -6.0526460e-01
  1.5023370e-01
 -8.5647039e-02
 -9.5855057e-02
 -4.3729112e-02
 -1.0812513e+00
  9.2087090e-02
  9.3686149e-02
  8.6632572e-02
 -1.2720828e-01
  8.3946772e-02
 -9.2833899e-02
 -7.1029685e-02
 -1.4705130e-02
 -3.6069028e-02
  6.6425502e-02
  2.5665545e-01
 -3.8971689e-02
  1.6565008e-01
  8.1143908e-02
 -1.0780516e-01
 -1.3258374e-01
 -4.0759634e-02
 -4.2502522e-02
 -9.9158846e-02
  5.4205965e-02
 -1.0538322e-01
  9.0792894e-02
 -3.0504104e-01
  2.6277032e-02
  3.2880366e-01
 -3.8128224e-01
 -1.1967276e-01
  1.4571261e-01
 -1.2887484e-01
 -1.0472120e-01
 -8.8004366e-02
 -2.1005373e-01
 -1.9484894e-01
  8.5810628e-03
  7.3489897e-02
  5.8912188e-02
 -3.4968723e-02
  6.3642576e-02
 -7.1110457e-02
 -5.9006796e-03
  4.8117509e-01
 -6.8564797e-03
 -4.3247622e-02
  2.0990455e-01
  9.3239598e-02
 -2.0645227e-01
  1.5331206e-01
 -3.2420773e-02
 -7.1901836e-02
  2.0666780e-01
  3.0045885e-01
  1.4558733e-01
  1.2153938e-01
  1.8990336e-01
 -4.0756743e-02
 -7.9060569e-02
 -3.0105072e-01
  2.6588503e-01
 -2.3082522e-01
 -9.3686111e-02
 -6.3291572e-02
  1.2893800e-01
  5.9027886e-03
 -2.8549071e-02
  2.0884898e-02
 -1.5342669e-01
  4.9895395e-02
  6.6991195e-02
 -2.8913954e-01
  2.8913191e-01
  7.6249398e-02
  1.8380092e-01
 -1.4939058e-01
 -1.6798915e-02
 -2.4697889e-01
  2.3068580e-01
  2.7139720e-01
 -7.9456940e-02
 -2.8042710e-01
 -2.9176950e-02
 -3.8789552e-02
 -1.2236101e-01
 -3.0690622e-02
 -2.0514376e-01
  5.4379208e-03
  7.7111103e-02
 -1.5733412e-01
  4.3778244e-02
  5.0161755e-01
 -1.0535941e-01
  1.0166348e-01
  7.6811790e-02
 -1.6161588e-01
 -1.0820459e-01
  1.2460588e-02
 -1.1370261e-01
 -9.9311195e-02
  5.2497104e-02
  4.5336496e-02
 -1.2703070e-01
 -7.1761243e-02
  3.1058488e-03
  3.0699929e-02
  2.2208285e-01
 -6.6674009e-02
  1.4080185e-01
 -1.7278619e-01
 -8.1929423e-02
 -1.0552267e-01
 -4.5794418e-01
  5.6166671e-02
  1.1279545e-01
  1.4816935e-01
  2.3523057e-01
 -1.8673779e-01
  1.8242319e-01
  6.5050736e-02
 -8.5920282e-02
 -2.5041196e-02
 -2.0597663e-02
  4.3565005e-02
  7.2212406e-02
 -5.5349916e-02
  9.5280018e-03
  1.5798360e-01
  2.0092130e-01
  2.5490800e-01
  1.5215593e-03
  2.4261662e-01
  1.0234685e-01
  2.7130538e-01
 -2.8488364e-02
 -1.3723494e+00
  2.8921902e-01
  2.3306835e-02
  1.2583894e-01
 -2.2381452e-01
 -4.2543441e-02
  3.5033584e-02
 -4.9064285e-01
  2.4601217e-01
  1.0000557e-01
 -3.4589463e-01
 -6.6591829e-02
  1.7430514e-01
  1.1829761e-01
 -1.2547216e-01
 -2.7788168e-02
  3.5915303e+00
  1.2983644e-01
  1.4056395e-01
 -8.5314430e-02
  1.2520017e-01
 -4.5190442e-01
 -3.3083248e-01
 -3.0090846e-02
 -2.4167264e-01
  2.0225288e-02
  1.2958375e-01
  6.0324356e-02
 -1.8333104e-01
  1.0218290e-02
  2.5877485e-01
  4.3845025e-01
  2.8775011e-03
 -2.1835095e-01
 -1.7098516e-01
 -4.5659352e-02
  1.3384776e-01
 -1.6538531e-01
  6.6824841e-01
  1.1647795e-01
  1.4202550e-01
  1.0634554e-01
  1.3114814e-02
 -2.0347233e-01
 -5.6642685e-02
  5.1931631e-02
 -1.8444686e-01
 -2.1771875e-01
  1.0106535e+00
  8.9457893e-01
 -7.2705126e-01
 -1.3229683e-01
 -1.7932303e-01
 -9.0849984e-01
  1.6121168e-01
  2.5664714e-01
  1.4350452e-01
  2.4099899e-02
  8.9184183e-01
 -3.4587495e-02
  2.3556182e-02
  2.4540375e-01
  1.1309847e-01
 -5.9885342e-02
 -2.4935663e-02
  2.8408479e-02
 -1.2390158e+00
 -1.2479190e-01
  3.7649587e-02
 -1.7350790e-01
  3.6377773e-02
  9.4790332e-02
 -2.7489846e-03
 -1.0709352e-01
  1.6495067e-01
 -1.5429530e-01
 -1.2884027e-01
  3.8160095e-01
  4.7734427e-01
 -4.1860004e-04
  7.7396341e-02
  1.2591163e-02
  3.4803428e-02
  6.0705021e-02
 -9.3967751e-02
  8.3744787e-02
  1.3142453e-01
 -9.0755463e-02
 -2.0889056e-01
 -3.6033109e-02
 -6.8041921e-02
 -3.8890906e-03
 -8.9061543e-02
 -4.3620568e-04
  5.6059528e-02
  3.2320838e-02
  5.9926122e-02
  1.5964963e-01
 -1.5953633e-01
  4.2768478e-04
 -3.3879760e-01
  4.7079805e-02
 -1.1959672e-02
  3.7453737e-02
 -3.1321481e-02
 -1.0945224e-01
 -1.4300506e-02
  1.0137097e-01
  1.6829103e+00
  2.5689271e-01
 -1.2135570e-01
 -1.3597178e-01
  1.5034045e-01
 -4.7889855e-02
 -2.1554224e-02
 -2.1521689e-02
 -1.9654281e-02
 -7.2578445e-02
 -1.8117497e-02
  3.2228019e-02
  3.7179139e-02
 -4.5510337e-01
  2.4730474e-01
 -9.4557807e-02
  1.8425004e-01
  5.9347432e-02
  5.8841508e-02
 -1.7314855e-02
 -7.3138133e-02
 -1.4306466e-01
 -3.5097513e-01
 -7.0048779e-02
 -1.9630100e-01
 -5.2057315e-02
  4.0313568e-02
  3.6616381e-02
  9.4946750e-02
  5.8077224e-02
 -1.6078158e-01
  1.5098573e-01
  8.2644008e-02
  1.5057012e-01
 -6.3938037e-02
  1.9193579e-02
  1.3213307e-01
  7.6317422e-02
 -4.8735388e-02
  1.1384833e-01
 -1.6461255e-01
 -1.1766981e-01
 -9.2875734e-02
 -7.8773133e-02
  1.6436586e-01
  1.7490657e-01
 -7.2662130e-02
 -2.9686666e-03
  2.5277356e-02
 -3.9596528e-02
 -6.7541242e-02
 -6.3061662e-02
  8.6719543e-03
  9.7318906e-01
  3.0073696e-01
  1.7723319e-01
  5.4727852e-01
 -1.1949708e-01
  7.0424832e-02
  2.2733873e-02
  8.7887563e-02
 -2.6777047e-01
  7.5129300e-02
  7.4829288e-02
  2.0717984e-01
 -1.0257938e-01
 -4.2272002e-02
 -2.5234109e-02
  1.2402662e-01
 -1.1081231e-01
  3.3353776e-01
 -1.2571932e-01
 -1.8970400e-02
 -5.8946203e-02
  1.6437227e-01
  1.3485403e-01
  1.3725950e-01
  1.4754946e-02
  1.6773292e-01
  1.5277563e-01
  1.8878745e-01
 -1.2572193e-01
 -3.9685395e-02
 -1.4288731e-01
 -1.0848251e-01
  5.8157730e-01
 -7.8784414e-02
 -7.6298364e-02
 -7.3319543e-03
  1.4124775e-01
 -6.0444668e-02
  2.1445125e-03
 -2.5629008e-02
 -1.3843563e-01
 -1.4529058e-01
  1.4427113e-02
 -2.2930226e-01
 -1.0543249e-01
 -1.3913997e-01
 -1.5210164e-03
 -1.6656958e-01
  3.4520286e-01
 -8.8495684e-01
 -4.3599799e-01
 -3.1240089e+00
  5.3507794e-02
 -9.5093325e-02
 -1.9386053e+00
 -9.6399173e-02
  6.7984974e-01
  1.3401154e-01
  3.8961035e-01
 -3.3546311e-01
 -1.3367932e-02
 -1.0791615e-01
  1.5236633e-01
  3.7067670e-02
 -6.0983639e-02
 -1.1343814e-01
 -1.1787048e-01
 -3.0027795e-01
 -9.8464862e-02
  3.2247511e-01
 -2.2276282e-01
  1.3070236e-01
  7.7044033e-02
 -1.5750197e-01
 -1.1820882e-01
 -1.8095532e-01
  2.5395077e-01
 -5.6462619e-02
  3.1701672e-01
 -2.5656360e-01
  7.4512109e-02
  4.5853458e-02
 -1.5252856e-02
 -2.4348693e-01
 -1.1077270e-01
 -6.8356864e-02
 -1.6486378e-01
  5.7051908e-02
 -2.3749572e-01
 -1.2229488e-01
  4.4886237e-03
  4.3450904e-01
  7.2392821e-02
  1.2542065e-02
 -1.8093620e-01
 -4.4880921e-01
  9.0835638e-02
 -1.1614291e-02
 -1.5652475e-01
  2.3290173e-03
  1.0555433e-02
 -2.3117505e-02
  1.9074975e-01
  9.9293418e-02
 -1.0271537e-02
 -8.1632413e-02
 -1.3508621e-01
  1.1594795e-01
  2.6950142e-01
 -3.5544553e-01
  9.0937448e-01
  2.3066032e-01
  2.9005167e-01
  5.1456265e-02
 -3.0215558e-01
  5.5503553e-01
 -2.0390497e-01
  1.3867620e-01
 -8.4661633e-02
 -2.0388477e-01
 -1.7355610e-01
 -2.3457608e-01
 -3.7892407e-01
 -7.5520672e-02
  1.5526550e-02
  1.2953562e-01
 -1.7106806e-01
 -5.7617016e-02
 -7.2298288e-01
  6.9834910e-02
 -2.0049007e-01
 -6.8057728e-01
 -4.7766504e-01
 -2.3991542e-01
  3.3368215e-01
  7.7362224e-02
 -3.6503682e-01
 -3.2868895e-01
 -8.3557107e-02
 -1.0310379e-01
 -2.5629297e-01
  1.3335750e-01
  2.7036060e-02
 -1.1609063e-01
 -1.5559557e-01
 -3.8778953e-02
 -1.7688243e-01
  8.1936523e-02
 -2.1066179e-03
  7.1100071e-02
  4.0552687e-02
  9.6493937e-02
 -1.7124582e-03
  5.6535625e-01
 -1.5451668e-01
  6.8017766e-02
  1.1613828e-01
  2.8973129e-01
  2.9325828e-02
  8.6413187e-01
 -5.3209551e-02
 -6.5469504e-03
 -4.1943152e-02
  8.0749100e-01
 -8.3592910e-01
 -3.6596960e-01
 -3.0768636e-01
 -3.3377573e-01
  4.3000400e-01
 -2.6746300e-01
 -3.4685254e-01
 -2.8125632e-01
  1.4029559e-01
 -7.0774093e-02
  2.1569583e-01
  1.2948897e-01
  3.1410971e-01
  3.2584690e-02
  2.2412774e-01
 -2.8389317e-01
 -3.4972230e-01
  1.0401635e-01
 -1.1584111e-01
 -4.0448144e-02
  1.8228687e-01
 -9.0422191e-02
 -7.3104113e-02
  4.9352739e-02
  1.4302942e-01
 -5.3544525e-02
  1.3476369e-01
  2.7602595e-01
  2.7295178e-02
 -4.6514384e-02
 -1.5237974e-01
 -1.5275162e-01
  1.4148291e+00
  5.2908897e-01
  2.9846153e-01
  4.1048948e-02
  1.9071077e-01
 -5.0683372e-02
 -5.8925217e-01
 -1.6128632e-01
 -5.8923103e-02
  1.3503039e-01
 -1.3662620e-01
 -1.1134763e-01
 -7.0500642e-02
 -3.9369825e-02
  1.6583696e-01
  3.2949826e-01
 -1.0920744e-01
  8.1968807e-02
 -1.9734439e-04
  1.7916696e-01
 -3.3270490e-01
 -2.6464316e-01
  1.7831960e-01
  9.5544331e-02
  2.6986228e-02
 -8.3001621e-02
 -3.3581102e-01
 -7.1343705e-02
  3.1307865e-02
 -6.2754393e-01
 -1.3257261e-01
 -4.7330383e-02
 -7.6367058e-02
 -1.3018583e-01
 -4.2319562e-02
 -9.6001200e-02
 -5.0893538e-02
  1.3296245e-02
 -1.9949147e-02
 -1.2535393e-01
 -1.8991715e-01
  2.2007814e-02
 -2.5846237e-01
  5.4228365e-02
  2.1044156e-02
 -2.0029123e-01
  1.5458265e-01
 -8.1521630e-02
 -6.7526862e-02
 -1.0796416e-01
 -3.5113126e-02
  1.6828955e+00
 -1.0833572e-01
 -4.8110306e-02
 -9.1346800e-03
 -2.1238901e-02
 -1.8541327e-01
 -1.0376636e-01
  3.6722519e-02
  5.5135112e-02
  1.5208516e-01
  5.2817315e-02
 -1.9879042e-01
  8.4938318e-02
 -2.1148194e-03
  1.3617969e-01
 -4.8988253e-01
 -1.5872397e-02
 -1.6763893e-01
 -2.6333459e-02
  1.1395292e-01
  2.2112930e-01
  9.9430978e-02
 -9.7222820e-02
  3.2108176e-01
  2.9635744e-02
 -2.9247305e-03
 -9.1748759e-02
 -2.2622423e-02
  1.2820912e-02
 -1.9662613e-01
 -8.7942528e-03
 -1.3367896e-01
  6.4499021e-02
 -8.0217957e-02
  3.1064788e-02
  1.0888393e+00
  9.4021916e-02
 -4.4208702e-01
 -8.3822131e-02
 -5.0415564e-04
 -8.4724382e-02
  6.6535711e-02
 -5.8787964e-02
  1.4831571e-01
 -2.7663687e-01
  9.2001900e-02
 -6.6917606e-02
 -1.8770915e-02
 -3.6880888e-02
 -6.9325823e-01
  2.2367625e-02
  3.4140740e-02
 -2.9851750e-01
 -5.5025872e-02
  2.6780370e-01
 -8.0167145e-02
 -3.5499954e-01
 -1.0625190e-01
 -9.8740321e-01
  7.6121673e-02
 -2.8502396e-01
 -5.7145543e-02
  3.8616572e-02
  2.2488121e-02
 -8.9945175e-02
  2.8400948e-02
  8.5792795e-02
 -3.0069338e-02
  1.1957339e-01
 -2.5561735e-01
  5.9447784e-02
 -3.2123700e-03
 -6.6048938e-01
  3.6488876e-01
 -4.3003154e-01
  2.0189725e-01
 -5.1353548e-02
 -6.3608158e-01
 -2.8090475e-03
  2.2485809e-01
  4.1084892e-01
  3.5887671e-01
  7.0069611e-02
  4.6326790e-02
  2.7303514e-01
 -1.7936651e-01
  1.2815841e-01
 -3.2829293e-03
 -2.1928703e-02
  6.2941916e-02
  4.5700982e-01
 -8.2348943e-02
  1.2378483e-01
  2.7513787e-01
  4.0630805e-01
  8.2858726e-02
 -1.2485290e-01
 -5.2634045e-02
 -8.9658946e-02
 -8.7151438e-02
  1.4751285e-01
  4.2314395e-02
  1.6647556e-01
 -2.4082530e-01
 -1.4682487e-01
  8.7617286e-02
  1.1041479e+00
 -5.2380703e-02
  1.3559841e-02
 -8.5229255e-02
 -4.4608641e-02
  4.0123075e-01
 -2.2213650e+00
  4.4387672e-02
 -1.1168353e-01
  1.4773047e-03
  3.4223158e-02
  1.0362465e-01
  1.4327886e-02
  2.1725821e-01
  1.6276956e-01
 -1.1786754e-01
  5.2771952e-02
  2.6986067e+00
  1.2540387e-01
 -5.4883516e-01
  2.2338898e+00
  4.8245445e-02
  9.0332311e-01
  1.3915472e-01
  3.0990472e-01
 -5.5431950e-01
 -8.4278232e-01
 -7.6918608e-01
 -2.3593520e-01
 -6.5549636e-01
 -1.1583026e-01
  1.3609698e-01
 -1.6073966e-01
  2.6393410e-02
  5.2398056e-01
  2.2754395e-02
  1.5627378e-01
  1.7194842e-01
  4.4289532e+00
 -2.4965660e-01
 -3.4790669e-02
 -7.7878120e-03
 -2.6164064e-01
  2.8719360e-01
  2.2524929e-02
  1.1162382e+00
 -3.7475709e-02
  1.7442700e-01
  1.6657919e-01
 -1.0037868e+00
  2.4136819e-01
 -7.7803075e-01
 -1.7899391e-01
  8.3659285e-01
  2.1262899e-01
  1.2253578e-01
 -3.1350024e-02
  9.9882752e-02
  1.5548906e-02
 -6.7447042e-01
 -1.1137352e+00
  1.4669186e-01
  3.5487015e-02
  8.8421637e-01
  2.7669537e-01
  3.0505700e-02
 -5.0647400e-02
 -1.6030537e-01
 -4.3081786e-02
  4.1614109e-01
 -3.8320240e-02
  1.0361377e-01
  9.6717227e-04
 -1.6232027e-02
 -5.2408677e-01
  1.7185196e-01
  8.5236537e-01
  8.9668262e-01
  1.1746217e+00
 -7.5394489e-02
  6.6970628e-01
 -1.5021342e-01
  1.4765230e-01
  2.4768619e-02
 -2.1014631e-02
  4.7232255e-01
  6.7481446e-01
  1.7078599e-01
  1.1954729e-02
  1.0953239e+00
 -3.7366185e-02
  1.1328010e-01
 -6.2650824e-01
  3.4726290e-03
  6.4790323e-02
  2.2208381e-01
  4.8384625e-02
  5.5901367e-02
 -1.9854726e-01
 -1.3574464e-03
 -9.0654917e-02
  7.0721686e-02
 -1.6723801e-01
  2.0609776e-02
  2.0506680e-01
 -4.6756130e-02
  1.3442098e-01
  8.1773652e-03
 -4.7715794e-02
  1.4582400e-01
 -1.4131218e-01
  5.6810591e-02
  4.0663682e-02
  2.2250783e-02
 -6.8432808e-02
 -5.6211390e-02
  4.6073560e-02
  3.4352865e-03
 -9.2501985e-03
  1.5931609e-01
 -5.0410513e-02
 -1.7112751e-01
 -1.0915305e-01
 -2.4890040e-01
 -1.3853577e-01
  1.1470912e-01
  4.4325124e-02
  2.3798005e-01
  5.5581349e-01
 -7.4780583e-02
  8.4409750e-01
  1.9133234e-01
 -6.5778442e-02
 -1.3469627e+00
  2.8327493e-02
  3.1533641e-01
 -1.7009957e-01
 -2.0197259e-01
 -3.5230904e+00
 -5.2758481e-02
 -3.6618259e-02
  4.9904529e-02
  2.2528364e-01
  1.2032145e-01
  1.6714050e-01
 -2.2046250e-01
  8.4478304e-02
 -1.8209024e-01
 -1.0895244e-01
  1.4860411e-02
  3.4119681e-01
 -7.5137950e-02
  7.0236176e-02
 -1.7337891e-01
  4.9062476e-02
 -1.1891952e-02
 -1.7054692e-01
 -1.5772653e-01
  3.1497237e-01
  2.9436147e+00
 -7.2068848e-02
 -1.9285747e-01
 -1.0274298e-01
 -9.1309540e-02
 -3.4647858e-01
 -3.2059130e-01
 -5.3328577e-02
 -4.9068786e-02
  2.4698204e-01
 -2.8439688e-02
 -3.2538097e-02
  1.3538670e-02
 -1.7186172e-02
 -1.5064321e-03
 -6.9147795e-02
 -2.1150391e-01
 -2.8226483e-03
  2.9097560e-01
 -8.3889848e-01
 -6.4044200e-02
  3.8741287e-02
  6.9867545e-01
  7.4120921e-01
 -4.0119007e-02
  3.4027332e-01
  6.7319460e-02
  5.8428705e-02
 -4.3169910e-01
  5.9061989e-02
  1.7182301e-01
  6.1429203e-02
  1.7420529e-01
 -3.2678824e-02
 -1.2746681e-01
 -2.5293154e-01
 -8.1936848e-01
  7.6048143e-02
  2.7180452e-02
  2.9652297e-01
  2.8388280e-02
  3.3975694e-01
 -3.2082405e-02
  8.6330853e-02
  1.5752412e-01
 -1.1643418e-02
  6.2099241e-02
 -2.3696534e-02
 -8.7665394e-02
  1.3639726e-01
  4.4503767e-02
 -2.4991328e-01
  8.5743695e-02
 -1.1656993e-01
 -6.0192071e-02
 -1.5021375e-01
 -2.6768762e-01
 -4.3895125e-02
 -3.4629345e-02
  2.4471660e-01
  1.3779053e-01
 -3.8079116e-02
 -4.4178553e-02
  3.0481711e-02
  1.9920614e-01
  3.2236046e-01
 -2.7964734e-02
  4.1058756e-02
  1.2905885e-01
  1.6872382e-01
 -8.9943036e-02
 -1.4363949e-01
 -1.3593185e-01
 -1.1396172e-02
 -2.4117427e-02
 -9.5579855e-02
  1.0477240e+00
 -7.2350800e-01
  1.1237190e-01
  3.3018008e-01
  5.7381634e-02
 -1.0113593e+00
 -6.2772252e-02
  3.5709351e-01
  2.7883464e-01
  2.3756295e-01
 -2.4103049e-02
  7.2242624e-01
 -1.7664488e-01
 -2.5249919e-01
 -1.9249883e-01
 -1.3673303e-02
 -5.5060560e-01
 -4.4023666e-01
 -5.2650762e-01
  2.8518796e-01
  1.1832131e-01
  1.3433280e-02
  5.5211157e-01
  5.0205532e-02
 -4.3693802e-01
  4.2840633e-01
 -3.4811983e+00
  1.2346860e-01
  5.5261940e-02
  1.7141666e-01
  1.6576283e-01
  2.5320867e-01
  1.2260396e+00
  1.8411969e-01
  1.1445343e-01
 -6.5139532e-01
 -2.2639856e-02
 -4.8325729e-02
  2.7485076e-01
  4.9735734e-04
  4.7941482e-01
  5.7442820e-01
 -3.4196591e-01
 -1.1449157e-01
  9.4524890e-02
  6.1902571e-02
  6.5676621e-03
 -1.7010885e-01
  3.4668040e-02
 -1.8286122e-01
  6.2555142e-02
 -2.6913962e-01
 -6.5089017e-02
  1.9429801e-01
 -4.1436743e-02
  4.3617854e-01
  3.5650131e-01
  1.3391721e+00
 -6.6095310e-01
 -6.2166339e-01
  5.9046842e-02
 -7.2711533e-01
 -4.6451002e-01
 -3.8283151e-01
  3.7186912e-01
  1.0768523e-01
  1.0607441e-01
 -2.7064133e-02
 -7.1104258e-01
  5.2298672e-02
 -8.3204985e-02
  2.2576837e-01
  1.9245570e+00
 -2.2907705e+00
 -1.1633675e-01
  1.5855105e-01
 -4.7132802e-01
 -9.0980542e-01
 -1.9841656e-01
  9.4629124e-02
  1.2485524e-01
  6.4757548e-02
  3.1499016e-01
 -8.8389859e-02
  3.6164173e-01
 -3.0317906e-02
 -6.7176270e-01
  1.3593796e-01
 -5.5266097e-02
  3.8280311e-01
  2.7980483e-01
  4.8994580e-01
  2.7402443e-01
 -6.7337744e-02
  6.2371515e-02
 -3.2577366e-01
  9.1274753e-02
 -2.3156443e-01
  8.9188695e-02
 -8.6139172e-02
 -2.6711342e-01
  6.0339402e-02
 -2.7693636e-04
  2.2799370e-01
  7.4603587e-02
  2.1769650e-02
  1.3357309e-01
 -9.4186403e-02
 -1.8593380e+00
  1.2651460e+00
  2.3137877e+00
  9.4752949e-01
  1.4907864e+00
 -2.6347885e-01
 -6.7372787e-01
  3.4213352e+00
 -3.6604755e+00
  7.7435285e-01
  3.5240015e-01
  2.6264194e-01
 -4.2648205e-01
 -6.4849609e-01
 -1.0418426e+00
  7.1259332e-01
 -1.0483055e+00
 -1.6483902e+00
  2.3440589e-01
  1.5289505e-01
  5.2378422e-01
  8.4808409e-02
  3.0860722e-01
 -1.7090197e+00
  1.9875169e-01
 -4.0746918e-01
  6.7864180e-01
  1.6881306e-01
 -1.5288572e-01
  1.4306083e+00
 -5.8743726e-02
 -3.2878640e-01
 -1.5231155e+00
 -9.6397895e-01
 -4.3513458e-02
 -1.1388854e-01
 -8.8716857e-03
 -3.2434702e-01
  1.3435073e+00
 -1.4184040e-01
 -5.8675110e-01
 -1.2324744e+00
 -5.1662225e-01
  1.4515884e-01
  3.9566111e-02
  1.2533005e-01
  2.7243513e-01
  2.4709377e-01
 -2.7139671e-02
  2.7386434e-03
  5.7612067e-01
 -4.2493016e-01
 -5.2500356e-02
  1.0678487e-01
 -2.8668334e+00
  3.7731857e+00
  1.3936864e+00
  9.7364795e-01
  5.8198307e-02
 -4.7306957e+00
  5.1761943e-01
  1.2926744e+00
 -2.6221472e-01
  8.3125502e-02
  1.0395886e-01
 -1.6031660e-02
 -7.6156282e-01
 -4.8979980e-01
  1.0823096e-01
 -9.6306585e-02
 -2.1410659e-01
  1.4565060e-01
  2.3667355e-01
 -2.0268360e-01
  1.4857768e+00
 -4.6333764e-02
 -3.2699642e-01
 -1.9406492e-01
 -4.6732314e-02
 -9.3455613e-02
  4.2537893e-03
 -1.7383379e-01
 -5.1858407e-01
  2.3768833e-01
  1.3761954e-01
 -1.9571579e-01
 -5.0154299e-02
  1.9448145e-01
  2.7803242e-02
  9.6196756e-03
  9.0403102e-02
 -1.9105656e-01
 -5.8193248e-02
  1.1915400e-01
 -3.4938368e-01
 -4.6044469e-01
  4.0157292e-02
  1.1429536e+00
  2.5592026e-01
 -3.4139506e-03
 -4.8549441e-03
  4.2057920e-02
  4.1344008e-01
 -6.6625774e-02
  4.0181711e-01
  1.7179455e-01
  8.3584554e-02
  1.9416556e-02
 -3.8852939e-01
 -8.9417553e-01
 -1.7584249e-01
  1.9180574e+00
 -5.1077878e-01
  7.6151632e-02
 -6.9374943e-01
  2.4305155e+00
 -3.3271346e-02
  2.6258063e-01
 -2.7707186e-02
 -2.1098408e-01
 -3.3984211e-01
 -7.5247502e-01
 -3.8400704e-01
 -6.0300380e-01
 -4.5618582e-01
 -4.7652118e-02
 -4.3065254e-02
 -2.4106288e-01
  5.7066923e-01
 -1.1688698e-01
 -1.3457272e+00
 -6.1577827e-01
 -2.5938954e+00
 -4.2824286e-01
  1.2714325e-01
 -1.0208207e-01
 -1.8803750e-01
  3.6901808e-01
 -9.7243264e-02
 -4.2633775e-01
 -2.2610883e-01
  3.3224016e-01
  8.4388517e-02
 -7.0831627e-03
 -1.1544586e-01
 -9.0842851e-02
  2.5308859e-01
  1.1755952e-01
 -1.8396476e-02
 -2.1769187e-01
 -3.5210344e-01
  6.3466735e-02
  3.7518188e-02
 -7.5008787e-02
 -1.1462523e+00
  6.5745071e-02
 -1.1151406e-01
  1.9918504e-01
 -9.8930388e-05
  7.4258171e-02
  6.9429986e-02
 -1.0006407e-01
  4.1420141e-01
 -1.1343753e+00
  8.7949693e-02
  5.8115363e-01
  1.6537912e-02
 -1.2511023e+00
  8.3255358e-02
  1.7798419e-01
 -8.0096555e-01
  4.1651383e-02
 -3.2373217e-01
 -2.0421982e-01
  3.8824815e-01
 -5.4919904e-01
  6.0474557e-01
  1.2244685e-01
 -1.8799888e-02
  1.8027714e-02
  3.1056574e-01
  1.6784492e-01
  2.1810180e-01
 -2.1855126e-01
 -9.9937408e-04
  4.3611817e-02
 -4.4962880e-01
 -4.7470662e-03
  9.6197063e-03
 -2.3397267e-01
  2.4309947e-01
  2.8843069e-01
 -6.2333174e-02
  4.6388552e-01
  8.7568924e-02
 -8.8294238e-02
  7.3814280e-02
  2.1702386e-01
  2.2399104e-01
  8.7695219e-02
  8.8181399e-02
 -2.2117400e-01
  7.2546452e-02
  4.1491205e-01
  1.7253224e-02
 -1.9326718e-01
  3.9669659e-04
  1.4467159e-01
 -1.7607879e-02
 -2.7075037e-01
 -1.1973777e-01
 -3.7584826e-02
  1.8397278e-01
  1.0294605e-01
  2.0361581e-01
 -1.6572638e-01
 -8.2925513e-02
 -1.9520931e-02
  2.1347428e-02
 -4.4136032e-02
 -1.7754503e-02
  2.7920789e-01
 -1.6702883e-04
 -4.4191819e-02
 -1.6729614e-01
  6.8098620e-02
  7.4187860e-02
 -7.4588493e-02
  7.0620151e-03
 -2.4382465e-02
  7.1773373e-02
  3.9738528e-02
 -1.4257007e-02
  8.9820862e-02
  4.5662713e-03
 -1.0192270e-01
 -1.0851390e-02
 -3.6572710e-01
 -1.8934499e-01
  1.2997675e-01
  1.2925310e-01
  1.5101480e-01
 -1.0378399e-01
 -4.0765005e-01
 -1.9752625e-01
 -3.5515979e-03
  1.2912746e-02
 -4.0991317e-02
 -3.3801028e-01
 -3.9847240e-02
  5.4778237e-02
  8.6504735e-02
  9.3242787e-02
 -1.3310042e-01
 -2.4323031e-02
 -5.9791245e-02
  6.9323316e-02
  1.7596868e-01
  8.4485568e-04
  1.1469981e-01
  7.8591019e-02
  2.0686666e-02
  8.0499962e-02
 -1.5840250e-01
  9.7179122e-02
  6.5614857e-02
  1.6496293e-02
 -1.3283752e-02
 -6.4496398e-02
  3.4121689e-01
 -8.0698714e-02
 -2.9287482e-02
 -1.4600375e-01
 -2.3585992e-01
  7.9192750e-02
  1.0239156e-01
  1.8287214e-02
  1.9991484e-02
  3.9594737e-01
  7.1522646e-02
  9.5411740e-02
 -4.9330302e-02
  8.1038810e-02
 -6.2441319e-02
 -1.4284328e-01
 -2.2531299e-02
  5.6485470e-02
 -2.4708036e-02
 -8.5197967e-03
  1.6755107e-01
  1.6039005e-02
  8.8367023e-02
  6.6364199e-01
  1.4702220e-02
  1.5205835e+00
 -3.6288958e-02
 -6.6001368e-01
  2.1003058e-02
  1.1144596e-01
  4.1311927e-02
  2.7613965e-01
 -6.4731330e-02
 -1.0278661e-01
  5.1218823e-02
 -1.0762464e-01
  6.5758966e-02
 -3.8571429e-01
  8.1366539e-02
  8.7253578e-02
  6.3033283e-02
  4.9881130e-02
  4.2889763e-02
 -4.3396197e-02
 -3.4681130e-02
 -2.2485869e-02
 -7.3680878e-02
 -2.4276588e-02
 -1.0503212e-01
  2.4434856e-01
 -7.2485797e-02
  1.0202813e-01
  5.2007604e-02
 -1.4584833e-01
  2.9867155e-02
  1.0408465e-02
 -6.1878514e-01
  1.3712470e-01
  6.8052649e-01
  4.0224828e-02
 -4.7337681e-02
  7.9162377e-01
 -2.6923604e-02
 -8.0007797e-01
 -1.6793635e-01
 -1.7962639e+00
  1.2004545e-01
  1.3649310e-01
  2.0083568e-01
 -1.7687424e-01
  3.7269993e-03
  1.1399422e-02
  1.6766062e-01
 -7.8778893e-02
  2.3988134e-01
  1.9297741e-01
  1.0297519e-01
  9.1317249e-03
 -5.9041537e-02
  2.9770663e-01
  4.3021297e+00
  2.3973547e-01
  1.8982839e-02
 -3.7304066e-02
  1.0726265e-01
 -4.0748376e-02
 -2.3946226e+00
  1.9221535e-01
  1.2521879e-02
 -3.5769824e-02
  1.4274067e-01
  1.1626192e-01
  1.8617079e-02
  3.8634571e-01
  9.7445987e-02
  2.7375588e-01
 -1.2221174e-01
  1.3433473e-01
  1.5783533e-02
  1.2955324e-01
 -1.6614619e-01
 -1.3028392e-01
  3.5974022e-02
  7.9496823e-02
  4.0734615e-02
  2.6004035e-02
  1.8347432e-01
 -8.7116972e-02
  3.5888091e-02
  4.2411554e-01
  4.9459681e-01
 -1.5611914e+00
  3.4221314e-02
 -4.2356223e-02
 -1.4574011e-01
 -7.0214737e-03
 -1.2680663e-02
 -2.5366339e-01
 -2.2600982e-01
  1.4000289e-01
 -2.9837243e-02
 -6.0880538e-02
  6.4700976e-02
 -1.5173699e+00
 -2.5127953e-02
  5.4611322e-02
  7.5345904e-02
  4.6978977e-02
  1.2004175e-01
  1.5039496e-01
 -6.4327031e-01
 -5.9428360e-02
 -1.6229035e-02
  1.0799877e-01
  1.4168914e-01
  1.1306987e-02
 -1.5682222e-01
  2.3967911e-02
  1.7863840e-01
  2.5762799e+00
 -1.5303482e-01
 -1.9383107e-01
  2.4466405e-03
 -5.4773532e-02
 -2.8237268e-02
  8.0070093e-02
 -3.4815684e-02
 -1.4720242e-01
 -2.3811795e-01
  5.6751262e-02
 -5.9071988e-01
  4.2477477e-02
 -1.5083048e-01
 -2.0040719e-01
  1.2811911e-01
 -2.0446850e-01
  2.4139918e-02
 -5.4928452e-02
  8.0877498e-02
 -1.5997012e-01
  1.3439538e-01
  3.2326937e-01
 -4.2883834e-01
  1.5419109e-01
  2.2177714e-01
  1.5109754e-01
 -7.0766851e-02
  1.9011009e-03
 -1.8994924e-01
 -4.1440925e-01
 -8.6169662e-03
  1.0198522e+00
  8.0701619e-02
  1.3445224e-01
 -9.1041878e-02
  1.4151461e+00
 -1.3256316e-01
 -1.0266051e-01
 -1.0538726e-02
 -8.9735754e-02
 -9.9964943e-03
 -1.1132929e-01
 -4.4944625e-02
  1.7658550e-02
 -8.3973281e-02
  1.7675622e-01
  6.4967446e-02
  1.1661853e+00
  1.6641373e-02
 -4.5743957e-02
  1.9475378e-01
 -7.3556662e-02
  1.1455621e-02
 -1.0128943e-01
 -2.4873845e-01
  2.1879584e-01
  5.6980429e-03
  4.0393434e-02
 -1.1864746e-01
 -1.5588781e-01
 -2.2937171e-02
  4.5438260e-02
 -2.7254540e-01
 -5.3097736e-02
  7.1642697e-02
 -1.1771382e-01
  3.8146838e-03
  2.4987410e-03
 -1.5177333e-01
 -1.5573001e-01
  1.3926486e-02
 -9.0996608e-02
 -1.1775969e-01
 -1.9463170e-01
  1.3300189e-01
 -1.2446830e-01
 -2.0972313e-01
 -2.8273436e-01
  1.2333540e+00
 -4.2270622e-01
 -1.5292259e+00
  1.5038862e+00
 -6.2957036e-01
  5.9176439e-01
  6.1522764e-01
 -3.7193687e+00
 -1.0400191e-01
  1.0803237e-01
  4.7760269e-01
 -1.2329514e-01
  4.4472635e-02
  5.4830201e-02
  3.7900969e-02
 -9.6980385e-02
  3.4681953e-02
 -2.7581917e-02
 -2.5477612e-02
  1.6127893e-01
  6.3192204e-02
  4.1959640e-02
  2.0167942e-01
 -2.6049089e-01
  3.9834410e-01
 -8.8519171e-02
 -5.2530080e-02
 -5.6595389e-02
 -2.2325240e-01
 -3.5040297e-02
 -1.4385983e-01
  3.4261462e-01
 -1.1939719e-01
 -8.8491268e-02
  5.1576108e-02
  1.8320639e-02
  1.1102647e-02
  1.4511369e-01
  1.0559115e-01
 -4.9594566e-01
 -2.5069609e-01
  9.0449885e-02
 -4.1170027e-02
  1.8688664e-01
  8.8241212e-02
 -7.4878931e-02
  2.0127404e-01
 -7.9925194e-02
 -1.9815628e-01
 -8.1932291e-02
 -2.5427902e-02
  1.3498111e-01
  5.8909047e-02
  9.4167590e-01
  1.6865304e+00
  2.1238659e-01
 -1.7070508e+00
 -3.5070470e-01
  1.0232496e-01
  1.2967227e+00
 -8.0453980e-01
  5.7467902e-01
 -1.4742506e-01
 -1.8771806e-01
 -3.6393961e-01
  1.9129114e-01
 -1.4393449e-01
  2.1939881e-01
  2.1454754e-01
  1.4919347e-01
 -8.4407531e-02
  4.0262844e-02
 -8.7175421e-02
 -1.6536181e-01
  2.5631648e-01
 -2.2716963e-01
 -2.5213802e-01
 -9.1350198e-02
 -5.5969469e-02
 -1.7130834e-01
  1.8429799e-01
 -1.4590393e-01
 -3.1246042e-01
  1.2332358e-01
  6.5598249e-02
 -6.2187914e-02
 -1.2440649e-01
 -1.0518746e-01
  7.1091938e-01
 -4.3356556e-01
 -4.5875639e-01
 -2.2139063e-01
  3.2192793e-01
 -1.5913522e-01
  3.1075162e-01
  1.6407895e-01
  1.1623363e-01
 -1.0842742e-02
 -9.0568289e-02
 -1.2552226e-02
 -9.3505964e-02
  1.4322382e-01
 -1.8614252e-01
  2.3245895e-02
 -9.4519876e-02
  8.1886128e-02
  4.5087226e-02
 -2.7507627e-02
  1.3501817e-01
 -8.2548030e-02
 -1.2189587e-01
 -1.5944931e-01
 -1.9320881e-01
  2.6533753e-01
  1.6975796e-01
 -5.0769353e-01
 -9.2913374e-02
  2.4255965e-02
  6.8711214e-02
  1.1038554e-01
  1.3817140e-01
 -5.6750700e-02
 -1.2810233e-01
 -4.9989495e-02
 -1.8881960e-01
 -8.2490847e-02
  5.8435734e-02
 -1.0711657e-02
 -2.3331128e-01
 -1.0286324e-01
 -4.9034350e-02
 -1.0138806e-01
  9.2231847e-02
  6.5177381e-02
 -1.4490612e-01
  2.0233789e-02
 -1.1676142e+00
  5.9912276e-02
 -8.3428812e-01
 -4.8745207e-02
 -7.1159236e-02
 -2.8381435e-02
  1.9471823e-01
  4.6360768e-02
 -7.2242389e-04
 -1.3467503e-01
 -4.1936852e-02
 -1.2174935e-01
  5.5118069e-02
  4.6559256e-02
  1.2504269e-01
  9.0367354e-02
 -1.1676762e-04
 -8.4241547e-02
 -1.1245481e-01
  5.0512735e-02
 -2.1504475e-02
  7.4673161e-02
  8.8342190e-02
  9.2759907e-02
 -8.1587285e-02
 -3.2448256e-01
  7.5236097e-02
  2.0402566e-01
  1.9142032e-02
  1.6808496e-01
  1.6167127e+00
  9.1721141e-01
 -3.8479337e-01
 -1.7304014e+00
  3.9413866e-02
 -1.6822797e-01
  1.7000319e-01
  1.0121789e-01
  4.6841100e-02
  3.2927945e-01
  2.6713324e-01
  1.5334095e-01
 -1.2164866e-03
 -2.1724209e-02
 -4.5843095e-02
 -3.3781183e-01
 -1.1894675e-01
 -1.5855861e-01
  4.2392886e-01
  1.7959256e-01
 -7.8567537e-03
  1.0187824e-02
 -1.4382443e-01
 -1.1406275e-01
  1.3818242e-01
  6.9862261e-02
 -6.0802635e-02
  3.0141893e-01
 -1.4618646e-01
 -4.9996268e-02
  9.8961212e-02
  3.4470782e-02
 -2.1189670e-01
 -4.1239914e-01
  1.5162978e-01
 -4.9948469e-02
  1.5444787e-01
 -1.1455791e-01
 -2.7000181e-02
  6.1433386e-02
  1.5345424e-01
  1.3538309e-02
 -3.5183832e-02
 -8.6820938e-02
  1.8877850e-01
 -1.9638298e-01
  3.1935405e-02
 -1.2991336e-01
  5.5998933e-02
  1.6357283e-01
 -2.1252474e-02
 -1.3434562e-01
 -3.2119326e-02
 -5.0961606e-02
  9.4225667e-02
  9.4431579e-01
 -8.0120891e-01
 -1.5061574e-01
  2.9445252e-01
  1.6384187e+00
  1.2921253e-01
 -2.5853062e-01
  6.3670635e-02
  3.8469025e-01
 -4.6347219e-02
 -2.2552297e-01
  1.5765525e-01
  5.2936286e-02
 -1.8687760e-02
  4.0670302e-02
 -1.7551808e-01
 -2.4547016e-02
  1.9060387e-01
 -5.6662668e-02
 -2.8268930e-02
 -1.6455600e-01
 -1.7788446e-01
 -3.1611198e-01
  3.9695137e+00
  4.6480570e-02
 -1.8020412e-01
 -1.7283361e-01
 -2.3665754e-01
 -1.1409209e-01
  5.0446712e-03
 -1.2449978e-01
 -1.0632019e-01
 -2.1783759e-01
  5.5473629e-02
  2.3601954e-03
 -4.2030051e-02
  1.7388338e-01
  9.9272557e-02
  2.1514092e-01
 -4.0603135e-02
  3.4978885e-02
  9.8259501e-02
 -7.6786622e-02
 -1.9174661e-01
 -1.0900380e-01
  9.6932165e-02
 -8.9581132e-02
 -4.1499328e-02
  1.8503127e-01
  7.8047059e-02
  1.1388275e-02
 -7.3060103e-02
  8.5729621e-02
  1.3993254e-01
 -1.1561599e-01
  9.7867183e-02
  8.6248033e-02
  2.8054944e-01
 -2.5082534e-02
  1.9237785e-01
  6.4913020e-02
  3.8839173e-02
  2.8326717e-01
 -1.4225495e-01
 -2.5174802e-02
 -1.1178588e-02
  2.8495577e-03
 -7.9601005e-02
  1.6667460e-01
 -3.2642268e-02
  1.3801184e-01
 -2.8584939e-01
 -2.0168246e-01
 -2.3102785e-02
  8.6323529e-02
 -1.3284951e-04
  1.7524250e-01
 -8.0782875e-02
  4.4935048e-02
 -1.9808911e-02
  1.2258101e-01
  1.1977120e-01
  2.4631051e-02
 -5.6359597e-02
  6.2322106e-02
 -1.2215230e-01
 -5.4145992e-01
  2.2863595e-02
  7.4383646e-01
 -5.9846316e-02
 -1.3808888e-02
  7.6776922e-02
  5.0105695e-02
  9.7114702e-05
  3.8372703e-02
 -2.1225110e-01
 -4.0957013e-01
 -2.5198504e-01
  2.3722754e+00
  6.3209161e-02
 -3.9225299e-02
 -1.4724025e-01
  1.4003810e-01
 -2.7612081e-02
  2.4913440e-02
  1.8041140e-01
  2.0150758e-01
  5.2463733e-02
  9.4646513e-01
 -2.3165548e-01
  1.0251056e-01
 -9.3062897e-04
 -7.2379911e-01
 -3.9653476e-02
  1.2418983e-01
 -4.5672670e-01
  4.7872558e-02
 -8.7042078e-02
  2.3598035e-03
 -1.5677337e-02
  1.2721720e-01
 -1.1416344e-01
  5.4390788e-01
 -6.3640743e-02
  1.2708644e-02
 -2.0891322e-02
  2.9132729e-02
 -8.5787170e-02
  6.2478874e-02
  4.6579275e-02
 -6.1192073e-02
  7.2558209e-02
 -1.9578846e-02
  4.2883170e-05
 -1.7529134e-01
  1.8193815e-02
  6.3110851e-02
 -3.7947819e-02
 -7.5071096e-02
  6.2526524e-02
 -1.2362324e-01
  5.8492668e-02
  2.6285902e-02
 -1.5195020e-01
  6.1295982e-02
 -2.1783191e-01
  2.3985060e-01
 -1.4859511e-01
 -1.3181975e-02
  1.5757711e-01
  3.4908339e-02
 -2.0990865e-02
  4.5661800e-02
 -3.8992945e-02
  6.4607807e-02
 -2.8141817e-02
 -1.8847749e-01
  5.5906934e-01
 -7.4247234e-02
  9.1163576e-02
  1.4203987e-01
  1.6988653e-01
 -8.3993003e-02
  3.3463266e-01
 -1.7758794e-01
  1.8386712e-02
 -1.1227176e-01
 -8.9527451e-02
  1.6519275e-01
 -1.2504925e-01
 -1.6230861e-02
  1.3596940e-01
  7.3199458e-02
  3.6515776e-02
 -1.8270500e-02
 -4.8010256e-02
  4.1473519e-02
  7.0262074e-01
 -1.5202773e-01
  1.1685868e-01
  1.1460271e-01
  3.4872365e-01
 -1.9288953e-02
  1.4332239e-01
  1.2181646e-01
 -1.1485325e-01
  9.9264309e-02
  1.0681843e-01
 -3.0303645e-01
 -1.8258762e+00
  2.5722188e-01
  1.7367303e-01
  8.6525790e-02
  1.4662436e-01
  5.1649860e-03
  8.9822255e-02
 -1.6177009e-01
  1.5201715e-01
 -3.2017139e-01
 -1.4434622e-01
  6.8915505e-03
 -1.3564584e-02
  4.0182725e-01
 -2.7494151e-02
 -3.4583327e-01
  1.1725093e-01
 -2.0015620e-01
 -4.5908999e-02
  3.3902805e-03
 -2.5538404e-03
  3.0782202e-01
 -3.4452802e-01
  4.2694644e-03
 -2.9846871e-01
  1.5716116e-01
 -1.1466919e+00
 -9.3884045e-01
  9.5237136e-01
  2.6458585e-01
  1.5346304e-01
  2.1435903e-01
  7.9377875e-02
  1.5151946e-01
  1.1132058e-01
 -7.3555422e-01
 -9.3985856e-02
  3.3593905e-01
  2.2992647e-01
  1.8297970e-01
  1.1123209e-01
 -7.4111122e-01
  6.7745680e-01
  1.7122199e-01
 -6.8262219e-01
 -1.6031545e-01
  1.0619900e-01
  1.1706230e-01
  4.8235942e-02
  2.4901365e-01
  3.1849098e-01
 -1.6852714e-01
 -1.8686095e+00
 -1.7321292e-02
 -8.2865208e-01
  1.8695846e-01
  2.1767509e-01
 -2.7510297e-01
  1.7905321e-02
  1.4807250e-01
  3.1779226e-02
  8.8841826e-02
  1.9284895e-01
  1.0564864e-01
  1.5636152e-01
 -1.8418828e-01
 -2.5779235e-01
  2.6247077e+00
 -1.0389813e-01
 -1.3364723e-01
 -8.9909367e-02
  1.1969126e-01
 -7.7958112e-03
 -1.1794920e-01
  2.2878577e-01
  6.8007702e-01
  6.4485151e-01
 -2.4220325e-01
  7.9898305e-02
 -5.3305715e-01
  7.2670233e-01
 -1.0535413e+00
 -7.4616253e-02
 -5.0262582e-01
  2.3551477e-01
  4.9677515e-01
 -6.7628258e-01
  7.8206025e-02
  4.5371562e-02
  4.1144806e-01
 -8.8974483e-02
 -3.8817778e-01
  1.0977942e-01
 -3.1588256e-01
 -5.0448179e-01
  6.6213840e-01
 -2.1468607e-01
 -2.0427996e-01
 -7.5875878e-01
 -2.3689635e-02
 -3.7950534e-01
 -1.1114510e-01
  1.9484261e-02
 -5.0561372e-02
 -5.8099568e-02
 -8.4470734e-02
 -4.4099334e-01
 -2.9916024e-01
  3.7205955e-01
 -2.0762743e-01
 -1.5682767e-01
  1.2638740e-02
 -4.7596592e-01
 -3.4373536e+00
  1.4071833e-01
  3.1260088e-01
  1.1095901e+00
  2.5757277e-01
 -3.0456400e-01
 -1.0724131e-01
 -2.1468344e+00
 -4.9228065e-02
  4.0177917e-01
  8.1765398e-02
  1.5042953e-03
  9.4879337e-02
  6.8886548e-02
 -2.9534978e-01
  1.8593227e-02
  3.6768697e-02
  4.4295374e-01
  1.4513946e-01
 -3.5044393e-01
 -2.2488061e-01
 -6.2090445e-02
  2.1295770e-01
  4.3574294e-01
 -1.0401725e+00
  2.5053644e+00
  3.9403692e-02
  1.8502092e-02
  1.4949997e-01
 -9.1786928e-02
  2.4545691e+00
  1.2052060e-01
  5.7305168e-02
  1.2975179e-01
  9.0092840e-03
  1.3704994e-01
  8.2218312e-02
 -4.8420485e-02
 -1.1815184e-01
 -3.0775598e-01
 -3.1360400e-01
 -9.6074222e-03
  1.6721688e-01
 -1.5090609e-01
 -5.3450388e-01
  5.1585639e-01
  2.6392400e-01
  2.5392747e-01
  1.5093522e-01
  2.5682324e-01
  1.3819012e-01
  1.2321776e-01
  3.6567375e-02
 -1.3444589e-01
 -1.7129992e-01
  2.4007363e-02
 -4.5413997e-02
 -3.4006965e-01
 -5.8145832e-02
 -8.9713395e-02
  6.1207306e-01
 -3.6421268e+00
 -7.7958457e-02
  7.1524042e-01
  1.3140880e-01
  2.0983772e-02
  2.5362146e-01
  2.3156877e-01
  1.0534814e-02
  1.3326982e-01
  7.1202725e-02
  2.1501498e-02
  2.9607018e-02
 -1.0067800e-02
  2.2150898e-01
  2.2431827e-01
 -2.5012964e-01
  2.2523472e-01
  1.1593083e-01
 -3.5754461e-02
  1.2151519e-01
  1.5132394e-01
 -5.8571722e-02
 -7.2408068e-01
 -5.6100947e-01
 -4.3216467e-02
 -1.5165979e-01
  1.9230545e-02
  6.4527489e-02
  9.7417220e-02
 -1.1998659e-01
 -2.2584099e-02
 -1.5735281e-01
 -1.1437111e-01
 -7.0356123e-02
 -7.5068951e-02
  1.1029721e-02
  3.3522815e-01
 -1.7736804e-01
  3.5036277e-02
 -3.3046362e-01
  1.6615428e-02
 -7.1352208e-01
 -1.6064869e-01
 -3.9998654e-01
  3.2705966e-02
 -2.4630164e-01
  1.0598446e-01
 -6.5689427e-03
 -2.6240742e-01
  1.1225733e-01
 -1.6357505e-01
  8.9202359e-02
  6.2921837e-02
  9.1790116e-01
 -8.2603455e-01
  2.4946230e-02
 -2.4281513e-02
  1.4304931e-01
  1.2872198e-01
  2.6361348e-02
 -2.9461833e-02
  7.6618850e-02
  1.3613330e-01
 -1.1298336e-01
  1.5578645e-01
  7.6993072e-04
  5.1762259e-01
 -2.0242114e-01
 -2.9588479e-01
  2.4616987e-01
  7.6055569e-03
 -1.1663213e-01
 -1.6041225e-01
  2.6609302e-01
 -2.4428293e-01
  1.6436516e-01
  4.0891688e-02
 -1.3465033e-01
 -6.6993892e-02
  1.7873259e-01
  2.9820246e-01
  1.2539572e-01
  1.6435213e-01
  2.3265009e-01
 -3.4478676e-01
  1.1820979e-01
 -2.9069516e-01
 -5.5694923e-02
  7.7495769e-02
  1.7524220e-01
 -1.0537402e-01
  2.9657802e-01
  1.9761519e-01
  1.9369553e-01
  2.1828473e-02
 -9.9298283e-03
  1.0873391e-01
  1.0188634e-01
  8.5449576e-02
  1.2404472e-01
  1.6234952e-01
  5.2481767e-02
  1.7773195e-01
  1.1166758e-01
 -1.2467977e-01
  2.8482476e-01
  5.2134961e-02
  1.6167811e-01
  2.2964422e-01
 -5.3993177e-02
  1.2058248e-01
  1.0923338e-01
 -1.1649856e-02
  1.6657938e-01
  1.1431810e-01
  5.6770220e-02
 -2.9552233e-01
 -5.5550097e-04
 -1.0466416e-01
  1.1228684e-01
 -3.5987136e-01
  4.4595461e-02
 -1.1152077e-01
 -5.6350302e-02
 -2.5222453e-01
 -1.6955428e-01
 -5.1062252e-02
 -3.8915854e-02
  2.5268883e-01
  4.4890451e-01
 -6.3702382e-02
 -1.9143097e-01
 -7.9425955e-03
  2.7083933e-02
  3.2650378e-01
  1.9428231e-01
  1.9327272e-01
 -1.2624454e-01
  2.0362813e-02
  4.5542110e-02
 -2.0430289e-01
 -5.6819963e-01
 -4.2413396e-01
 -9.3725659e-03
  8.4098804e-01
 -9.5420259e-01
 -9.3983794e-03
 -4.7641240e-02
 -8.3550639e-02
 -1.2673771e-01
 -5.6774210e-02
  1.2027200e-01
  2.9206024e-02
  1.0931931e-02
 -3.1269684e-02
  2.1810564e-01
  1.9535621e-01
 -2.0194579e-02
 -7.3958181e-02
  1.7032641e-01
 -5.9671808e-02
 -1.0362875e-01
 -5.6181382e-02
 -1.9662504e-01
  5.3843077e-02
 -4.8336115e-02
 -1.5414709e+00
  1.1685274e-02
 -1.9387348e-01
  1.4050703e-01
  1.2072019e-01
  5.6573953e-02
  1.1876238e-01
  7.4025556e-02
  9.5114022e-02
 -1.3623755e-01
 -1.8487930e-01
 -1.9085374e-02
  8.1928842e-02
 -5.5369269e-02
 -1.2971401e-01
  3.9173726e-02
 -1.4192376e-02
  1.5759093e-01
 -8.7984893e-03
 -1.0038248e-01
 -5.1343453e-01
  1.1971476e-02
  9.5071949e-02
  8.2208671e-02
 -2.5499222e-01
 -3.6964583e-01
  1.9136655e-01
  2.9360652e-01
  1.3260694e-02
  1.2026492e-01
 -1.0411547e-01
  1.0935336e-01
 -1.0410596e-01
  3.4104717e-01
  9.8575778e-02
  6.0688895e-03
  2.8119337e-02
  8.8688001e-02
  4.6026520e-02
  1.9951430e-01
  3.0902730e-02
  4.9757805e-02
 -1.0652668e-01
 -4.2975940e-02
  8.3333045e-01
  1.6173750e-01
 -8.1667490e-02
 -8.8541925e-02
 -1.2231000e-01
 -7.8307144e-02
 -1.9912440e-01
  4.4774827e-01
  1.8099850e-01
  5.7505097e-02
 -1.0051100e-01
  1.8718159e-01
  3.9370500e-02
  1.3578852e-01
  8.1836507e-02
  3.4977734e-01
 -5.1836348e-01
 -4.5056172e-02
  9.8466164e-01
 -2.0267294e-01
  7.0115320e-02
 -3.7223411e-01
 -4.4216075e+00
  4.2566070e-01
 -7.8636318e-02
 -2.5254494e-01
 -6.3960314e-02
 -1.3679443e-01
  4.0013355e-01
 -1.1343400e-02
  1.5067955e-02
 -1.7666585e-04
 -4.8721626e-01
 -6.5689161e-02
 -2.4984457e-01
 -1.7257893e-01
 -1.2072624e-01
  1.7931542e-01
 -2.6868439e-01
 -1.5176487e-01
  2.2471349e-01
 -1.7005321e-01
  1.3687378e-01
  6.1783127e-02
 -1.7094350e-01
 -1.1804977e-01
 -1.5834980e-01
 -5.9761053e-01
  1.1086942e-01
 -2.4620819e-01
 -6.6579483e-02
 -7.7600911e-02
  1.7856693e-01
 -3.6748150e-01
 -9.5073402e-02
 -1.5976211e-01
 -9.6193524e-03
 -2.4418741e-02
 -5.1761646e-02
 -1.6761829e-01
  6.7825869e-02
 -1.5979372e-01
  8.4018856e-02
  1.2809602e-02
 -5.0120972e-02
 -3.2443877e-02
 -2.5779644e-01
 -7.0861548e-01
 -2.0493379e-02
 -1.7774755e-01
 -1.3642907e-01
 -4.7203284e-02
  5.5607003e-01
  1.0428181e-01
 -1.5148714e-01
 -1.1400764e-01
  2.7743694e-01
 -3.7862995e-01
 -1.3912852e-01
  1.0215854e-02
  1.2385590e-01
  7.0169983e-03
  2.2645131e-01
 -1.0331826e-01
 -2.3842792e-01
  2.0318115e-01
 -1.1900069e-02
  5.5196289e-02
  1.1594643e-01
 -8.2213081e-02
  7.7381274e-03
  4.0094960e-02
  4.1232622e-01
  1.3807501e+00
 -1.0878241e-01
  7.0156135e-02
  2.8239480e-01
 -4.8383942e-01
 -1.8886153e-01
 -4.3277517e-01
  1.2254657e-01
 -2.1459012e-01
  8.4173061e-02
  1.1404558e-01
  3.8559362e-01
  1.0287332e-02
 -2.1694528e-02
  1.4529364e-01
 -1.1382265e-01
  3.3237094e-01
 -1.3594960e-01
 -1.6927092e-01
 -2.2192663e-02
 -5.1586576e-02
  6.2366140e-01
 -1.3040708e-01
 -2.3863551e-01
 -4.6287950e-02
  3.5308564e-01
 -2.1102641e-02
  2.3260263e-01
  4.1651475e-01
  1.0148872e-01
 -4.8709974e-01
 -1.0349038e-01
  3.9047390e-01
  1.5847214e+00
 -2.2863470e-01
 -8.7691236e-01
 -1.2241142e+00
  1.4421079e+00
  2.0144805e-01
  1.6927754e-03
 -2.7158078e-02
 -2.7069122e-01
  1.0713353e+00
 -1.5292427e-02
 -5.4146957e-01
 -2.6816034e-01
 -2.0887576e-01
 -2.7640751e-01
 -1.5295650e-01
  9.2624515e-01
  2.9687086e-01
 -4.1405566e-02
  4.7712434e-02
 -4.4902438e-01
 -1.9390927e-01
  2.3820521e-01
 -3.4894872e-02
  7.4793570e-02
  4.1354414e-02
 -1.6267280e-01
  1.5970919e-02
  8.3839945e-02
  1.3584602e-01
 -3.0438477e-02
 -9.8285861e-02
 -1.2347123e-01
  7.1155732e-03
  5.0759019e-04
 -1.8218699e-01
 -2.0195107e-01
 -9.4278194e-02
  3.4908794e-02
  2.4045131e-01
  1.9684975e-01
 -1.5718226e-01
 -1.3231285e-01
 -6.1405811e-02
  6.0989279e-02
  1.9586010e+00
  9.5091812e-02
  9.5426366e-02
 -7.8922532e-02
  1.6267744e-01
  2.4008052e-03
 -5.9431707e-03
 -3.9072156e-01
 -1.4046396e-01
 -1.1882570e-01
  7.9685278e-02
 -8.7688960e-02
  3.4166360e-01
 -1.2394868e+00
 -4.7044623e-01
 -4.6012051e-02
 -1.4570716e-02
  3.6144968e-02
  1.4547834e+00
 -2.2961706e-01
 -1.7070608e-02
 -8.9817263e-02
  1.7675109e-01
  9.3147732e-02
  1.0474687e-02
 -3.7092145e-03
  3.1248611e-01
  4.7327675e-02
 -1.1493909e-02
 -2.0210497e-01
 -3.8142227e-02
 -1.2201414e-02
  2.0858411e-01
 -4.4875469e-02
 -1.2559190e-01
  1.8914147e-01
 -2.0083515e-02
 -5.8894899e-02
  1.3812989e-01
  1.1229497e-01
 -8.5679486e-02
 -2.5528278e+00
 -7.2750342e-01
  6.8055117e-03
  2.7805774e-02
 -6.1447691e-02
 -2.1750430e-02
  4.6503559e-02
 -1.4359942e-01
  1.8354563e-02
  5.9062805e-02
  1.8495955e-01
 -1.0579407e-01
  2.4156207e-02
  5.7181059e-03
  5.3966448e-02
  7.4711137e-02
  1.0080521e-01
  1.0278306e-01
  5.4540341e-03
  4.4619098e-01
 -1.7688795e+00
  3.1775775e+00
  4.1998094e-01
 -9.9503422e-01
 -3.4460694e-01
 -1.0686026e+00
 -2.4066354e-01
  7.3554295e-01
  7.4707776e-02
  2.8799185e-01
 -1.5782398e-01
 -4.3368123e-02
 -2.1740431e-01
  2.0180501e-01
  3.9574656e-01
  3.0523098e-01
  1.5389143e-01
  1.6974159e-01
  2.3389267e-02
  2.3631858e-02
  1.7662404e-01
  9.8274807e-03
  9.7639090e-01
  1.3342649e-01
 -8.2839027e-02
  1.7956525e-02
  5.2952006e-02
 -1.6704341e-02
  1.1520699e-01
  2.2800560e-01
 -1.1181080e-01
  5.5356700e-02
  1.3755546e-02
  1.1982857e-01
  1.3516787e-01
  3.0069631e-01
  3.4939945e-02
 -1.7751771e-01
 -4.8045039e-02
 -3.8371966e-03
  5.1948123e-02
  1.5627611e-01
 -3.8980472e-01
  1.3205944e-01
 -5.1814757e-02
 -5.5882144e-03
 -2.1727841e-01
 -4.1759156e-02
 -2.3614901e-01
  2.8987311e-02
 -9.6302234e-02
  1.1392923e-01
 -9.6795298e-03
  7.7301008e-03
  2.0492619e-01
  2.4202803e-02
  3.1532872e-01
  3.1017387e-01
  4.8044082e-02
 -4.3321279e-01
  5.6640065e-01
  3.2950592e-01
 -1.4787742e-01
 -5.0244051e-01
 -4.3489173e-02
 -1.0338469e-01
 -2.1448063e-02
  3.7311070e-02
 -1.2616213e-01
 -1.7060412e-01
 -5.9779659e-02
 -1.4428455e-01
 -1.3588569e-01
 -2.0205846e-01
  6.3619390e-02
  5.3591225e-02
 -3.8957908e-03
 -8.8911101e-02
  1.2669346e-01
  7.6605989e-05
 -1.5420672e-01
 -3.0876747e-01
 -5.0329290e-02
  3.7916946e-01
  5.5614434e-02
 -1.2647395e-02
  2.8088130e-03
  8.3869835e-03
 -1.8212448e-01
 -7.8775823e-02
  1.7177747e-01
  4.0636424e-02
 -1.4703763e-01
 -2.7111141e-02
  9.3298323e-02
 -1.3323334e-01
 -3.2631601e-03
  3.6252819e-02
 -1.1497316e-01
 -9.5777370e-02
 -6.1418854e-02
  9.0424396e-02
 -4.9163602e-02
  4.2564473e-01
  4.9736232e-02
 -5.1349685e-02
 -3.2650742e-01
  1.4883536e-01
 -5.4792434e-02
  1.1365415e-01
 -7.7171214e-02
  1.1453331e-01
  1.3304900e-01
 -1.5307437e-01
 -8.8408619e-02
  1.4993085e-01
  2.9948665e-02
 -1.8768272e-01
  1.1725368e-01
  3.5633345e+00
  3.2093577e-02
 -4.2056754e-02
 -1.7927462e-01
  2.4113240e-02
  1.1700849e-01
  6.2677616e-01
  1.9767027e-01
 -2.7647587e-02
  2.1819255e-01
 -4.8628375e-02
  7.9829536e-02
 -3.5763478e-01
 -1.4030188e-01
 -6.5290958e-02
 -7.4418001e-02
 -1.4976634e-01
  6.9253683e-02
  1.0566744e-01
  1.6043885e-01
  6.0291730e-02
  3.4026615e-02
  3.4037314e-02
 -6.7273676e-02
  1.4636025e-01
  2.5788686e-01
 -6.1658550e-02
  1.9068663e-01
 -9.5486462e-02
  7.4310526e-02
  6.0131863e-02
 -4.5531999e-02
 -2.0869397e-01
  7.6858521e-02
 -1.8689874e-01
  1.5296012e+00
  2.0898352e+00
  6.9926880e-02
  2.1212485e-01
  2.8912562e-01
  1.4879255e-01
 -3.5905939e-02
  6.7205679e-01
  6.8144120e-02
 -2.4973981e-01
  4.2726672e-01
 -3.8314361e-02
  2.4555688e-01
  9.3023503e-01
  1.8034741e-01
  6.9651198e-01
  2.2271748e-01
 -2.9506630e-01
  2.7465370e-01
 -4.1296160e-01
 -2.4665736e-01
  1.6318332e-01
 -1.3138898e-01
  4.1883383e-02
 -2.6078638e-01
 -2.6726666e-01
 -4.1446079e-02
  1.3539263e-02
  4.8244309e-02
 -6.3106470e-02
  9.2389062e-02
 -1.9992237e-01
 -1.1277419e-01
 -1.0597796e-01
 -6.3982397e-02
 -1.7743666e-01
 -2.4627223e+00
 -5.0575241e-02
 -4.7448871e-01
 -3.1513286e-01
 -2.4835132e-01
  3.9337385e-01
 -2.6623115e-01
 -2.5654596e-01
 -3.7127179e-01
 -3.7922850e-01
 -1.6198342e-01
  1.2912102e-01
  2.5876659e-01
  1.4280951e-01
  9.2422344e-02
  1.0229141e-01
  1.2810650e-01
 -2.5483084e-01
 -1.4723659e-02
  1.3157785e-01
  1.1480934e-01
 -5.6286894e-02
 -2.2590369e-01
  4.5555126e-02
 -4.2102799e-02
 -1.7367601e-02
  6.5357521e-02
  2.4002695e-01
  2.6761004e-01
  2.4597664e-01
 -6.2118042e-01
 -4.5927882e-01
  3.1376490e-01
 -2.0683353e-01
  2.1987723e-01
  1.0387107e-01
  3.1376067e-03
  9.5509715e-02
  7.5538009e-02
  5.0002031e-02
  1.1196100e+00
  2.3132393e-01
  1.9870348e-01
 -4.0137753e-02
 -8.2399309e-02
 -2.6274484e-02
  9.2406832e-02
  1.2967262e-01
  3.0181177e-02
  5.7472068e-01
 -8.0862083e-02
  2.7544454e-01
  1.1784509e-01
  3.2889476e-01
 -4.7219478e-02
  6.3531265e-02
  2.3107998e-01
 -3.3532941e-01
 -4.7263712e-02
 -3.9523501e-02
 -8.0539703e-02
  8.7378457e-02
 -4.7812533e-01
  6.3148916e-01
 -6.0407002e-02
  1.1791727e-02
 -1.6752093e-01
 -5.8323149e-02
  4.5822505e-02
  1.8685631e-01
 -1.7017860e-02
 -1.0991223e-01
 -1.4455178e-01
  1.1415873e-01
 -1.5427157e-01
 -1.1945537e-02
  9.8623760e-02
 -8.0049112e-02
 -6.1479151e-02
 -7.2187379e-02
  1.0658827e-01
  4.8422989e-01
 -9.5382974e-02
 -6.8691425e-02
  2.2897868e-01
 -4.9158569e-02
 -3.2460231e-02
 -6.6751488e-02
 -1.9270375e-04
  3.1420368e-01
  1.0862980e-01
  1.9148435e-02
  2.6311992e-02
 -1.5851948e-01
  6.7764357e-02
 -6.6788360e-02
  1.5038085e-01
 -3.3112824e-02
 -1.1002418e-02
 -5.4985318e-02
  1.9087784e-02
 -1.8792527e-03
  1.4158997e-01
  3.7889972e-01
  1.1371260e-01
  4.1601613e-02
  1.3181229e-02
  6.1334483e-03
 -2.8525723e-02
  5.0879028e-02
 -1.4033225e-01
 -4.4442984e-01
  4.1763600e-02
  7.0327424e-02
 -1.3252427e-01
  2.3510371e-01
 -9.1954693e-02
  6.5381750e-02
  1.2897238e-01
 -4.9918126e-02
  1.3228098e-01
 -1.0280547e-01
  1.3610216e-02
 -2.6652444e-02
  6.6725634e-02
  1.3522447e-02
  6.1337151e-02
  7.6416470e-02
  1.7790496e-02
  8.2675032e-02
  4.2712727e-01
 -4.6757728e-02
  4.6074716e-03
  8.1680179e-02
  7.9645902e-01
  3.3718541e-02
  3.4766659e-02
  6.9768243e-02
  4.9505049e-01
  1.6222768e-01
 -1.9582694e-02
  4.2336604e-01
 -1.9891118e-01
  1.7417222e-02
  1.5808238e-01
  3.6099720e-01
 -1.8249057e-01
 -4.5069426e-02
  4.3236073e-02
  9.9245876e-02
  1.7075080e-01
  4.4254228e-02
 -4.7198166e-03
  6.3794208e-01
 -5.1232297e-02
  3.5363376e-01
  1.1514591e-01
 -1.5299468e-01
  1.6403870e-01
 -4.5717683e-02
  1.1402692e-01
  1.0072555e-01
  6.8667054e-02
  1.3459265e-01
  8.7111577e-02
  1.0003740e-01
 -8.5071271e-04
 -3.2435337e-03
  3.6323901e-02
  6.0038496e-02
 -2.0421630e-01
  4.3918122e-02
 -5.8624953e-02
 -7.4493572e-02
  1.0612740e-01
 -3.5492610e-02
  1.2464467e-01
  1.3171828e-01
  4.1317379e-01
  5.3354722e-02
  1.4664781e-01
  1.0916359e-01
 -1.1269972e-01
  2.3848693e-01
 -1.3530386e-02
 -9.9385068e-02
  3.0248625e-02
 -5.7421952e-01
  1.9454373e-01
  2.7189159e-01
  4.6834010e-01
 -8.5890377e-01
  2.2110237e-01
 -1.8887867e-01
  1.6519079e-01
  3.4646606e-01
 -1.9420004e-01
  8.4233388e-02
 -1.4531900e-01
 -1.2197421e-01
  8.2388423e-02
 -1.5861405e-01
  1.8211664e-01
 -6.1589755e-02
  9.3955263e-02
  3.0214882e-01
 -2.0809250e+00
 -4.3557473e-03
 -9.3361586e-02
  2.6410609e-02
 -2.6929799e-01
 -4.1999530e-02
  2.0070638e-01
  1.7423823e-01
  4.1221183e-02
  1.0815074e-01
 -8.7551385e-02
  1.3075794e-01
 -2.2858270e-01
 -2.3225395e-01
 -5.1490672e-02
 -6.6632941e-02
 -4.4055805e-01
  4.8841108e-02
 -3.4712299e-03
  2.0762919e-02
  2.8116329e-02
  1.1529332e-01
 -6.9315553e-01
  9.2635099e-03
  2.9139515e-02
  5.2170165e-02
  1.3669191e-02
 -1.3544802e-01
 -6.9715731e-02
  9.0209894e-02
  3.0135127e-02
  6.3805364e-02
 -3.5408609e-02
 -4.4996925e-02
  1.8338442e-01
 -6.0708898e-01
  5.4877979e-01
  3.3845186e-01
 -1.8083892e+00
 -1.0729221e+00
  2.2334476e+00
  1.6078223e+00
  3.3967009e-01
  2.8621740e+00
 -3.2521352e-01
 -9.2198813e-01
  1.2800907e-01
  1.4229594e-01
 -1.4362982e-01
  1.5535031e-01
 -4.4460639e-01
  2.2366703e+00
 -1.8430200e-01
  2.6466149e-01
 -1.5047888e-01
 -6.5329987e-01
 -1.6580999e-01
 -1.3974573e-01
  1.2920331e+00
 -2.8699517e-01
  4.9498489e-01
 -3.6750919e-01
  9.9264430e-03
 -9.1862780e-01
 -9.0070873e-01
  1.3645692e-02
  3.5367334e-01
  1.0543520e+00
  4.6793529e-01
 -2.3790634e-01
  1.0481407e-01
 -3.3810520e-01
 -4.4462606e-01
 -1.5132716e+00
 -1.9339438e-01
 -3.4780228e-01
  1.2200595e+00
  6.8519604e-01
 -2.5809172e-01
 -1.1663874e-01
  1.7620362e-01
 -5.9700370e-02
 -5.3861961e-02
  8.0046400e-02
 -2.3831839e-02
 -2.8316370e-01
 -1.7409468e-02
  3.5424531e-02
 -1.7574908e-01
  3.7970334e-01
 -1.0426757e+00
  1.6149889e-01
 -1.0849437e-01
  1.5927581e-01
 -7.2494082e-02
 -1.7652755e+00
  7.5146621e-01
  5.2456838e-01
 -1.3205226e-01
  7.9076411e-03
 -9.4568036e-02
  2.8406450e-01
  7.8370407e-02
  4.0642989e-01
  3.7706104e-01
  2.1789244e-01
 -1.0693227e-01
  5.7867616e-02
 -2.7847391e-01
 -5.7431406e-01
  1.5227166e-02
 -4.6706995e-01
  1.2206667e-01
 -2.5429356e-01
 -2.3112503e-01
 -1.9783700e-01
  5.6632873e-02
  1.4205393e-01
  1.2118340e-01
  2.0415695e-01
  4.1245654e-01
  2.1870775e-02
  1.1978832e-01
 -1.9194157e-01
  6.7672789e-02
  1.5163238e-01
  2.1282645e-01
 -4.5280987e-01
  1.0956025e-01
 -1.0051655e-01
  2.1344389e-01
  5.0865453e-02
 -1.9478865e-01
  1.4114474e-01
 -1.1103036e-01
  3.0223018e-01
 -1.4874126e-01
  3.6798164e-02
  3.4392810e-01
 -2.1190076e-01
  1.7634231e-01
  4.5505121e-02
 -1.5199417e-01
 -1.5162107e-01
  2.8611186e-01
  6.2933698e-02
  2.2596763e-01
  2.6275208e-02
  6.9203593e-02
  6.8414822e-02
  3.4690443e-01
  1.5094270e-01
  7.3634475e-02
  4.7148671e-02
 -2.2634855e-02
  1.2637171e-01
 -1.2427004e-02
  6.7890920e-02
  1.0351892e-01
 -5.8948074e-02
 -2.8962553e-02
 -8.3140469e-01
 -9.0115063e-02
 -8.1002107e-03
 -7.9496372e-01
  1.1953460e-01
  3.3310439e-02
  4.3811999e-02
  4.8367705e-02
 -6.2416434e-02
 -1.7127201e-01
  5.8783925e-01
 -9.5241684e-03
  4.2286076e-02
 -4.5466080e-02
  6.8487324e-02
 -1.5779903e-02
  4.5821860e-02
 -4.2526290e-02
  7.6889291e-02
  9.5805991e-01
 -5.8466528e-02
 -8.4680729e-02
 -7.0601702e-02
  1.9470358e-01
  2.0645337e-01
  7.2987534e-02
 -2.5909171e-01
  4.8336387e-02
  2.8139925e-01
 -1.8709363e-01
  8.8442498e-01
 -5.4287467e-02
  1.3669485e-02
  2.9543942e-02
  5.6231253e-02
  1.0027229e+00
  4.4588092e-01
 -3.1742355e-01
 -7.7410035e-02
  1.9974265e-01
  2.4875107e-01
 -4.2810291e-02
  5.6021601e-01
 -6.5266782e-01
  7.4424058e-01
  3.1974748e-01
 -1.3284928e-01
 -2.4951902e-01
 -4.7914347e-01
  9.3093103e-01
  1.4508501e-01
 -3.2397279e-01
  6.8196863e-02
 -7.6816678e-02
  6.4053766e-02
 -1.9854425e-01
 -1.9249281e-01
  1.1618754e-01
  8.9213677e-02
  3.5955110e-01
 -2.9604852e-01
  7.0809054e-01
 -4.0793985e-02
  2.1944261e-01
  1.2196847e-06
 -5.2587456e-01
 -4.9206698e-03
  1.3785318e-01
 -4.2141360e-01
 -2.4752130e-01
 -2.7762473e-02
 -1.6722170e-01
 -1.3954945e-01
 -3.0515051e-01
 -3.9455849e-01
 -1.6257755e-01
  1.6733242e-02
  8.1915617e-02
  1.8571554e-01
  9.5610350e-02
 -7.4649282e-02
  1.3963534e-02
 -4.5558564e-02
 -1.3962315e+00
  7.2193243e-02
  3.0580629e-02
 -8.9393027e-02
 -1.5106764e-01
 -7.4325070e-02
  4.4149098e-01
  2.2014180e-01
  8.6146760e-01
  1.4110683e-01
 -4.4536293e-01
 -8.1464469e-02
 -4.6071833e-01
 -9.5298231e-01
  7.1516788e-01
  4.0749994e-01
 -1.5896431e-01
  1.0930839e-01
 -4.6161208e-02
  8.0216512e-02
 -9.9036887e-02
 -3.7250823e-01
 -4.2000119e-02
  1.5819237e-02
  2.3935428e-01
  3.7025198e-02
 -3.4496844e-02
 -1.2264618e-01
  1.8790147e-01
  3.9488223e-01
  7.8075103e-02
 -1.3811660e+00
  9.1295049e-02
  2.7065808e-01
  1.4693167e+00
 -1.5105182e-02
  8.4007829e-01
  4.4517029e-02
  3.6986130e-01
 -2.8982788e-01
 -1.0570887e-01
  1.6102500e-01
  1.7581598e-01
 -1.1732427e-01
  2.4074288e-02
 -1.2747918e-01
  1.3777888e-01
 -2.0319631e-02
 -3.1465866e-02
  3.8366467e-02
  9.0056829e-02
  2.6351532e-02
 -1.0977269e-01
  4.0115967e-02
  1.8842760e-01
 -1.1386807e-01
 -1.0024314e-01
  2.4829492e-01
  1.9474353e-01
  1.5714127e-01
 -1.7056298e-01
  1.7571333e-01
  2.3417156e+00
  3.0027494e-02
 -3.0197111e-01
 -5.4097909e-01
  2.5395352e-01
 -1.0333314e+00
 -2.9573042e+00
  7.5056213e-01
  7.8613922e-02
  1.0722232e-01
 -1.3850829e-01
 -2.5145081e-01
  1.1636744e-02
  3.9725758e-02
  4.0307930e-03
  1.4551273e-01
 -1.1308391e-01
 -1.9306444e-01
  7.4743398e-02
  7.3258914e-02
 -2.0358416e-01
 -5.1454458e-02
 -2.9353219e-01
 -1.0716973e-01
  1.5371677e-01
 -5.9216615e-02
 -3.1212425e-02
 -1.8827428e-01
  7.5143360e-02
 -2.2680350e-02
  1.8954475e-01
  2.5897151e-01
  1.7980203e-01
 -1.4264746e-01
 -1.1108022e+00
 -8.4046364e-02
  3.9038029e-02
 -3.3357378e-02
 -7.5685638e-03
 -9.1358602e-02
 -3.6283582e-02
  4.8191071e-02
  4.2601578e-02
  4.1981009e-03
 -4.8201033e-03
  2.5793899e-02
  1.8938324e-01
  2.9584475e-02
 -3.8480118e-01
  2.8338477e-01
 -3.2596952e-01
 -2.8421491e-01
  6.8364903e-02
 -1.0515664e-01
  2.3177637e-02
 -2.3302233e-02
 -1.2655762e-01
  4.4896517e-02
  1.5195805e-01
  6.5590009e-02
 -1.5101184e-01
  9.6411601e-02
  2.9975394e-02
 -3.7829664e-01
 -1.4761221e-01
  4.1421899e-01
 -8.5273400e-02
 -6.4656541e-02
 -8.9396089e-02
 -3.9440656e-01
 -9.3652725e-02
 -4.7515091e-01
  1.5449284e-01
 -1.0806362e-01
  1.0418434e+00
 -2.2664916e-02
 -1.9203074e-02
 -3.5856783e-01
  8.9697704e-02
 -9.5966041e-01
  5.9417236e-01
  1.1247806e-01
 -6.1836485e-02
  6.8083531e-03
  1.0485559e+00
 -5.8991157e-02
  9.5042765e-02
  2.0318659e-01
 -2.2525091e-02
 -1.2674950e-01
  2.2268838e-01
 -3.6001813e-02
 -1.3132557e-01
 -1.1198924e-01
  2.9504145e-02
 -4.3890825e-01
 -2.3242434e-02
 -2.6861900e-02
 -8.8528739e-03
  1.2951641e-02
 -2.4080893e-02
  1.1235435e-01
 -4.2045536e-03
  8.6354706e-03
 -1.2231690e-01
 -7.6663621e-02
  1.5511231e-02
 -6.9123185e-01
  3.1727472e-01
 -6.0543448e-01
 -3.7496281e-01
  8.5720502e-02
  3.8949627e-01
  3.8232174e-02
 -2.9528037e-01
 -3.0682048e-01
 -1.8597357e-02
 -3.1322044e-01
  1.9592364e-01
  3.8708121e-02
 -1.7285891e-02
 -2.7053189e-01
 -1.3296288e-01
 -1.4111918e-01
 -1.2060785e-01
  6.8430126e-02
 -2.4258612e-01
 -2.2475731e-01
 -1.0640217e-01
 -6.9091640e-02
 -7.6202402e-04
  1.3714246e-01
 -5.3851247e-02
  2.1948283e+00
 -1.0811195e-01
 -1.0035551e-01
 -3.3537634e-02
  2.3461748e-02
 -1.5005730e-01
 -1.4094025e-02
  9.1706552e-02
  6.1264548e-02
  2.7602401e-02
 -2.5975738e-02
 -1.7628095e-01
  7.4962884e-02
  6.2107373e-02
 -1.3972250e-01
 -7.6208144e-02
 -1.0591245e-01
 -7.1377754e-02
  1.1007919e-01
 -2.2655919e-02
 -6.6593498e-02
  1.9929610e-02
 -8.7712474e-02
  1.5256853e-02
 -1.5690489e-01
  9.8779619e-02
 -2.7256541e-02
 -3.2892421e-02
  9.3002804e-02
  1.8880311e-01
  1.9721387e-01
  1.3482663e-01
  9.3436487e-02
  4.0370795e-01
 -2.8682344e-02
 -1.7326245e-01
  2.6469982e-01
 -2.0020688e-01
 -3.5067660e-01
  2.1575567e-01
 -4.3266688e-02
  9.9529780e-02
  4.4373862e-02
 -2.3889428e-01
  7.8039624e-02
 -2.0613298e-01
 -1.6896488e-01
  9.4994958e-03
 -8.8747121e-02
 -1.5478174e-01
 -1.4952587e-01
  2.8812455e-02
  7.2669637e-01
 -3.7549204e-01
 -8.9224897e-02
 -2.8187919e-02
 -1.1644635e-01
 -1.6007061e-01
 -1.0870550e-01
 -3.3647791e-02
  4.0243077e-01
 -2.0243349e-02
 -6.7380453e-03
  7.2290720e-03
  4.1228041e-02
 -2.4698153e-01
 -7.7498311e-01
  1.9609533e-01
  6.5220052e-01
 -3.3180955e-01
 -7.6447368e-02
 -6.1761593e-03
  6.5311953e-02
  1.0506868e-01
  3.7140444e-02
  2.6655185e-01
 -2.1881501e-01
  1.5315568e-01
 -1.5268153e-01
  4.2342033e-02
 -4.2943114e-01
  6.7918703e-02
  4.7790995e-03
  6.3726491e-01
 -1.1450341e-01
  1.0426620e+00
 -1.6423387e-02
  1.0718051e-01
  5.1901907e-01
 -7.8316793e-02
  1.8230584e-01
  2.9240955e-02
  2.2040229e-01
  1.6182788e-02
  1.5091008e-01
  1.2174696e-01
  1.9107649e-01
  5.4677483e-02
 -2.4436833e-02
  3.4661128e-03
 -9.6722133e-03
 -2.5974741e-02
 -2.5615957e-01
 -1.1104038e-01
  1.9459963e-01
 -4.0128257e-02
  3.5279326e-03
  1.1145501e-01
  7.1927465e-02
 -1.1544424e-01
 -3.5228651e-02
 -8.8987850e-02
 -3.2099432e-01
 -1.4851081e-01
 -2.2179093e+00
 -2.6362448e+00
  1.6713083e-01
  1.7167306e-01
 -5.1807579e-02
  2.3524900e-01
 -2.2287868e-01
 -6.3073523e-02
  1.6706325e-01
  7.6548591e-02
 -1.6461180e-01
  9.3693197e-02
  3.2058000e-03
 -6.2346056e-02
  1.6095527e-01
 -2.0261036e-02
 -5.5347554e-02
 -5.9123639e-02
 -2.2001836e-02
 -1.2835036e-01
 -6.0972139e-02
  7.9444125e-02
 -1.8878831e-01
 -4.0169942e-01
 -1.7145538e-01
 -2.8971821e-02
  7.5070208e-01
 -2.7815759e+00
 -1.5931445e-01
  1.6791252e-02
  9.8500043e-02
 -6.3160792e-02
 -3.1271863e-03
 -1.5994726e-01
 -1.9023173e-01
 -3.1545863e-01
 -4.8239209e-02
  4.9279843e-02
 -4.1099902e-02
 -7.1850151e-02
 -1.9001348e-03
 -1.8533497e-01
  2.4499638e-02
  5.3161062e-02
  1.0883068e-01
  3.5978174e-01
 -2.2312062e-02
 -9.3763478e-02
  1.8933339e-02
  3.2359496e-01
  1.5452248e-01
 -3.3580367e-02
 -1.2945873e-01
 -5.7035685e-01
 -8.7348446e-02
  2.1717574e-02
  2.6745313e-01
 -1.1098759e-02
 -2.6363332e-02
 -1.7376043e-01
 -1.3020366e-01
 -3.9112273e-01
 -1.3015133e-01
  2.0960294e-02
  2.8520283e-01
 -1.0314984e-01
  4.7204158e-01
 -9.7939573e-02
 -1.3346762e-02
 -1.7721659e-01
 -1.1407496e+00
 -1.9280234e-01
  1.2270799e-01
  8.2138546e-02
 -9.1928402e-03
 -1.2643267e-01
 -1.9683196e-01
  6.9874340e-01
  6.9153154e-01
  2.5999653e-01
 -9.2136586e-01
 -1.7818068e-01
  3.2114765e-01
 -5.2735977e-02
  4.7628668e-01
 -2.3619251e-02
  1.9649549e-01
  2.2137871e+00
  1.7351975e-01
  7.5967340e-03
 -3.5440823e-01
 -1.4112571e-01
 -3.7867635e-02
  2.3433687e-02
 -1.6702503e-01
  1.9567758e-01
  1.9075863e-01
  1.7089950e-01
  2.0577999e-02
 -4.1234504e-02
  5.4464549e-02
  4.0328976e-02
  2.5207767e-01
 -6.6317983e-02
 -8.7497398e-02
 -1.2539598e-01
  1.2775341e-01
  3.3049178e-01
 -1.1536646e-01
  7.1027778e-02
 -1.3598627e-01
  1.3031685e-01
  1.1857809e-01
 -9.0336010e-02
 -1.0009161e-01
  1.2929356e-01
 -2.6046019e-02
 -1.3769788e-02
 -4.4832267e-02
  1.1428602e-01
  1.6727559e-01
  4.1243448e-03
 -3.6500636e-02
 -6.5590821e-02
  6.5864496e-02
  5.3135373e-02
 -2.3482855e-01
 -6.0817186e-02
 -7.7146087e-03
 -7.8428172e-02
 -1.2071806e-01
  1.1970895e-01
  2.6799926e-01
 -4.7295224e-03
  8.5750259e-02
 -1.7854242e-02
  8.2054818e-03
  4.0717331e-01
  1.3345608e-01
  4.0901420e-03
  1.6714646e-01
  1.1391358e-01
  8.3391048e-02
 -6.6220149e-02
  1.3586657e-01
  1.1662954e-01
 -2.8992282e-02
 -6.7468993e-02
  2.5274936e-02
  1.6218768e-01
  1.3174403e-01
  1.2006006e-01
 -1.8186496e-01
 -1.2163015e-01
  2.3803681e-01
  2.1798679e-01
  3.0552022e-02
 -6.6588357e-02
  4.3525569e-02
 -8.3051741e-02
 -4.4934511e-02
  7.0816851e-01
 -5.4606117e-02
 -2.1578486e-01
  6.3191545e-03
 -6.9905914e-02
  1.7472458e-01
 -5.2646652e-02
  1.4747700e-01
  5.7532415e-03
 -9.3809612e-02
  8.0380745e-02
  1.1165102e-01
 -4.4495609e-02
 -5.6273007e-04
 -1.3726355e-01
 -1.1131127e+00
 -2.2704633e-01
  3.3044022e-01
  9.0191014e-02
 -4.5673687e-02
  1.0235389e-02
 -9.8505735e-02
  2.7725959e-01
  4.0465370e-02
  1.3793530e-02
 -1.4947112e-01
  9.0402529e-02
 -2.2270314e-01
 -4.7518104e-02
  2.5663670e-02
 -1.9087130e-02
 -5.7711292e-02
  2.8344798e-01
  4.6767283e-02
 -8.3889186e-02
  8.3692394e-02
  4.9530643e-01
  5.1816661e-02
  1.2886043e-01
 -1.9088760e-01
  8.1975564e-02
 -3.5553548e-02
  1.5027716e-02
  1.2983269e-02
 -1.2350017e-01
 -3.9000679e-02
 -1.4917512e-01
 -1.7588392e-02
 -1.1729354e-01
  1.0434718e-01
  1.4066042e-01
  4.4680533e-01
  2.8674342e-03
  2.1683776e-03
 -3.7962426e-02
 -9.2591748e-02
 -3.8573241e-03
  1.1440432e-01
  1.4450549e-01
 -9.4953366e-02
  5.3816121e-03
 -1.8295948e-01
 -9.4365209e-02
  8.6358011e-02
 -1.8250537e-01
  3.7526676e-01
 -9.1716386e-02
 -3.6584589e-01
  2.1822093e-02
  4.4462673e-02
  1.8762913e-02
 -2.2422154e-01
 -2.3755465e-01
  9.7752705e-02
  1.1684620e-01
  7.1113907e-02
  8.2062644e-01
 -2.5250227e+00
  2.0400783e-01
 -4.4335249e-01
  1.3469490e+00
 -8.3342463e-01
 -2.7954471e-01
 -2.5180960e+00
  3.5071287e-01
 -8.5399199e-01
 -1.0192161e+00
  9.6025527e-01
  1.8508056e+00
  5.1198292e-01
  6.2080342e-01
  2.1564964e-02
 -2.1282597e-01
 -2.9279652e-01
  2.6356175e+00
 -6.9192566e-02
 -3.2063324e-02
 -7.9301029e-01
  5.6221932e-02
 -1.1387497e+00
 -1.0161633e+00
 -7.1490139e-01
  1.6198796e+00
  1.1735516e+00
  1.8169153e-01
  1.5241933e+00
 -9.3542188e-01
 -8.6682743e-01
  7.6639020e-01
 -1.9904627e-01
  1.8285260e-01
 -1.3184242e+00
 -1.9369693e+00
 -6.0653031e-01
  2.5534198e-02
  1.4240943e-01
 -3.0883923e+00
 -4.9540964e-01
  2.4293314e-01
 -2.2550180e+00
  6.2303066e-01
  7.4415058e-01
  6.8969983e-01
 -3.7097961e-03
  4.3115017e-01
 -1.4559839e+00
  7.8187472e-01
 -3.9577432e-02
 -4.8430669e-01
  1.5817599e-01
  1.4607991e-01
 -2.4724688e-01
  6.0143906e-01
  3.1122756e+00
  1.2940212e-01
 -3.4010825e-01
 -1.3383280e-01
 -1.1260788e-01
 -1.6566222e+00
  5.9922826e-01
  1.3940206e-01
  5.7291645e-01
 -9.1600668e-01
  6.8536949e-01
 -5.9659648e-01
  2.6266713e+00
 -1.4176338e+00
  6.0155608e-02
 -1.8934671e+00
 -1.3704233e-01
  4.5373315e-01
  6.1517799e-01
  6.0706407e-01
 -3.1491521e-01
 -3.4502134e-01
 -2.2782080e+00
  3.1515878e-02
  5.3059354e-02
  3.1526116e-01
  1.3041437e-01
 -1.0743593e-02
  3.4511107e-01
 -1.4242278e-01
  2.9707640e-01
  4.9507685e-02
 -5.6088471e-01
  1.2045988e+00
  2.6874721e-01
 -9.5421419e-02
  3.0350733e-01
 -1.7289072e-01
 -1.3915625e-01
 -8.5244715e-02
 -9.9940509e-02
  2.1623399e+00
 -2.5587291e-01
 -4.7894457e-01
  1.4035279e+00
 -7.9476498e-02
  1.8726683e-01
 -8.1925505e-01
  3.1719342e-01
  2.5739783e-01
 -1.4197741e-01
 -1.5412305e-01
 -8.5653710e-01
  1.0978234e+00
 -2.2487342e+00
  4.6285465e-01
 -1.5285503e+00
  4.9969280e-01
 -5.3206156e-03
 -5.7077970e-02
  3.8441864e-01
  1.9265017e-02
 -3.9581131e-02
 -3.9915702e-01
  4.7995546e-01
  2.4309641e-02
  5.2122420e-01
 -2.8268003e-01
  8.2534902e-02
  1.1218203e-01
  1.4181569e-01
  3.2352719e-01
 -1.0535228e+00
  5.0887680e-01
  5.0075755e-02
  4.9410343e-01
  1.1167584e-01
  1.2774083e-01
 -1.7458770e-01
  3.1900844e-01
 -3.9875555e-01
  2.0369111e-01
  1.2827853e+00
 -1.2384461e-01
  3.3335392e-03
 -1.0066279e+00
  1.4367720e-01
 -4.2973328e-02
  3.8067496e-01
  5.3753865e-01
  3.8484299e+00
  1.9568744e+00
 -1.7234142e-01
 -1.1060898e+00
  3.0749410e-01
 -2.2427081e-01
 -4.6892807e-02
 -1.1776371e-01
 -4.0477049e-01
 -1.3789351e-01
 -1.0574351e-01
  8.1427634e-02
  3.4545973e-01
  7.3103823e-02
 -1.8116652e+00
  1.8480502e-01
 -7.2461027e-01
 -2.1082708e-01
  5.4065734e-01
  2.9774430e-01
  1.3818534e-01
  1.8286271e-01
 -1.0590367e+00
  1.9979189e-01
 -4.0692315e-01
  6.2112812e-02
 -1.4728133e-01
 -5.4135609e-01
  3.2028854e-01
 -4.1048133e-01
  5.5476052e-01
 -6.4090484e-01
 -6.9918647e-02
 -5.2716170e-02
  8.0373265e-02
  9.0215970e-03
  1.4891762e-01
  9.8070037e-03
 -1.0095667e+00
 -1.2160688e-02
  2.2791672e-01
  1.4501302e-01
 -4.1085556e-02
  1.8785439e-01
  2.9316455e-01
 -2.2061595e-01
 -3.8162962e-01
 -7.0095122e-02
  1.6506205e-01
  2.0557509e-01
  3.2266518e-01
  3.5455683e-01
  1.8131864e-01
  2.3801696e-01
 -4.3628639e-01
 -9.5295928e-02
  1.1283888e-01
  4.3230307e-01
  8.7164484e-02
  3.5777447e-01
  6.1576772e-02
 -4.4253919e-01
  1.3034669e-01
  1.1289635e-01
  3.2336850e-02
  3.7952340e-01
 -3.7164804e-02
 -1.1363443e-01
 -1.8120344e-01
 -2.1145675e-01
  8.6962126e-02
 -2.3245361e-01
  1.6562505e-01
  7.8713268e-02
  1.6325794e-01
  1.0444451e-01
 -1.3144933e-01
  1.7913024e-01
 -3.0225258e+00
  1.2901150e-01
  2.1619627e-01
 -2.9056421e-02
 -3.4474794e-02
  8.4571376e-02
 -1.1902370e+00
 -1.9055216e-02
 -4.8194304e-03
 -1.2343392e-01
  2.2392336e-01
  2.5413684e-03
 -1.2823118e-01
  1.4204291e-01
 -1.8596007e+00
  2.4375589e-01
  7.4148640e-02
  5.1714994e-02
  1.3051035e-02
 -1.9313604e-02
 -9.7289205e-01
  9.5311537e-02
 -1.3399348e-01
 -6.0176130e-02
  3.2008618e-01
  1.0434057e-01
 -1.4547035e-01
 -4.3816042e+00
  1.5064542e-02
  6.5687388e-02
  3.0580126e-02
 -1.0228212e+00
 -9.6941870e-01
  1.5632169e-01
 -2.9005986e-02
 -5.3947172e-03
  1.4131173e-01
 -1.3830271e-01
  1.2360327e-01
  1.8104343e-02
  3.2588694e-02
 -2.7786747e-01
  4.8085172e-02
  1.3563633e-01
 -1.5465489e-01
 -7.9994619e-01
  1.9109011e-01
 -1.4321367e-01
 -1.4696570e-01
 -7.0358491e-01
 -3.3612747e-02
 -6.1132169e-01
  3.2736519e-01
 -1.0231271e+00
 -3.1143228e-02
  1.2734827e-01
  1.0168689e-01
  4.4085473e-01
  1.4645490e-01
 -1.8617167e-01
 -2.0192875e-02
  1.8047218e-01
  3.1909984e-01
  5.7555485e-01
 -9.1876931e-02
  2.4600431e-01
  5.0434206e-02
  1.2209690e-01
  1.1728490e-01
  2.2977749e-01
  3.2486451e-01
 -1.6253042e-01
 -2.0214438e-01
  2.0318933e-01
  1.0788764e-01
  1.0254872e+00
  1.6342381e-02
  1.2314594e-01
  2.7749604e-01
  7.0459187e-02
  5.4397214e-02
  4.5168263e-01
  4.2892021e-01
 -1.7968711e-02
 -1.3552948e+00
  1.2575871e-01
 -3.9939424e-01
 -1.1785443e-01
  3.3905517e-02
  1.0247900e-01
  5.2789558e-02
 -2.2835720e-01
  4.6850523e-01
  1.0047111e-01
  2.2657639e-01
  1.2771975e-01
 -2.4468681e-01
  5.0054062e-02
  2.5183147e-01
 -2.0939472e-01
  7.8269827e-01
 -1.2399806e-01
 -3.9407890e-02
  1.1248055e-01
 -2.0310414e-01
 -5.7198590e-01
  7.6820254e-02
 -8.7432486e-01
  9.2975684e-03
 -7.1332805e-02
  5.5121976e-01
  2.0147331e-01
  3.6489949e-01
 -6.7961246e-02
  1.1685885e-01
 -1.0046982e-01
 -8.9522451e-01
 -9.1786936e-02
 -1.2084742e-01
 -1.8951805e-01
 -1.5623452e-01
 -1.3985053e-01
 -1.6296625e-01
  8.5723169e-02
  1.9181056e-04
 -5.5635870e-01
 -2.3002608e-01
  2.6014653e-01
 -4.0533799e-03
  7.4665528e-03
 -3.7448627e-01
  1.3063908e-01
 -5.1465988e-02
  1.5428206e-01
  4.8395906e-02
 -3.9651543e-01
  2.0209382e-01
  1.6778837e-01
  1.6511098e-01
 -6.1662957e-02
  8.2038099e-01
  2.2496590e-02
  6.2211078e-02
 -1.9097272e-02
  2.6049864e-02
  3.8510613e-02
 -6.5158331e-01
 -1.8688724e+00
 -2.8953182e-03
  2.0559591e-01
 -1.2952765e-02
 -9.1614179e-02
  9.2278039e-01
 -5.4274297e-01
  1.2375648e-01
  8.3881237e-02
  2.0523731e-01
 -2.0577821e-01
 -6.5543687e-01
 -7.5303406e-01
 -5.5009726e-02
 -7.1682918e-01
  1.1019047e+00
  1.4157867e-01
  1.3941231e-01
  2.3553118e-01
  7.7712260e-02
  1.9196348e-01
  1.0491556e-01
 -1.9677393e-02
  1.7669460e-01
 -4.5590797e-01
 -1.9838218e-01
 -2.2350891e-01
 -8.9348748e-02
  1.7159097e-01
 -4.3435952e-01
  1.2110411e-01
 -6.1400515e-01
  1.9550167e-01
  1.0446472e-01
  1.8642734e-01
  1.2428121e-01
 -8.4577042e-01
 -1.7309666e-01
  1.2400867e-01
 -2.2338016e-01
 -2.5388840e-01
 -2.5214463e-01
 -4.1196290e-01
 -1.1700232e-01
 -2.3483169e-01
  9.7668312e-02
  2.1726148e-02
 -1.2825357e+00
 -2.3878505e-02
 -5.3453803e-02
  2.0492899e-03
 -5.2960849e-01
  1.2760296e-01
  6.6210043e-01
  9.7728223e-02
  1.1166911e-02
 -4.3407169e-01
 -1.1524042e-01
 -3.0334871e-02
  4.9520325e-02
 -2.4384858e-01
  1.3032821e-01
  1.5373783e-01
 -3.0704609e-01
  4.3848281e+00
 -4.1078278e-01
 -1.1944461e-01
 -1.5831991e+00
  2.5328147e-01
  2.2864202e-01
 -1.4979382e+00
 -7.6420739e-02
 -4.0912744e-02
  9.8080017e-02
  2.0617547e-02
  7.0432276e-02
  4.1933887e-02
  1.3591392e-01
 -6.1912812e-02
 -1.1850128e-01
 -1.3429897e-01
 -5.8469571e-02
 -2.2363473e-01
  4.0525507e-02
 -4.5429260e-02
 -2.3038465e-01
  5.9366989e-01
 -1.4925481e-01
  2.6210824e-02
 -2.5228271e-01
 -2.1699570e-01
  3.9815480e-01
 -7.5112030e-02
 -4.1725689e-01
  1.4236115e-01
  3.6919162e-01
 -4.5210676e+00
  2.9697028e-01
 -9.7976990e-02
  2.7481416e-01
 -1.1589019e-01
 -1.4062158e+00
  1.0583297e+00
  4.7280833e-01
  1.2889050e-01
  9.8955911e-03
  2.3376884e+00
  1.6909447e-01
  4.6838395e-02
 -1.5797798e-02
  1.0220035e-01
  1.3963141e-01
  4.5863885e-02
 -6.5324211e-01
  2.4629451e-01
  3.0082880e-02
  1.3794488e-01
  1.1215447e-02
 -5.1169181e-01
 -6.3862562e-02
 -5.6703174e-01
  1.1364178e-01
  2.4565602e-02
 -4.6549965e-02
 -2.5091136e-01
  8.6011834e-02
  1.4212827e-01
 -4.5335814e-03
 -4.5004871e-02
 -7.4421607e-02
 -9.7078785e-02
 -1.3328302e+00
  2.2175698e-02
 -2.1973513e-01
  2.1292391e-01
 -6.4900897e-02
  1.5868452e-01
 -1.8586983e-01
  2.6421174e-01
 -4.5837365e-02
  2.6870757e-01
 -4.7457270e-02
  2.8170881e-01
 -2.6773751e-01
  3.8549829e-02
 -1.4630544e-01
  3.2105038e-01
  1.3842206e-01
 -4.5533505e-01
  8.7263184e-03
  7.7861500e-01
 -1.3410473e-01
  3.1626749e-01
 -9.0323076e-02
  3.4839634e-02
 -2.6607653e-01
 -5.1458042e-02
 -8.6108565e-02
  8.9513220e-02
  1.5773304e-02
  7.5045712e-02
 -2.5302779e-02
 -9.0528674e-02
  2.5614034e-02
  2.3245831e-01
 -3.1267274e-02
  5.1473405e-02
  8.4261931e-02
 -9.3448019e-01
 -4.2762333e-01
 -2.3603456e-01
  2.7876166e-01
  3.5418379e-01
 -1.9880635e-01
 -3.7670311e-01
  5.0148111e-02
  1.5236871e-01
  5.8497989e-01
  2.0220982e-01
  8.2457250e-01
  7.7711266e-01
  4.4654149e-01
  1.4530048e-01
 -5.5834949e-02
  1.2229057e-01
  2.4296135e-01
 -4.0958038e-01
  2.2811902e-01
 -3.8771051e-01
 -1.4973456e-01
  1.8280621e-01
 -5.3061765e-01
  4.8403296e-01
 -8.8906795e-02
 -2.6995959e-02
 -5.8034503e-01
  8.8685316e-01
 -2.0811902e-01
 -1.6335608e-01
  1.2439106e+00
  1.6030014e-01
  2.5208926e-01
 -2.2075157e-01
  2.0628867e+00
 -3.0622875e-02
  2.2707772e-01
  4.4557456e-02
 -3.3117965e-02
  1.2941544e-01
 -3.9440054e-01
 -4.4008821e-02
 -5.3737962e-01
  2.2419098e-01
 -3.0031273e-01
  1.7651142e-01
 -7.6287083e-02
  1.8447588e-01
 -7.1006671e-02
 -6.6089243e-01
  1.4930409e-01
 -3.4991533e-02
  2.2401604e-01
 -4.4548873e-02
 -3.3179876e-01
 -1.2821995e-01
 -1.3953009e-01
 -3.3666366e-01
 -1.7839208e-01
  2.0238991e-01
 -2.5550124e-01
  4.4377661e-01
 -2.1130185e-01
 -3.2164268e-02
 -2.0076817e-01
 -1.7183861e-02
  1.2633714e-01
  1.9846483e-01
 -8.0096886e-02
 -6.7601964e-02
  1.1439969e-01
  8.6821457e-03
 -7.2694761e-01
  1.0486387e-01
 -1.3527025e-01
  8.0982298e-03
  2.3034321e-01
 -1.0603756e-01
 -8.8050857e-02
  2.8260568e-01
 -1.2977456e-01
  2.9076636e-01
 -8.0610400e-01
  1.4825784e-01
  3.5789924e+00
  1.9632134e-01
 -2.7016479e-01
 -9.3564384e-02
 -5.0229353e-01
 -6.5653402e-01
 -2.6435134e-01
  1.9401041e-01
 -8.5271992e-02
 -8.2184121e-02
 -9.1481954e-02
  1.5583586e+00
  6.1321950e-01
  1.9765639e-01
 -4.3639544e-01
 -7.4246064e-02
  2.7950680e-01
 -2.8397485e-03
 -2.2484621e-01
 -5.6400549e-02
  2.4343961e-01
 -1.4780949e-01
  2.9794213e-01
 -2.9950005e-01
  3.9782685e-01
 -2.0749193e-01
  5.4946481e-03
 -2.7297381e-01
  4.3489538e-02
  2.0868576e-03
 -9.1403864e-02
  3.8829738e-01
  8.7011766e-01
 -3.2269013e-01
  7.7506676e-02
 -7.5385928e-02
 -1.3827776e-02
  5.0516231e-03
 -1.1996732e-01
  2.0929074e-01
 -1.3844979e-01
 -1.1968011e-01
  7.0510067e-02
 -1.5541421e-01
 -3.4142047e-02
  1.0159291e-01
  1.4740857e-01
 -6.8996303e-02
  2.0503063e-01
  4.7252597e-03
  5.3084087e-01
  6.4724974e-02
 -5.0980367e-02
  1.3577698e-01
 -6.2745102e-03
 -7.2680384e-02
 -7.8722648e-02
 -3.8943273e-01
 -4.2855967e-02
 -7.0818049e-01
  1.0749246e-01
  4.6347540e-02
  9.7326972e-02
  1.5421603e-02
 -2.3446038e-02
 -3.3916023e-02
 -1.2966841e-01
  1.8779981e-01
 -1.0093726e-02
 -1.5058608e-01
  2.8911371e-02
 -4.0348557e-01
  8.3739050e-03
  1.9455199e-01
  2.8894015e-02
 -1.2344709e-02
  6.5226305e-01
 -9.9031655e-03
  9.9557912e-01
 -1.1828628e+00
  2.8170928e-01
  1.0025116e+00
 -1.6068925e-01
 -2.0638278e-01
 -3.0349591e-01
  3.7130010e-01
  2.2223464e-01
  1.6869868e-01
 -8.4913604e-02
  1.5896775e-01
  2.4087820e-02
  2.9969919e-01
 -8.5889645e-02
 -2.3390117e+00
 -2.2924085e-01
  1.5140532e-01
  1.3440007e-01
  5.6795962e-02
  1.3894118e-01
 -6.9084756e-02
  4.8301660e-02
 -1.9630533e-01
  2.5018224e-01
  2.9539698e-01
 -1.5523241e-02
 -2.3533195e-02
 -6.4682759e-02
  9.5455639e-02
 -3.4128543e-02
  1.1337893e-01
 -6.5011755e-02
  4.9620375e-01
  2.1148288e-01
 -4.4022324e-03
  6.5357223e-02
 -1.1241426e-01
  2.0829217e-01
  4.4509736e-03
 -2.7166468e-01
 -7.7104472e-02
  4.8799869e-03
  3.1905058e-01
 -2.2627702e-02
  4.3621432e-02
 -7.5238873e-03
 -2.1583039e-01
 -2.7781051e-01
 -1.1157684e-01
 -2.1254252e-01
  9.4004996e-02
  2.1116574e+00
 -3.6585209e-01
 -9.2271519e-01
 -1.9997670e-01
  1.0959283e-01
 -1.1240143e+00
  4.1675738e-01
 -2.7381346e+00
  4.5585439e-01
 -3.0883679e-01
  1.1641499e+00
  7.5472116e-02
  2.7090097e-02
  7.8440428e-02
  4.3514091e-01
 -6.2144035e-01
 -2.9304135e-01
 -6.4356798e-01
 -2.1579650e-01
  5.4404694e-01
  1.7540738e-01
 -2.1518539e-01
 -6.6131312e-01
  8.8096231e-01
  6.0295820e-01
  2.2332218e-01
 -2.6180777e-01
 -4.1975245e-01
  2.1884577e+00
  1.9248110e-01
 -1.3640197e-01
 -1.7436586e-01
  2.9562116e-01
  9.7020310e-01
 -5.9085410e-02
 -1.6598946e-01
  1.2865289e-01
  1.4313118e+00
 -2.0023105e-01
 -1.8828505e-01
  2.0347840e-01
 -2.2832794e-01
  1.0454065e+00
 -5.1104409e-01
  3.6202160e-01
  4.4634151e-01
  1.2124522e-01
 -1.3631153e-01
  7.9314053e-02
 -4.0377121e-02
  4.5954112e-02
  3.4488291e-02
 -2.0869674e-02
  1.3647373e-01
  1.9193227e+00
  1.0881338e+00
  8.6997688e-01
  9.2071247e-01
 -1.3223187e+00
  2.1547213e+00
  2.2950807e+00
 -3.1604683e-01
 -1.5412947e+00
  2.9687271e-01
 -5.3766289e+00
 -5.8569282e-01
  3.7321112e-01
 -3.1983247e-01
  7.5624818e-01
 -5.2315199e-01
 -2.7619514e+00
  1.1267551e+00
  6.8934739e-01
 -1.0686983e+00
 -3.4777862e-01
 -1.9576459e-01
  4.7110859e-01
 -3.0701718e-01
  6.9878978e-01
 -1.1770392e-01
 -1.5582104e-01
  1.4470643e+00
 -9.0529040e-02
 -2.0889936e-01
  5.3581631e-01
  8.0065876e-01
 -7.5361043e-01
  9.7160047e-01
  5.6694114e-01
  6.4159143e-01
  4.3232468e-01
  2.1848400e+00
  2.5897346e-02
  3.5074964e-02
  4.8150432e-01
 -8.0336422e-01
 -2.5756401e-01
  2.0993267e-01
 -2.9453334e-01
  1.8143611e-01
 -1.1944373e+00
 -3.7847150e-02
  4.2664163e-02
 -2.2914977e-01
 -1.9966420e-03
  4.8679638e-01
  7.0497103e-02
 -3.8781932e-01
  4.1926861e-02
 -1.0046878e+00
 -1.6301079e-01
  2.7456358e-01
 -2.2914572e-01
  7.4108112e-01
  1.9387312e-01
  8.7661892e-01
 -2.4101737e-01
  1.0357796e-01
 -1.5461496e-01
  5.0373502e-02
 -1.7297375e-01
 -1.6789414e-01
 -1.3245507e-01
  1.6686262e+00
  5.4389691e-01
 -7.4775997e-03
 -1.0827435e-03
  1.3430373e-01
  7.7080712e-02
  7.4626684e-02
 -3.2326598e-02
 -2.5116366e-01
  2.3656850e-01
  1.1681042e-01
  2.9680517e-01
  2.0963991e-01
 -1.2546590e-01
 -7.8070782e-02
  2.1874970e-01
  2.4296574e-01
 -1.1992716e-01
  6.8539071e-01
  1.2476749e-01
  8.8466384e-02
 -3.1208423e-01
 -1.0508157e-01
  1.1153787e-01
  6.5345973e-02
  1.3643564e-01
 -2.0256061e-02
  6.9091320e-01
  1.1015269e-01
 -2.6217631e-01
  1.4623996e-02
  1.2679958e-01
 -1.2548648e-01
 -1.5277301e-02
  1.8945605e-01
 -1.8918458e-03
  3.9518130e-01
  7.7187084e-02
 -3.2440905e-02
 -1.5175740e+00
  3.1872869e+00
 -1.9920905e+00
  2.6619146e+00
  1.4067622e+00
  4.3186536e-01
 -1.4090607e+00
  1.0805366e-01
 -5.8871353e-01
  1.3598165e-02
  6.1430311e-01
  6.4079511e-01
 -2.3613767e-01
  1.0174134e+00
 -5.9689784e-01
  8.3173484e-01
 -4.3230981e-01
  4.4558156e-01
 -5.3528732e-01
  7.9384923e-02
  8.2200423e-02
  1.1227201e-01
  3.4317121e-01
 -2.2205348e-01
 -3.1472054e-01
 -7.9404972e-03
 -1.4372709e-01
 -1.5181288e-01
  2.9690236e-01
  2.1964255e-01
  6.0630101e-01
 -8.5797511e-02
  9.3932062e-01
 -3.9000824e-01
  2.0052908e-01
 -8.2935788e-02
 -7.5026566e-01
  9.1719395e-01
  9.8892123e-02
 -8.0973327e-02
 -8.2517779e-01
  4.0232912e-01
 -1.6920422e+00
 -4.8708147e-01
 -5.1416677e-01
 -2.9515737e-01
 -6.7236908e-02
  2.4392174e-01
  9.2471585e-02
  7.9928672e-01
  2.6802257e-01
 -6.0315713e-02
  1.4269996e-01
  4.0645891e-01
 -2.6287657e-01
  1.0454547e+00
 -3.3766061e-02
  4.5281984e-02
 -9.5584683e-02
  1.9121470e-01
 -1.8470155e-01
 -1.8958554e-01
  8.8021263e-02
 -3.7523387e-03
  1.9103551e-01
 -1.6015005e-01
 -3.6441870e-03
  4.1185936e-01
 -9.4446793e-02
 -7.8380421e-02
  8.7528363e-02
 -2.2818950e-01
  2.0295878e-01
 -4.6467770e-02
  8.7704316e-02
 -1.1247365e-01
 -1.0047570e-01
 -8.0193840e-02
  1.1730699e-01
 -2.0616935e-01
 -1.9210325e-01
 -3.7505189e-01
  4.1604046e-02
 -6.6572368e-02
  2.3049834e-01
 -9.3918897e-02
  1.4863005e-01
 -4.6459969e-02
 -5.1454101e-02
  6.2400557e-02
 -1.1734445e-01
 -2.4821032e-02
  1.6833780e-02
 -1.7360891e-01
  1.7267592e-01
 -2.1766366e-01
  6.2529594e-02
  3.3989013e-03
  1.1310020e-01
 -6.2936917e-02
 -1.3547325e-01
 -3.0964078e-02
 -3.5598159e-02
  1.0801385e-01
  4.8849113e-02
 -3.7764579e-02
 -1.0531532e-01
 -1.3699390e-01
  2.6245992e+00
  9.6195805e-01
 -1.6507478e+00
  4.1668120e-01
  1.3176178e+00
  7.9077321e-01
  5.0825393e-01
 -1.3763170e+00
  2.3192840e+00
  1.3750286e+00
 -1.3642215e+00
  7.0456021e-02
 -4.9993286e-01
  1.0941423e+00
 -9.7425699e-02
 -1.2615021e-01
 -1.2575611e-01
 -2.5666094e-01
 -9.3662971e-01
  1.5098505e-01
  2.4064582e-02
  2.0168713e-01
  9.1303831e-01
  2.1207076e-01
  3.0062786e-01
 -2.2089784e-01
 -4.9082384e-01
 -2.0606055e+00
 -2.6996005e-01
 -4.0228587e-02
 -4.3991812e-02
  1.2993439e+00
 -7.9619586e-02
 -1.5886740e-01
  2.3025364e-01
 -5.8504939e-01
  9.2625225e-01
 -4.6543431e-01
  6.1298668e-01
  2.7617866e-01
  1.5880939e+00
 -5.9905972e-02
 -1.6593273e+00
  7.5078867e-02
  3.4296769e-01
  2.5718442e-01
 -7.3440641e-02
  2.5974703e-01
 -6.2825009e-02
  6.2024198e-02
 -1.7186022e-01
 -3.9904937e-01
  1.3269944e-01
  2.0692255e-01
  2.1764567e-01
 -2.1466827e+00
 -1.2292844e+00
 -4.2538232e-01
  8.8338271e-02
 -1.2773448e+00
 -8.6590177e-01
 -5.2734190e-01
 -4.8083320e-01
 -1.5783282e-02
  3.8746964e-02
  8.0377996e-02
 -1.7860605e-01
  6.0689777e-02
  6.2043315e-01
  3.3301300e-01
 -5.7726091e-01
  4.3181781e-02
 -1.9686584e-01
 -1.7815150e-01
  2.9192040e-02
  9.2404328e-02
 -2.0565838e-02
  1.0910884e+00
 -4.5703417e-01
 -1.9425289e-01
 -2.2048099e-01
  2.2596246e-01
 -2.9401144e-01
 -7.1031475e-01
  4.5305204e-01
  3.5903543e-01
 -3.7870090e-02
 -4.9179235e-01
  1.6314322e-01
  6.6841699e-02
  2.3920186e-01
  7.7623242e-01
 -3.5487831e-02
 -7.2894931e-01
 -2.7444923e+00
 -1.1589400e-01
 -3.0159786e-01
  5.3720351e-02
 -2.3277061e-01
 -2.5490907e-01
  3.8436715e-02
  6.1825145e-04
  1.5615311e-01
  3.9253090e-02
 -6.3606250e-01
 -2.0118193e-01
 -7.9178838e-03
  5.6878842e-02
  3.4037250e-01
  6.2989056e-02
  2.4256054e-01
  2.7537102e-01
  1.6747271e-01
 -2.6746777e-01
  1.8978961e-01
  4.4669822e-01
  1.0507057e+00
 -2.7926019e-01
  3.6915308e-01
 -1.9919619e-01
 -8.1185848e-02
  1.7276300e-01
  7.0195633e-01
 -2.5521860e-01
  3.4842980e-01
 -2.2584340e-01
  2.0387195e-01
  1.5613685e-02
 -1.5568388e-01
 -8.4161185e-02
  2.9244000e-01
 -2.7632615e-01
 -1.0536841e-01
  5.9427875e-01
  1.1773478e-01
 -9.5138319e-02
  6.3837361e-01
  4.5290095e-01
  1.4048059e-01
  8.7964684e-01
  2.5586015e-01
 -3.0507651e-01
  9.5891573e-02
  7.3303461e-02
 -2.2884378e-01
 -6.2002838e-01
 -3.7335804e-01
  1.6502952e-02
 -1.1010144e+00
  4.5145866e-01
 -5.5888623e-01
 -4.8918214e-01
  1.3679193e-01
 -6.7516112e-01
  3.3351842e-01
  3.2064867e-01
  1.7438382e-01
 -6.5447949e-02
  2.3962373e-01
  8.3856940e-01
  2.0125992e+00
  5.2328783e-01
 -5.3534877e-01
  2.1279171e-01
 -9.4587700e-03
 -9.4824106e-02
 -1.9825813e-01
  2.7740768e-01
  1.2779096e-01
  3.6504784e-01
 -1.8286559e-01
 -1.2525181e-01
  1.0442956e-01
  2.5713158e-01
 -3.0027038e-01
 -2.5342952e-02
 -1.8393607e-01
  7.1926795e-02
  3.2100102e-01
 -2.1008305e-01
 -1.4549699e-01
  6.6122067e-01
 -4.9450580e-02
 -1.7075315e-01
 -1.4526609e-01
 -2.5668851e-01
 -8.5785665e-02
  9.1361336e-02
  4.3228817e-01
 -5.4767674e-01
 -2.1606128e-01
 -2.2344148e-02
  8.8506930e-02
 -4.6444157e-01
  7.6729819e-02
  2.7837130e-01
  1.7704874e-01
  9.9673879e-01
  6.0442364e-01
 -3.5460868e-01
  3.4303769e-02
  2.7167410e-02
  3.6957747e-01
 -7.3532447e-02
  1.0960176e-02
  5.3600103e-02
  8.7408856e-02
  1.7414571e-01
 -1.7693843e-01
 -1.1835451e-01
 -3.2834059e-01
  3.7705205e-02
 -2.0164140e-02
 -3.2414514e-01
  1.6184770e-01
  1.3302082e-02
 -1.7321059e+00
  3.2698759e-01
  4.2970300e-01
 -4.6025850e-02
 -1.1603013e+00
  8.1713247e-01
 -3.6297031e-02
  1.7592357e+00
 -1.1200366e+00
 -5.7859909e-02
 -3.5816488e-01
 -1.4381332e-02
 -3.2187173e-01
  1.3200207e-01
  1.7001590e-02
  1.5839574e-01
  8.5436910e-02
  2.1405509e-01
 -5.0748181e-01
  3.2376956e-02
  2.7248006e-02
  9.8147672e-03
  1.5724780e-01
 -4.7667858e-01
  1.6082558e-01
 -5.3126835e-03
 -1.8288001e-01
 -9.2830163e-01
 -6.8076640e-01
 -2.4252744e-01
  3.0826053e-02
 -7.6024443e-01
  3.3809075e-01
 -4.8007515e-01
 -3.2886654e-02
 -1.3261981e-01
 -5.0948125e-01
 -1.6969697e-01
 -6.2021529e-03
  7.9255767e-02
  9.9476749e-01
  5.0730103e-01
  3.8633299e-01
  1.1329211e-01
 -2.6414889e-01
  1.2005906e-02
  1.2521708e-01
 -1.1998302e-01
  6.1483569e-02
 -1.7613423e-01
 -1.0919674e-01
  4.1938429e+00
 -1.1106372e-02
  9.5533818e-02
 -3.0440670e-02
 -1.1471329e-01
 -2.0929965e-01
  9.6312590e-02
  1.2317643e-01
  1.5022761e-01
  1.5626989e-02
 -9.2919365e-02
  1.1570124e-01
  1.4452728e+00
 -9.7638950e-02
 -2.8263366e-01
  1.8719852e-01
 -2.0196897e-01
  6.6392921e-02
 -1.2601012e-02
 -1.7459269e-01
 -2.6970236e+00
  1.7839199e-02
  8.5312225e-02
  6.5397307e-02
  2.1885514e-01
 -1.1530604e-01
  1.6523249e-01
  1.4090091e-01
 -1.7922306e-01
  3.3214398e-02
 -6.3480370e-02
 -1.2945779e-01
  1.9828632e-01
  1.7143750e-01
  1.1652950e+00
  1.1369759e-01
  6.7535035e-02
 -1.3557939e-01
  7.9904631e-02
  1.7837056e+00
 -1.3266060e-01
 -9.4112977e-02
 -4.8576623e-01
  4.9576513e-03
  2.2755393e-01
  1.1408176e-01
  1.0257176e-01
 -2.5010541e-01
 -3.1562563e-02
  6.9524380e-03
  2.6090302e-02
 -1.0360046e-01
  1.1535552e-01
  4.4237304e-02
  7.7201374e-02
  1.3459295e-01
  1.2118683e-01
  5.9748694e-02
  3.8606066e-01
 -1.6358083e-02
  1.5155086e-01
 -9.2863053e-02
 -1.9718541e-01
 -2.8617943e-02
 -1.7878088e-01
 -7.8996263e-02
  2.7720293e-02
 -9.5284484e-02
  8.1673741e-02
  5.3752035e-02
  1.2723453e-01
 -1.6625741e-01
 -5.4142140e-02
  7.5389042e-02
  4.8219222e-01
 -1.1649914e-02
  9.5971122e-02
 -1.2481398e-02
 -6.3221000e-02
 -2.0800342e-01
  4.9782842e-02
  6.1961621e-02
  1.1210263e-01
  2.6614216e-01
  5.2459143e-02
  4.2702860e-01
  4.0408954e-02
  1.7759192e-01
 -3.3793319e-02
  2.4602139e-01
  2.0813634e-01
  8.5761765e-04
 -2.0638105e-01
  1.0109594e-01
  1.4624497e-01
  1.7014863e-01
  6.8547279e-02
  2.1286732e-02
  1.0886288e-01
 -6.0998935e-02
 -9.1730483e-02
  2.5437078e-02
 -2.8460726e-02
  6.2638409e-02
 -2.5353247e-01
  1.6213953e-01
 -3.4579709e-02
 -2.3368070e-02
 -1.9774754e-02
  6.2648669e-02
  1.6068755e-01
  8.2219636e-01
 -5.8975852e-01
  4.3870685e-01
 -1.1595095e-01
  8.0952644e-03
  9.2470920e-01
  1.2912171e+00
  1.1292642e-01
 -1.7983060e-01
 -1.3882995e-01
 -9.9817413e-01
 -3.1130365e-01
  1.2004776e-01
 -2.7833667e-01
  5.8341265e-01
 -7.0094347e-01
 -1.3182490e-01
  8.0897145e-02
 -1.1022520e+00
 -7.2448820e-01
  1.3124266e-01
  9.1786221e-02
  6.1570361e-02
 -2.5644368e-01
  3.8509479e-01
  4.0714437e-01
 -2.0067956e-01
  2.5258309e-01
 -6.5255266e-01
  5.8001980e-02
  4.7997698e-01
 -6.0440036e-03
 -3.3568579e-01
 -2.9834667e-01
 -2.0880471e-01
 -2.0917024e-01
  6.4070427e-01
  2.2337453e-01
 -7.1448259e-02
  1.2926747e-01
  2.8839901e-01
  2.7940556e-01
  5.8512348e-01
  4.8269567e-01
  3.6624429e-01
 -3.9578028e-02
 -1.0129222e-01
  1.4659695e-01
 -1.1430742e-02
  3.1328902e-01
  2.6079801e-01
  2.7024850e-01
 -1.6831376e-01
  2.5741503e-01
  2.4203014e+00
  1.5763044e+00
 -3.4850814e+00
  8.9376611e-01
  2.3455820e+00
 -2.4437985e+00
 -2.0232558e+00
 -1.2449732e+00
 -1.1137177e+00
  2.5711141e+00
  1.8743813e+00
  3.6780262e-01
 -5.3126836e-01
 -9.8203415e-01
 -5.9157211e-01
 -7.0400846e-01
 -1.0452216e+00
 -5.3488821e-01
  1.8609269e+00
  1.4924604e+00
  9.5226228e-01
 -1.5117621e-01
 -1.2368109e+00
 -3.9017570e-01
 -7.1419668e-01
  5.2060860e-01
 -1.6200104e+00
  7.4982667e-01
  1.0317067e+00
 -3.5986218e-01
  2.8906500e-01
 -6.5623772e-01
 -2.9217720e-01
 -2.2097942e-01
  6.0739613e-01
 -1.0523036e+00
  1.1894337e+00
 -2.8817746e-01
 -6.0868406e-01
  4.8401290e-01
  9.6041524e-01
  1.9638000e-01
  6.6378242e-01
 -2.5485210e+00
 -2.1074201e-01
  3.7637565e-01
  1.8107387e-01
 -4.3848315e-01
  4.0984476e-01
 -4.3864864e-01
  3.7914020e-01
 -8.2682687e-01
  2.7198267e-01
 -1.7294456e-01
 -3.6856836e-01
  4.6754416e-02
  3.8286963e-01
 -1.8401027e-01
  2.8729007e-01
  3.0017013e-02
  1.7276073e-01
 -1.4498165e-01
  6.2760167e-02
  2.3676917e-01
 -2.9471698e-01
 -7.5878344e-02
  6.5138415e-02
 -3.2594556e-01
  2.9518944e-01
 -2.2499715e-01
  9.7378753e-03
 -1.8836735e-01
 -8.9188613e-02
 -2.5846293e+00
  2.4528168e-02
  2.3253267e-01
 -9.1277562e-02
  1.6986471e-01
 -3.7830803e-01
  1.7131563e-02
  5.3916458e-02
  1.6542211e-01
 -2.8616202e-01
 -1.4730918e-01
 -1.2844153e-01
  2.6749760e-01
 -2.3377776e-02
  3.2524943e-01
 -2.1447507e-01
 -5.1055819e-02
  1.6511168e-01
  5.4696724e-02
  8.8703983e-02
  3.0813551e-01
 -4.1018572e-02
  4.4181797e-04
 -1.4431567e-01
 -8.7405242e-02
  4.8209462e-01
 -2.7387145e-01
  7.4835524e-02
 -9.0126477e-02
 -6.9450341e-02
  2.1141502e-01
  5.4418661e-02
  1.4115804e-01
 -3.6262766e-02
 -3.9454248e-02
  9.0455234e-01
  2.7643371e-01
 -3.4062812e-01
 -1.5827265e-01
  2.6373106e-01
  6.9076873e-02
  4.0501121e-02
 -1.6928320e-01
  5.4282463e-01
  2.0677690e-01
 -4.1806426e-02
 -6.3400321e-02
  3.1079788e-02
 -6.5022506e-02
  4.2002508e-01
 -8.6608686e-02
 -2.4566394e-01
  4.3292844e-01
 -2.2752808e-02
  1.5393914e-01
 -3.6016166e-01
  1.9353967e-02
  1.7254661e-01
  1.5609199e-02
 -1.4775851e-01
  2.8576238e-02
  1.2591550e-01
  3.8183948e-01
  5.2354002e-01
  8.2075350e-02
 -8.3750479e-02
  3.9535213e-01
 -1.3906236e-01
  3.6833611e-01
  1.9033035e-02
  6.8878740e-02
  1.1101846e-02
 -4.4516617e-01
  1.3465524e-01
 -5.6138366e-02
 -5.8181989e-01
  1.0297567e+00
 -3.5978030e-02
 -2.7847582e-01
  1.9711177e-01
 -1.1630258e-01
  5.1537421e-02
 -1.8467726e-01
  2.0703095e-01
  1.6488770e-02
  2.9117697e-01
  2.3811466e-01
  5.1068626e-02
 -1.1591522e-01
 -1.1454438e+00
  6.1021268e-01
  4.2572513e-01
  1.2417121e-01
 -1.8483537e-01
 -5.1166624e-01
  3.0687898e-01
  2.7664021e-01
  1.0248100e-01
 -6.1394464e-02
  4.1592908e-01
  9.0583861e-02
  1.0945253e+00
  2.4447622e-02
 -2.9266929e-02
  5.5755801e-03
  1.2232315e-02
  4.5223489e-01
  1.8649174e-01
  6.2990077e-02
  3.6894824e-02
 -1.9218922e-01
 -4.1259792e-01
 -1.3732509e-01
  8.9017063e-01
  4.7389045e-01
 -4.4529906e-01
  3.5404137e-01
  2.3079242e-01
  1.8631935e-02
  2.9325902e-01
  1.3572074e-01
  2.0774189e-02
 -1.4548369e-01
  2.7544829e-01
 -1.1418136e-01
 -2.8935724e-01
 -4.4631469e-01
  1.9079620e-01
 -3.0379507e-01
  1.0615685e+00
 -3.4614500e-02
  2.4019618e-02
 -1.0355590e-01
  1.6747865e-01
 -1.1362790e-01
  2.6260728e-01
  5.6681104e-02
  1.3601817e-02
 -8.3556466e-02
  1.6004820e-01
 -1.1283366e-01
 -2.3557721e-01
 -2.1567461e-01
 -2.3441167e+00
  1.2199913e+00
 -7.3861289e-01
  9.7352356e-02
  4.1370991e-01
 -3.3614841e-01
  2.6762232e-01
  1.8642400e-01
 -1.6638434e+00
  3.9419857e-01
 -8.1815344e-01
  1.2179623e-01
  1.2569797e-01
 -2.2790682e-01
  2.9667947e-01
  2.2447248e-01
  5.3339442e-03
 -4.1663826e-01
  8.9605331e-02
  5.9678115e-02
 -1.4551166e-01
 -1.1427522e-01
  1.5796278e-01
  2.5429770e-02
  5.3754008e-01
 -8.7540925e-01
 -2.6407657e-02
 -1.5320387e-02
 -6.9799000e-01
 -6.9929557e-03
 -9.2178151e-02
 -4.9887556e-01
 -2.9033005e-01
 -2.4557054e-01
  2.1297446e-01
  1.4579392e-02
  1.5379646e-01
  1.0388610e+00
 -2.4247272e-03
 -7.8780755e-02
  1.8968916e-01
 -1.9298917e-01
  7.5802970e-01
  1.9652171e-03
 -2.0447163e-01
 -6.2861525e-02
  4.1713703e-01
 -2.3944996e-02
  7.2995410e-03
  3.2258347e-01
 -8.3277687e-02
 -9.8308735e-02
 -5.7424609e-02
  4.2831458e-02
  2.4837591e-01
 -3.2310241e-01
 -1.2330388e-01
  3.4868643e-02
 -1.5961239e-01
  1.5723810e+00
  3.8026512e-02
  8.6884148e-02
  4.6340842e-02
  1.8150538e-01
 -3.4626532e-01
  1.4811273e+00
  1.7710423e-01
  2.2425082e-02
  4.5147440e-01
 -3.3721074e-01
 -2.4322513e-02
 -1.0483086e-01
  1.4655389e-02
  1.4921874e-01
  3.5091409e-01
  6.8429865e-02
  1.4522468e-01
 -9.4911978e-02
  6.4409778e-02
  1.5258928e-02
 -2.6231611e-02
 -3.6156248e-02
 -3.3562872e-01
 -1.7778674e-01
 -6.8709677e-01
 -6.3101554e-01
 -1.1661664e-01
 -5.5854553e-01
  5.7166885e-04
 -2.4421385e-02
 -1.2774484e-01
  1.0275050e-01
 -1.1934453e-01
  1.6995330e-01
 -2.1865872e-01
 -8.2801796e-02
 -1.7112528e+00
  1.3472998e-01
 -1.5805183e-02
 -2.0435764e-01
  9.6324898e-02
  4.6381779e-02
 -6.4676687e-02
 -1.2298240e-01
  1.8726252e-01
 -3.6531519e-02
  8.9800142e-02
  1.6264236e-01
 -1.8381037e-01
 -3.3648816e-01
 -5.8808768e-01
  2.0182669e-01
 -9.4898324e-03
 -5.2517104e-01
 -2.7092800e-01
  8.4698638e-03
 -9.3068987e-01
  1.1984162e-01
 -1.5730186e-01
 -2.1142220e-01
 -2.9567036e-01
 -5.0119814e-02
 -1.6053312e-01
  6.2232733e-01
 -1.5743348e-01
  1.6267247e-01
 -2.5698546e-01
 -4.0079050e-02
  2.4574396e-01
 -5.6460895e-02
 -2.4774612e-01
 -9.4629014e-01
 -1.4745338e-01
  6.3493632e-02
  2.5754353e-01
  5.3610437e-02
 -4.1785029e-01
 -3.2176557e-01
 -6.4377867e-02
 -4.2288327e-03
  5.2170748e-01
 -1.5696236e-01
  3.5042629e-02
 -8.7238170e-02
  5.7827497e-01
 -2.9386103e-01
 -1.4596340e-01
 -1.5077455e-01
  3.9295006e-01
 -3.6398172e-01
  5.8926678e-01
 -1.2529296e-01
 -1.7524259e-01
  1.3841173e-01
 -8.2059488e-02
  1.7026477e-02
  2.8526384e-02
  1.2366874e-02
  7.1421579e-02
 -4.1723594e-01
  5.1372927e-01
  2.6824294e-02
  6.6386425e-01
 -5.5064917e-01
  5.6246859e-01
 -4.7787929e-01
 -2.9795563e-01
 -5.0502890e-01
  1.4309022e-01
  3.8463110e-01
  6.4133167e-02
 -1.3695759e+00
  1.8990166e-01
  5.5226016e-01
 -3.0338967e-01
 -3.7512946e-01
  2.7080655e-01
 -1.3038267e-01
  3.4335956e-01
  7.8001493e-01
 -9.4861954e-02
  3.1320441e-01
 -2.8307679e-01
 -1.2668864e-01
 -4.4762471e-01
  1.0141812e-01
  4.8691934e-01
  7.3609042e-01
 -6.6839921e-01
 -5.6355065e-01
 -3.6212948e-01
  4.6597776e-01
 -1.2415086e+00
 -1.1272096e-01
 -3.4043568e-01
  5.8796120e-01
 -2.3155065e-01
 -4.0534130e-01
  1.8845698e-01
  1.4960787e-02
 -1.9657316e-02
 -1.8672104e-01
 -1.7268517e+00
  2.4749373e-01
  4.7345716e-01
  9.1298890e-01
  8.6196259e-02
  2.5608164e-01
  4.9625552e-01
  5.9155263e-02
  3.4004852e-01
  1.4326063e-01
 -9.5892437e-02
 -5.8283913e-01
  2.5285485e-01
  1.3165396e-01
  3.3208713e-01
  2.0354753e+00
  2.1683373e-02
 -4.7160587e-01
  1.4435414e+00
  6.4215004e-02
  5.0854003e-01
  5.1109970e-01
 -8.7602276e-01
 -6.2067080e-03
 -7.2239214e-01
 -1.4820968e-01
 -5.6649122e-02
  2.1142170e-01
  2.1365471e+00
  3.8416061e-01
 -1.3876921e-01
 -6.1843073e-01
 -1.7117375e-01
 -5.8328259e-01
 -4.0231325e-02
  7.4707299e-02
 -8.3537564e-02
 -2.1519135e-01
  3.6507979e-01
 -6.3120234e-01
 -5.5025235e-02
 -7.3670757e-01
  3.4009275e-01
 -4.4058508e-01
 -4.5936611e-01
 -4.8524745e-02
  4.5641994e-01
  5.7908046e-01
  5.8069158e-01
 -1.7147152e-01
  1.1938804e-01
  1.3328445e+00
  2.2020373e-01
  3.7487921e-01
 -4.5619883e-02
 -2.7658399e-02
 -1.0590100e-01
 -6.7538291e-02
 -8.6663552e-03
 -2.7912879e-01
  3.4532141e-02
 -3.7538272e-01
 -1.8463930e-01
 -1.8298240e-01
 -4.4020304e-01
 -7.3754855e-02
  2.7376348e-01
  3.6340877e-01
  9.0637714e-01
  5.9296168e-02
  6.4317518e-01
 -1.9474652e-01
  2.7282152e-01
 -8.9070696e-01
 -1.4808469e-01
 -4.8924902e-01
  5.6865710e-01
 -1.2544234e-01
  6.6453636e-02
  7.9884753e-02
 -2.6582065e-01
 -2.2560762e-01
  2.3027164e-01
 -2.0010076e-01
  7.5292975e-01
 -4.9036562e-02
 -6.1533082e-02
 -4.8571786e-01
 -2.5154510e-01
 -4.4807713e-03
 -1.2064221e-01
  5.5433098e-02
 -4.0762815e-01
 -9.0438314e-02
 -1.6851585e-01
  9.4759589e-01
  9.6751511e-01
  3.5893655e-01
  1.7496201e-01
 -3.2606110e-01
 -1.1640366e-01
 -7.0652537e-02
 -4.5853013e-01
 -1.0362002e-02
  2.0706303e-01
 -6.0885155e-01
  2.8323540e-01
 -3.8330056e-02
  5.3052467e-01
  2.8796279e-01
  1.0759984e+00
  6.5889947e-02
 -1.0439592e-01
 -9.3428083e-02
  1.3088709e-01
  3.0537128e-02
 -1.6894780e-01
  8.3475925e-02
 -1.1110533e-01
 -8.3574466e-02
 -3.3329289e+00
  1.0037440e+00
  3.1204280e-01
 -3.6640842e-02
 -1.3976142e-01
  1.7429271e-01
 -2.1039814e-01
 -1.1605820e-01
  1.8133044e-01
 -6.5338939e-02
 -4.3681318e-01
  3.0799741e-02
  8.2100578e-02
 -1.1203009e-01
  9.5950477e-02
  9.9246144e-02
  1.3167594e-01
  6.8283081e-02
 -1.5132830e-01
 -1.3330832e-01
  4.1608181e-02
 -2.0774625e-02
  7.7742450e-02
  1.7711034e-01
 -1.4203456e-01
 -1.9745271e-01
 -7.5652942e-02
 -1.9332333e-01
 -3.6693178e-02
  2.1454528e-01
 -6.4474486e-02
 -6.3747637e-02
  8.4439844e-02
 -5.8122788e-02
  4.1959934e-02
  1.1197207e+00
  7.1117240e-01
 -2.9646444e-01
  5.2778345e-02
 -1.8305519e-01
 -1.6806048e-01
  3.6820237e-02
 -3.8170823e-01
  9.3321241e-02
 -3.7546837e-01
  3.5186280e-03
  7.4296735e-02
 -1.2053566e-01
 -1.1160479e-01
  4.5630950e-02
 -1.2929039e-01
  1.9109905e-02
  6.2822490e-03
  9.7770229e-02
  2.0544274e-01
 -1.3542798e-02
 -1.2007800e+00
  1.4926750e-02
  4.5544088e-01
 -2.3440489e-01
  8.9178729e-01
 -1.4177468e-01
  1.9594897e-01
  4.8892522e-01
  4.6991304e-01
  3.5314533e-01
  3.1508633e-01
  1.0434487e+00
 -2.6916049e-02
  3.3377469e-01
  5.8836693e-01
 -6.2422097e-01
  2.5152361e-01
  2.7779302e-01
  5.2899534e-01
  1.6103688e-01
 -9.7873598e-02
  4.9139583e-03
  1.2326071e-01
  3.2095847e-01
  5.3676569e-01
  5.0067508e-01
  6.3900501e-01
 -4.4608191e-01
  5.0042272e-01
 -1.5746474e-01
 -8.9270920e-02
  9.2176282e-01
  1.2937334e-01
  1.0195338e-01
 -1.5700631e-01
 -7.0928894e-02
  3.9297849e-01
  2.8622895e-01
 -2.5331438e-01
 -8.8449523e-02
 -3.2990637e-01
 -8.4284949e-01
  7.4212396e-01
 -4.2143650e-03
 -1.1118218e-01
 -2.8129271e-01
  3.0170017e-01
  4.1751154e-02
  2.0430624e+00
 -6.3959278e-02
 -7.8999259e-02
  2.9507360e-01
 -3.7379918e-01
 -7.6099545e-02
 -2.2322319e+00
 -4.7517600e-03
  4.9839994e-01
 -3.2273746e-01
  5.4297084e-01
 -7.9689598e-01
  1.8377960e-01
 -8.7417614e-01
  8.0350792e-01
  3.1678167e-01
 -4.2004931e-01
  2.6837373e-01
  3.1993747e-01
 -1.3076923e-02
  1.0870995e-01
  9.1516262e-01
  1.1185201e-01
 -2.2761492e-01
  3.3714416e+00
 -5.8162205e-02
  4.7040668e-01
 -8.5028559e-02
 -1.7077819e-01
 -3.4616274e-01
  1.9562207e-01
 -2.0208606e-01
 -3.5533103e-01
  3.9459564e-02
 -9.8993137e-02
  1.2346476e-01
  6.8286695e-03
  2.8896603e-01
 -3.0988002e-02
 -5.2978718e-01
  2.8219920e-01
 -2.8222191e-01
  2.4814212e-01
  5.2193414e-02
  5.3967245e-02
 -1.6137995e-01
 -2.8653526e-01
 -9.3817092e-02
  1.1927522e-01
  2.9593241e-01
  4.6038145e-01
  5.2486055e-02
 -1.8104108e-01
  1.2499098e-01
 -5.2261078e-03
  1.8015712e-01
  9.4345018e-02
 -9.3579590e-02
 -2.1411322e-01
 -4.0732038e-01
  4.5083529e-01
  1.0398288e+00
  1.1832998e+00
  2.9277887e-02
  2.5457859e-02
 -8.2695055e-01
 -1.6534492e-01
  1.5102842e+00
 -6.0625064e-01
  2.4053901e-01
  6.6946964e-03
  2.1672209e-01
 -2.2612382e-02
 -2.2843978e-01
  3.6890584e-01
  2.2672974e-01
  3.0312183e-01
 -4.2805072e-02
 -4.7791445e-01
 -5.9549659e-01
 -4.9755839e-01
  1.3112998e-01
 -8.5639375e-01
  2.8229323e-01
 -8.5975665e-01
 -3.1333104e-01
  1.6173355e-02
  2.0094541e-01
 -1.4449339e-01
  3.1857586e-01
 -3.2686988e-01
 -3.7644539e-02
 -1.3820598e+00
 -8.6810656e-02
  1.8509805e-02
 -3.2631966e-01
 -5.6786124e-02
  1.9275782e-01
  1.0833852e-01
 -3.0175865e-01
 -3.6586198e-01
  1.0336491e-01
 -2.9988896e-02
 -2.0441623e-01
 -5.8830939e-02
  4.8377907e-01
  3.4397569e-01
 -2.3531349e-01
  8.2391858e-02
 -1.0739194e-01
  1.3251793e-01
 -2.0308737e-01
  1.1027578e-01
  2.0989813e-01
  1.5107030e+00
 -1.7670641e+00
 -2.5294421e+00
 -3.5023794e-01
 -1.4721967e+00
 -1.0874629e+00
 -5.8034450e-01
 -9.7549886e-01
 -9.4838068e-02
 -6.8848194e-03
 -6.1798072e-01
 -7.1859825e-01
 -2.9213840e-01
 -7.2081512e-01
 -4.8577476e-01
  7.9300809e-01
 -6.4804852e-01
  3.3303761e-01
  4.0246475e-01
 -1.9121464e-01
  4.7450010e-02
  2.5075427e-01
 -3.6213616e-01
 -5.9918487e-01
  1.8087189e-01
 -2.2356531e-01
 -2.1198887e-01
  1.4066629e+00
 -1.9051107e+00
  5.0601399e-01
  1.2565990e-02
  1.2889919e-01
  1.0102759e-01
  2.1473899e+00
  5.4286498e-01
  2.2622792e-01
  4.0726921e-01
  8.9344120e-01
 -1.8916640e-01
 -7.2539772e-04
 -1.6510142e-01
  6.9780283e-02
  9.3881100e-02
 -6.1334882e-02
 -2.5239784e-01
 -2.2358383e-01
 -2.2770621e-01
 -1.6099694e-01
  2.9576764e-02
  1.0160521e-01
  6.6582747e-02
 -7.9174548e-01
 -2.4693977e-02
 -3.2765726e-03
  3.7695664e-01
 -5.4652447e-01
  6.3572772e-02
 -3.5314828e-02
 -1.5421903e-01
 -1.2139370e-01
 -3.0614629e-01
 -8.4508920e-01
 -6.6292828e-01
 -4.9734626e-02
 -1.5434352e-01
  3.0880648e-01
  2.7300349e-01
 -1.2154183e-02
 -2.5231758e-01
  1.3591403e-01
  1.8827866e-01
 -2.8720698e-01
 -1.4538088e-01
 -2.4273986e-01
  2.5756529e-01
  8.9226186e-02
  7.1671940e-02
  9.4649740e-02
  2.0039293e-01
 -3.0773205e-01
  3.3906698e-02
 -1.6697623e-01
 -7.1980989e-01
  1.3103826e-01
  1.8292587e-01
  3.2555097e-01
  7.4216038e-02
 -9.4444883e-01
 -2.3538961e-01
 -2.8959158e-01
 -7.9500400e-02
  2.0260757e-01
 -1.0155976e-01
 -2.6080856e-02
  2.3287751e-01
 -8.4480152e-02
  1.5124437e-01
  2.2189496e-01
  1.2589521e-02
 -1.0554372e-01
 -3.8792735e-01
  5.2239805e-01
  1.5408777e-01
  5.5441536e-02
  5.0467789e-02
  1.3258912e-01
  7.8628920e-02
  1.1054872e-01
 -9.3699805e-02
  1.2743619e-01
  2.5806883e-01
  1.2967348e-01
  1.9172738e+00
 -6.8682604e-02
 -3.3861136e-01
  1.1030223e-01
  2.2493631e-01
 -3.6822039e-01
 -1.3851617e-01
  9.5477891e-01
 -1.2582999e-01
 -2.6964444e-01
 -6.9345911e-03
  4.3449861e-01
  2.0182887e-03
  2.3329118e-01
 -3.1049356e-01
  6.2564033e-01
  2.3535503e-01
 -1.0824016e-01
  1.2708347e-01
  9.0244919e-02
  1.6405189e-01
 -3.4219023e-02
 -2.9651359e-01
 -1.3862056e-01
  5.5857176e-01
  2.1366203e-01
 -1.1300886e-01
 -6.9387057e-03
 -3.7784901e-01
 -3.1835419e-01
 -2.8341815e-01
 -2.6964012e-01
  3.6846250e-01
  1.5076587e-01
 -2.1726824e-01
  1.6545050e-01
  4.0259391e-01
  3.1045802e-02
  1.7502785e-01
  1.3546392e-01
 -3.5491690e-01
 -1.3035168e-01
  3.4170607e-01
 -1.9920921e-02
  8.3118118e-02
  2.8627372e-01
 -4.2733073e-02
  5.7478219e-02
 -5.9458528e-02
 -2.4102196e-01
 -2.8925335e+00
  7.6815325e-01
  1.3260905e+00
 -2.8285307e-01
  4.9870315e-01
  1.1637561e+00
  1.8913198e-01
 -2.5599291e+00
  8.0941719e-01
  3.3780941e-01
 -3.8068616e-01
  1.6191523e-01
 -1.6587888e-01
 -2.9472926e-01
 -7.2869635e-01
  3.6110905e-01
  2.9444370e-01
 -2.4201457e-01
 -8.9061815e-01
  9.9306935e-01
  3.3832538e-01
 -3.7533451e-02
 -9.1984594e-01
 -6.7166573e-01
  6.0902923e-01
 -6.4125526e-01
 -5.2633429e-01
 -5.7176125e-01
  2.0040770e+00
 -8.8277191e-02
  4.7885615e-01
 -3.2984263e-01
 -3.2776237e-02
 -9.2891574e-01
 -3.2557061e-01
 -1.7719525e+00
 -5.0568426e-01
  2.1032677e+00
 -3.6820146e-01
  1.5629563e-01
  3.5068151e-01
  2.1783152e+00
 -1.2043923e+00
 -4.1639996e-03
 -1.7780866e-01
 -4.7256398e-01
  4.0570027e-01
 -1.2229596e-01
 -1.2503076e-01
  1.1889829e-01
  9.4260378e-03
  2.2489119e-01
 -4.7753531e-02
  2.8376830e-01
 -2.1351225e+00
 -4.6591091e+00
 -1.2919251e+00
  1.1328516e+00
 -3.9517489e-01
  1.0333244e+00
 -7.7678934e-02
  6.7117128e+00
  1.6842146e+00
  4.3275192e-02
 -8.0418688e-01
  1.8042110e-01
  6.0773309e-02
  2.8985694e-01
  1.6296739e-02
  3.0063573e-01
  4.4111465e-03
 -1.2574668e-01
  3.1816518e-01
 -3.3609807e-01
 -1.1825465e-01
 -5.1524355e-03
  2.7571005e-01
  7.0493042e-02
  1.1800708e-02
  6.5691257e-01
 -2.5451046e-01
  6.8049586e-01
 -1.2516631e+00
 -2.2223403e-01
  4.5270795e-01
 -4.1758978e-01
 -3.8122913e-01
  1.1670483e+00
  9.5577377e-01
  1.9303691e-01
 -2.1829695e-01
  2.9290420e-01
 -8.6750006e-03
  1.7455744e-02
  8.5251771e-02
  2.7769348e-01
 -1.2111042e-01
 -2.2656663e-01
 -2.5160295e-01
  1.0116525e-01
 -6.8071812e-01
  7.5675465e-02
 -7.8655832e-02
  1.6982850e-01
  1.2860946e-01
  6.1138076e-01
  2.5475657e-01
 -1.8902752e-01
  5.1453725e-02
 -1.2441612e-01
  3.4964316e-02
  1.1093601e-02
  2.5832582e-01
  9.2427693e-02
 -1.3669823e-01
  5.7475656e-02
  4.3821715e-02
 -3.1023942e-02
 -1.7837943e-01
 -4.1039744e-01
 -9.2217296e-02
  1.2043624e-02
 -3.6265954e-01
  3.1717480e-03
  9.9471383e-02
 -4.8658442e-02
  2.0338191e-01
  7.7496164e-02
  1.4203487e-01
 -9.9102080e-02
 -4.3990307e-02
  9.0806603e-01
  1.7601609e-02
  6.2783790e-01
  1.0020642e-02
  1.7386089e-01
 -1.4981877e-02
 -1.0287186e-01
 -7.1353191e-03
  1.0335398e-01
  3.3323120e-02
 -2.0326470e-01
 -1.4539565e-01
  2.3724978e-01
 -1.5335389e-02
  1.4185476e-01
 -8.2391322e-02
  1.5529110e-01
  4.0182896e-02
 -4.8417892e-02
 -8.3203286e-02
  2.1046611e-02
  1.2996107e-01
  6.3490057e-01
  2.7781487e-02
 -3.9775781e-02
 -1.1434849e-01
 -3.7163958e-02
 -3.8284931e-01
 -7.0356071e-02
 -8.3702672e-03
  1.6696025e-01
 -1.3258786e+00
 -3.2547906e-01
 -1.6720304e-01
  1.0685169e+00
  3.8391623e-01
 -6.0179925e-01
 -1.1508796e+00
  4.2887127e-01
  1.8273121e-01
  7.0625819e-02
 -1.7018664e-01
  1.1391573e-01
 -1.1891595e-01
 -1.9797524e-02
 -3.0177975e-01
  3.5321799e-01
 -2.6210243e-01
  4.1500619e-01
 -4.1048488e-01
 -9.4155520e-03
  4.5306650e-01
  5.7127994e-01
 -2.5055814e-01
  2.3563464e-01
 -8.1718221e-02
  2.3687291e-01
 -1.3703679e-01
 -4.5919713e-02
 -4.4076291e-01
  3.2307684e-01
 -3.3230409e-01
  3.5789105e-01
  3.7812909e-01
 -7.0236319e-01
 -2.0644985e-02
  2.3905006e-01
 -3.3034071e-02
  9.0736479e-02
  3.9714253e-01
 -4.0073434e-01
 -4.1855085e-01
 -5.8053590e-02
  5.3301281e-01
 -7.7623598e-02
  1.0728262e-01
 -3.9317569e-01
  2.8827184e-01
 -6.4868078e-02
 -1.8290117e-01
  7.1007319e-02
 -2.7242699e-01
 -2.1660886e+00
 -1.1635200e-01
 -1.8099822e-02
  1.5824515e-01
 -2.0894749e+00
  3.5393327e-01
  2.0964166e-02
  3.5435334e-01
 -9.5478827e-01
  2.7711120e-01
 -5.9168535e-01
 -4.4094744e-01
 -1.2246113e-01
 -4.4311234e-01
 -3.9410728e-01
 -9.5720232e-02
 -1.2400550e-01
  1.3944845e-01
 -7.5342411e-01
 -3.4955919e-01
  1.2176418e-01
  3.8613456e-01
 -6.6713788e-02
  1.4798599e-01
 -2.4789609e-02
 -4.8998961e-01
 -2.3349974e-01
  3.8611323e-01
 -2.2375371e-02
 -3.1304125e-02
  8.0101147e-02
  6.7825830e-01
 -6.0403430e-01
  3.4210581e-01
  5.9603870e-01
  8.4639795e-02
  7.5663835e-01
  1.4707987e-01
  9.7306937e-02
  1.2125851e-01
 -2.1262181e-01
 -1.6267730e-01
  2.1094109e-01
  1.6382188e-01
  1.9894640e-01
 -1.4942673e-01
  2.8621212e-01
 -8.7901391e-02
  1.1114047e-01
 -9.4166435e-02
 -2.3044130e-01
 -1.3465743e-01
  3.5910264e-01
 -7.5851910e-02
 -3.4936014e-01
  9.9863611e-02
 -5.8212888e-01
  6.3324052e-01
  8.8354182e-01
  4.5641685e-01
 -1.4236368e-01
  3.5287076e-01
 -5.3242630e-01
  3.9474916e-01
 -2.6711324e-01
  1.0258251e+00
 -8.3960211e-01
 -2.1791188e-01
 -3.6159697e-01
  8.8216633e-02
 -7.7008329e-02
 -6.4519942e-01
  5.2539229e-01
  1.3436361e-01
  6.0440853e-02
  2.3392260e-01
 -5.0654078e-01
 -4.5952894e-02
 -6.0613632e-02
 -1.2563787e-01
 -1.4993420e-01
 -1.6641322e-01
  2.3284259e-01
 -2.4485234e-02
  1.7042046e-02
  4.5935279e-01
  4.3651424e-02
  7.9720592e-01
  2.9513091e-02
  2.8695369e-01
  1.1348133e+00
  8.5824281e-02
 -6.6242345e-02
 -2.3382485e-01
  2.1932054e-01
 -3.6831908e-02
  4.4074285e-01
  2.8436255e-01
 -1.2957273e-01
 -3.1996301e-01
  2.5065616e-01
  1.9747731e-01
 -7.7637011e-01
 -2.0549762e-01
  1.7492479e-01
  2.4893291e-01
  2.1968357e-01
  2.7939549e-01
  7.6571190e-01
 -5.0176883e-01
  3.9545275e-02
  4.0714598e-01
 -2.0187284e-01
 -2.0219360e-01
 -2.5030622e-02
  8.2429683e-01
 -8.9394949e-02
  9.0262115e-02
 -1.8244264e+00
 -6.9421244e-01
  9.1858959e-01
 -1.7779568e-01
 -1.8042158e-01
 -2.3910546e-01
 -1.8241916e+00
 -9.3291096e-02
  1.6098835e-01
 -3.2842720e-01
  9.2774592e-02
  1.0419492e-01
  1.1869022e-01
 -2.3097573e-01
  3.9458454e-02
 -1.7951094e-02
  2.2690399e-01
  4.8904631e-02
 -9.0301804e-02
  1.3086374e-02
 -3.4039337e-02
 -3.9416057e-01
 -6.5743640e-02
 -1.7007238e-01
 -2.0020054e-01
  2.1740280e-02
 -1.9034791e-01
 -2.4999136e-01
  1.4732592e-01
  7.2203372e-03
  2.6695512e-02
  6.1996255e-02
  1.4584483e-01
 -7.7344172e-02
 -2.0246984e-01
 -5.7606053e-01
 -1.5442169e+00
  6.1276883e-01
 -8.3215833e-03
 -4.5314948e-03
  1.2581120e-01
 -1.0363085e-01
  1.5193312e-02
  1.2371312e-01
  5.9690818e-02
  5.8730755e-02
  6.0787322e-03
 -1.7075086e-01
  1.3767530e-01
  1.8471906e-01
 -3.0963483e-01
 -5.8968324e-02
  1.7616984e-01
  1.8579344e-01
 -5.1190045e-02
  8.1377678e-02
 -3.8228711e-01
 -3.8022304e-01
  4.2384971e-02
 -4.1059712e-01
  1.3865687e-01
  1.2820788e-02
 -1.8512098e+00
  3.0340245e-01
 -6.5127186e-02
 -7.3815105e-03
  2.8162456e-01
 -1.3415216e-01
  3.4045857e-01
 -3.6809993e-01
 -1.5407836e-02
 -6.1097678e-02
  3.5476615e-03
 -2.3150671e-02
 -1.3006175e-01
  1.4528838e-01
  1.4180771e-01
 -4.7672059e-02
  4.6152804e-02
  6.5788026e-03
 -1.6302501e-01
 -2.5849885e-01
 -2.1256839e-01
  6.2683964e-01
  6.3599862e-02
 -1.0131166e-01
 -1.4268757e-01
  3.8639206e-02
  1.3347083e-01
  6.4639173e-02
  6.8602324e-02
 -4.1097283e-02
 -1.7674429e-02
  3.9267856e-01
  5.9792791e-02
  1.6887531e-01
 -1.2982592e-01
  3.2681257e-02
 -7.6446384e-02
 -2.1994375e-02
 -3.0351941e-02
 -2.0268103e-02
  2.2935901e+00
 -1.1381902e+00
 -3.8906792e-01
  9.0436661e-01
 -4.1099725e+00
 -1.1263574e+00
  2.5011854e+00
 -9.6158546e-01
 -4.8943138e-01
  8.8290232e-01
 -1.0497435e+00
  4.2141393e-02
 -1.3061169e-01
 -6.5509278e-01
  3.4680143e-01
 -3.1457734e-01
 -7.9808193e-01
  1.7636091e+00
  1.1303316e+00
  2.1694811e-02
  3.0014992e-01
 -5.8656704e-01
  5.9921965e-02
 -6.9335926e-01
 -8.7298375e-01
 -4.8336327e-01
  9.2378736e-01
 -5.3714126e-01
  7.3571306e-01
 -1.5951754e-01
  1.6644216e-01
  1.3158144e-02
  9.3486232e-01
  1.7060405e-01
 -6.1453152e-02
 -5.0384015e-01
 -6.1322469e-01
 -2.3353364e-01
  1.7614312e-01
 -1.6813248e-01
 -5.5218875e-02
  1.2853805e+00
  3.3667848e-01
  2.6836506e-01
 -2.2569636e-01
  1.7465043e-01
 -9.1153428e-02
  3.0130217e-02
 -2.1555091e-01
  1.1913922e-01
 -7.2824858e-02
  1.1947368e+00
 -2.2263521e-01
  1.4101015e-02
 -6.8467990e-02
 -2.0063479e-01
 -4.5233935e-02
  9.3786083e-02
 -3.3298245e-01
 -2.3470192e-01
 -1.6034831e-01
 -2.2820939e-01
 -1.3681431e-01
  6.4710349e-02
  4.0847799e-01
  9.2843130e-02
  1.6607338e-01
  2.9312190e-02
  3.3069424e-02
 -3.0961746e-02
 -3.5895944e+00
  3.7003186e-02
 -1.8779069e-01
 -1.4616707e-01
 -1.0438381e-01
  1.8274210e-01
 -8.3316468e-02
  5.9363753e-01
  2.2947583e-01
  3.1498256e-01
  1.3445616e-01
  3.4386355e-02
  1.3649710e-01
  6.0509961e-02
 -2.2773656e-01
 -2.9031402e-01
 -2.2728281e-02
  1.6688375e-01
  1.0403191e-01
 -3.4995884e-02
 -3.9946500e-02
 -3.4797501e-03
 -1.7944208e-01
 -2.2402123e-01
 -3.3060487e-02
  5.2608490e-02
  6.4255719e+00
  5.8702141e-02
  1.1537217e-01
  1.3792285e-02
  1.0766394e-01
  3.7442058e-01
  4.7638364e-02
  9.2833646e-02
  4.1410442e-02
  7.5207599e-02
  4.0628750e-02
  1.9869403e+00
  1.5350376e+00
 -2.4762375e+00
  1.0439791e-01
  9.3469405e-01
 -2.9411671e+00
  1.2085367e+00
 -8.9619361e-02
  1.1806448e+00
  5.0545156e-02
  2.2673391e-01
  2.1103881e-01
 -3.2950453e-02
  1.6998240e-01
  4.3202725e-01
 -2.9666053e-02
 -7.2185225e-03
 -3.5868162e-01
 -2.3113592e+00
  6.4230347e-01
  1.0606749e-01
  4.2653251e-02
  1.2637862e+00
 -8.5404135e-02
  4.5746756e-01
 -5.5083573e-01
  2.1883007e-02
 -5.9141004e-01
  9.0183495e-03
 -3.0943698e-01
  3.3434346e-01
  5.9289110e-01
  1.0986104e-01
 -2.6294203e+00
 -2.6325341e-02
  2.5632480e-01
  6.0225201e-01
  1.1276418e+00
 -7.5076781e-02
 -4.5418113e-02
 -1.3961899e-01
  2.5268385e-01
  4.2419785e-01
 -9.4025619e-02
 -1.1465258e-01
 -1.9098358e-01
 -1.8935676e-01
 -2.1360834e-01
  1.1093444e-01
  3.3920428e-01
  3.6050704e+00
 -2.1966429e-01
  1.8917482e-02
  2.2027554e-01
 -5.9455436e-01
  2.0419662e-01
  8.2471281e-02
 -1.1543438e-02
 -6.1385710e-02
 -2.5069343e-02
  7.1771771e-01
  1.8973248e-01
  5.0609559e-02
 -5.6154323e-01
 -2.9240415e-01
 -9.0560094e-02
  1.2215745e-01
 -2.2302546e-01
  1.3167671e-02
 -3.9587235e-03
  2.0905685e-01
 -1.9418719e-01
 -2.1439800e-02
 -9.5114879e-02
 -3.0560493e-02
 -2.8123042e-01
  1.2727477e-01
 -7.2062649e-02
  4.5638779e-01
 -5.4702662e-02
  1.1351087e-01
 -8.5002802e-02
  1.5900228e-02
  6.2112357e-02
 -1.0005670e-01
 -1.7218092e-01
 -1.1684272e-01
 -1.9059353e-01
 -8.9553677e-02
 -1.2052464e-01
 -2.1194406e-01
  1.2122604e-01
 -4.6559924e-01
  5.8837414e-02
  1.5148592e-01
 -3.8754486e-02
 -5.7357010e-02
 -1.5728198e-02
 -1.6221669e-01
  8.5608754e-03
  4.6230370e-01
 -4.5266083e-01
  2.2972302e-01
  7.9894453e-02
  1.3057046e+00
  1.2364156e-01
  4.5380492e-02
  4.1613635e-02
 -1.2425618e-01
 -1.8252708e-01
 -3.1259862e-01
 -8.7930351e-02
  5.6650173e-02
  9.0553194e-01
 -9.2307135e-02
  9.3196630e-02
  1.2950738e-02
 -6.8707980e-02
 -2.5538826e-01
 -9.6034229e-02
 -7.9763360e-02
 -1.7143046e-02
  2.5584760e-01
 -2.9994294e-01
 -1.0654662e-01
  6.0641712e-01
 -1.5701327e-01
 -1.1807612e-01
  1.0879833e-01
  2.3686185e-02
  6.5819845e-02
 -1.2283217e-02
 -1.6799913e-01
 -3.1679642e-01
  1.8821430e+00
 -1.2302924e-01
 -7.0306569e-02
  1.2598945e-01
 -5.8878902e-02
 -1.8211016e-01
 -1.4444738e-02
  2.4731225e-01
  2.2846927e-01
  8.0184475e-02
 -1.2969077e-01
 -1.8074696e-01
 -1.2073521e-01
  2.1662021e-02
 -6.9212697e-02
 -3.0512458e-02
 -5.0263744e-02
  1.1458773e-01
 -1.0510333e-01
  2.1320561e-01
  3.2442056e-02
  1.1550479e-01
 -3.2544028e-02
  1.6817620e-01
 -1.9087577e-01
 -7.8429058e-02
 -4.6880433e-01
  1.2755987e-01
  6.5537566e-01
 -1.1677276e-01
  2.8820632e+00
 -2.9694292e-01
 -5.7735074e-01
 -7.2126895e-02
  1.6570551e+00
 -1.5021801e+00
 -4.8733535e+00
 -3.6064702e-01
 -1.1513714e+00
  5.7348400e-02
  4.8954287e-01
  7.0309931e-01
  8.1477962e-02
 -1.8284604e-01
 -1.5811415e-01
  7.2255421e-01
  4.8721293e-01
 -5.4887187e-01
  3.8389331e-01
  7.2843440e-02
  3.4805205e-01
 -1.7981035e-01
  3.4122407e-01
  1.4124960e-01
  1.5307216e-01
  9.9710011e-01
 -9.6153951e-01
  4.4430193e-01
  6.6266395e-02
  5.2173001e-01
 -1.5619830e+00
  1.2326368e+00
  1.0735487e-01
 -3.8308930e-01
  3.4000427e-01
  9.1043726e-02
  1.2858056e-01
  1.4885488e-01
  5.3450078e-01
  8.4366590e-02
 -3.1451877e-02
  7.2890073e-02
  1.0359819e-01
 -1.5883708e-01
  2.9902731e-03
  1.4323917e-01
  2.5984618e-01
 -2.3801792e-01
 -1.1085917e-01
 -2.7874261e-01
  1.1348748e+00
 -2.7443823e-01
  2.6809931e-01
  3.8292760e-01
 -1.4549214e+00
 -3.6152381e-01
 -4.1524652e-01
 -9.4224013e-02
 -6.6045612e-02
  1.2640138e-01
  9.8844314e-01
  1.4275882e-01
 -2.1570584e-02
  2.0942168e-01
 -1.2007692e-01
  6.8454489e-02
 -2.3640457e-01
 -2.3432937e-02
  6.8867064e-01
 -2.8506556e-01
 -1.4149450e-01
  1.0316457e+00
 -7.2971016e-02
 -8.8232964e-02
 -7.0085031e-01
 -9.4323479e-02
 -7.1593392e-01
 -1.1710435e-01
 -8.9807972e-02
 -6.3503379e-01
 -7.6272100e-01
 -1.8682483e-01
  1.5154755e-01
 -5.5334125e-02
  9.2076324e-02
  3.3570844e-01
  5.3449684e-01
 -2.4172460e-01
  1.2033722e+00
 -1.0451779e-01
  2.7653968e-01
  7.8661200e-03
  8.2035378e-02
  1.1497194e-01
 -5.0286198e-01
  2.1833394e-01
  2.4594678e-01
  5.6919676e-01
  9.1082118e-02
  1.7420861e-01
  1.3520199e-01
  2.5152653e-02
 -8.2060538e-02
 -1.2106647e-01
 -1.8581080e-01
 -2.3134300e-01
  9.0902519e-01
 -1.9985688e-01
  1.4190742e-01
 -3.2491758e-01
 -9.0478837e-01
  8.4679586e-01
 -1.1446061e+00
 -1.4759503e-01
  9.0447718e-01
  2.4100973e-01
  7.4454135e-01
  1.0917169e-01
  1.7771308e-01
 -8.4153585e-02
 -1.3947397e+00
 -1.9127753e-01
 -3.9867889e-02
  1.2184219e+00
  7.6500273e-01
  9.2874497e-02
  8.7879665e-02
 -1.6629806e-01
 -1.1076510e+00
 -3.1552455e-01
  5.9092891e-01
 -1.1197778e-01
 -4.3744537e-01
 -6.1661059e-01
 -2.3319344e-01
  3.4698758e-01
  1.8788208e-01
  7.0465404e-01
 -1.2281267e-01
  2.1056863e-02
 -1.5379505e-01
 -3.8813049e-01
 -3.7030250e-02
  3.7316632e-02
  2.7014118e-01
  1.2491048e-01
  1.6090018e-01
  3.3307949e-01
 -6.8263516e-02
 -5.2943945e-01
  3.6352122e-01
 -6.6486317e-01
  3.9573753e-01
 -2.1794850e-01
  1.1184488e-01
 -8.6968027e-02
  6.3545115e-02
  5.8895272e-01
  3.1955492e-01
 -9.6794860e-03
  5.9585339e-01
 -1.4167164e-01
  4.4745758e-01
  2.2717778e-01
  1.3750971e-02
 -5.6680351e-02
  1.6388800e+00
 -7.6881170e-01
 -3.7211609e-01
  4.2219001e-01
 -2.1956599e-01
 -1.5691595e-01
  1.8420164e-01
 -7.1252406e-01
  9.2797801e-02
 -4.0609863e-01
  4.7660518e-02
 -1.0421493e-02
  5.4288056e-02
 -6.5522927e-01
  1.2561810e+00
 -1.0803424e-02
  3.5123301e-01
 -4.6940196e-01
 -3.9688531e-01
  6.0864653e-02
 -5.7729268e-01
  1.1755851e-01
 -7.8497373e-02
  7.2979838e-01
 -6.1036095e-02
  9.2293680e-02
 -3.6954457e-01
  4.9493203e-01
 -3.9640993e-01
  1.9063522e-01
  1.5938716e-01
 -2.4734519e-01
  1.4314726e-01
 -2.8322774e-01
 -1.1276537e-01
  1.8946719e-01
  4.0725601e-01
  1.8358043e-01
 -4.0977287e-01
 -2.0184974e-01
 -1.4732872e-01
  3.3494964e-01
 -4.1661486e-02
  7.6878525e-02
  2.0332350e-01
  8.3020650e-02
 -1.3226636e-01
  2.6042098e-01
  1.4711429e+00
  7.8036885e+00
 -1.7803049e+00
 -5.3312713e-01
  2.5645310e-01
 -1.3341411e+00
  1.7040799e+00
 -1.1331944e+00
  3.5641402e-01
  7.8293163e-01
  3.4368286e-01
  5.2643675e-02
 -4.0331710e-02
  3.6659560e-01
 -1.0941396e-02
  1.4676147e+00
  4.3409368e-01
  2.2861636e-03
  1.2655514e+00
 -2.5544444e-01
 -8.5455135e-02
 -4.1258985e-01
 -1.4108373e-01
  3.1034249e-01
  5.2359676e-01
 -1.2456574e+00
  2.1830769e-01
 -1.6511837e+00
  1.0742072e+00
 -1.4484475e+00
 -1.0080575e+00
 -6.2343311e-01
 -5.7157713e-01
  2.2925478e-01
 -7.8000557e-01
  1.3331367e+00
  2.9325798e-01
 -1.2818385e+00
 -3.1665310e-02
  5.0756210e-01
 -2.1504557e-01
 -2.2714995e-01
  7.0288944e-01
 -2.3330052e-01
 -3.7635443e-01
  4.9561289e-01
  2.3296833e-01
 -4.5234915e-02
 -8.5507512e-02
  3.2994959e-01
 -1.8713371e-01
  6.5237886e-01
  6.0591263e-01
  1.1304714e-01
  2.2182833e-01
  2.1893289e+00
 -1.1099149e-01
 -1.0358061e+00
 -1.1226267e-01
  1.9237579e+00
  2.1255212e+00
  1.8875542e-01
 -1.7891690e+00
  4.1459289e-01
 -4.8986459e+00
  7.9315327e-02
  9.5374100e-02
 -7.2153889e-02
  1.1177076e+00
  9.5788740e-02
  4.2051378e-01
  4.4848743e-01
 -2.9140210e-01
 -1.3150077e-01
 -1.8124686e-01
  4.7095114e-01
 -7.7897578e-01
  6.5478109e-02
 -1.1689647e+00
  6.0724324e-01
 -2.8991657e-01
 -1.8565664e-01
 -3.8047597e-01
  2.2223692e-01
  1.3142857e-01
  6.8179941e-01
  1.1059296e+00
  1.6805220e+00
 -3.8880804e-01
  2.6776212e-01
  2.7098215e-01
  1.9283917e+00
  4.6647105e-01
  2.6356041e-01
  3.3468779e-02
 -4.9870151e-01
 -1.5655448e-01
  1.1008874e-02
  6.3362783e-01
 -3.8295600e-01
 -1.4102542e+00
 -1.2881973e-01
 -2.0401232e-02
  6.5366107e-01
  3.9371356e-01
 -3.5020694e-01
  2.5753513e-01
  2.8559500e-01
  2.6298201e-01
  2.3689364e-01
  1.7492834e-02
  2.2642078e-02
 -3.2050905e-01
  6.5215394e-02
 -1.3846888e-01
 -4.5162551e-02
  8.8417649e-01
 -1.2967151e-01
 -6.7148224e-02
  6.9717839e-02
 -1.0424102e-01
  1.0509025e-01
 -8.9055330e-02
  2.5540331e-01
  8.9213038e-03
  8.6637631e-02
  4.2991329e-02
  1.7293814e-01
  5.5351671e-02
 -1.3528016e-01
  5.5045269e-02
  4.2121239e-02
 -1.0812295e-01
 -2.2546832e-01
  6.7816116e-02
  5.9961587e-02
  5.0185722e-01
 -1.6776422e-01
  6.6794731e-02
 -1.7798273e-01
 -2.2530682e+00
 -5.0069606e-03
 -1.3862191e-01
 -1.5556437e-02
  1.6060947e-01
 -2.1187891e-01
 -3.4088665e-01
  1.6847260e-01
 -2.6403889e-03
 -3.8103628e-01
  1.4860424e-01
 -1.3488038e-01
  4.0972870e-02
 -2.3408797e-01
 -3.5860509e-02
 -3.6594227e-02
 -5.3193140e-01
 -1.9731057e-01
 -1.8980775e-02
 -2.7347211e-02
 -2.1433339e-02
 -1.7416801e-01
  3.7113848e-01
 -4.8025769e-01
 -6.3820243e-01
  1.8594478e-01
 -5.7270747e-02
  4.6691853e-01
 -5.7423234e-01
  7.9598967e-03
  4.3807247e-01
 -9.0543151e-02
 -3.7845403e-01
  4.8237886e-02
  2.7229331e-02
 -4.3900624e-02
 -2.9971820e-01
  1.0309480e-01
  1.7333323e-01
  8.5584477e-02
 -2.4089195e-01
  1.2046362e-01
  6.3123694e-04
 -9.3045913e-02
  5.3496929e-03
  1.1647654e-01
  9.2799999e-02
  3.0765938e-02
  1.3696773e-01
 -1.0811736e-01
  7.8053772e-01
 -2.2894184e-01
 -4.4454762e-01
 -4.9813738e-01
 -8.2390450e-02
 -4.2653810e-03
 -3.7533718e-01
 -1.6619068e-01
  1.0480249e-01
 -4.3368936e+00
  9.9423073e-02
 -1.2846802e-01
 -9.4508618e-02
 -1.9347157e-01
  3.4318593e-01
  9.5498368e-02
 -5.3397787e-01
  6.9273852e-02
  9.2485145e-02
 -2.6170096e-01
 -2.7905023e-02
 -1.5068078e-02
 -2.5386861e-01
 -1.5359870e-02
 -1.5587422e-01
 -7.1851999e-01
 -8.4559304e-01
  2.7627471e-01
  1.3841136e-01
 -9.3624845e-02
  4.6310565e-01
 -5.7416272e-01
 -6.9298637e-01
  5.1071823e-01
  1.9575554e-01
 -3.8214501e-02
  3.2306629e-01
  2.1381487e-01
 -3.5549987e-02
  6.2564319e-01
  1.1292285e-01
  1.9333591e-01
  2.8085235e-01
 -8.4965289e-01
 -1.1258691e-01
 -4.4634208e-02
 -2.4300407e-01
 -1.9701926e-01
  6.5861928e-01
 -2.9726690e-01
  7.2652452e-02
  3.5566908e-01
  6.4351954e-02
 -2.1120493e-01
 -1.0109972e+00
  1.8022892e-01
  3.4124699e-01
 -2.6576546e-01
 -3.6344337e-01
 -1.7143066e-01
  8.6004451e-02
  7.2213396e-02
 -7.0181835e-01
  7.2692108e-01
  5.0864553e-01
 -2.4542901e-01
 -7.3718983e-01
 -1.6863340e-01
 -7.9350597e-01
 -1.0924653e-01
  8.7658726e-02
 -1.6869420e-01
  1.7689814e-01
 -2.1276231e-01
 -1.1198189e-01
  8.8008881e-01
  3.5147372e-01
 -1.0798960e-01
  2.1359681e-01
 -3.5597047e-01
  1.5766057e+00
 -6.8785113e-01
 -4.1765794e-01
 -5.3068817e-01
  2.2466533e-01
  1.7739373e-01
 -8.9876018e-02
 -1.6480263e-01
 -2.0319267e-01
 -4.4343781e-01
 -8.0868769e-01
 -2.7612934e-01
 -3.4227666e-01
 -6.5100133e-01
 -1.6406916e-01
 -5.7437122e-01
 -2.8691810e-01
  5.4021519e-01
  8.3546007e-01
  1.0100936e-01
  5.4657729e-03
 -5.5947132e-02
  4.4061668e-02
 -3.5190497e-02
  3.3142704e-01
  3.7867877e-01
  1.1304806e-01
  4.9862283e-01
 -1.8893147e-01
  2.4637032e-01
  4.5571399e-01
  7.3815531e-01
 -5.3519875e-01
  1.3000768e+00
  6.8456900e-01
 -2.1812600e-01
 -1.9424304e-02
  9.0079212e-01
 -3.3079680e-02
 -6.9193810e-02
 -1.3021177e-02
  3.2867348e-01
  1.3004994e-01
  3.6138022e-01
  1.4313941e-01
  1.4178216e-01
  3.3416009e-01
  1.0018947e+00
 -1.4425613e-01
  2.8682163e-01
 -1.3399608e-01
 -1.6740845e-01
  4.8003543e-02
 -7.8107029e-01
 -2.0324059e+00
  8.3795702e-01
 -1.8428467e-01
  1.2233211e-01
  1.6416602e-01
  4.7136456e-01
  2.8932753e-01
 -1.3423097e-01
 -1.9902423e-01
 -3.2036239e-01
 -8.7121144e-02
 -3.0652130e-01
  2.6312286e-01
  2.4599747e-01
 -2.8344879e-01
 -8.1359677e-02
 -2.6724148e-01
  1.1183635e-01
 -7.2130404e-02
 -7.5357914e-01
  1.5639806e-01
  1.3766436e-01
 -6.3704257e-03
  1.3337509e-01
 -2.6318657e-01
  1.4332250e-01
  5.8849450e-02
 -3.0255684e-01
 -1.0081772e+00
 -2.1220586e-01
 -9.6185791e-01
  2.6495409e-01
 -2.4752349e-01
  1.0297827e-01
  1.4517201e-01
 -5.0318744e-02
 -1.3221784e-01
 -1.1807615e-01
  2.8908435e-01
  1.3947859e-01
  6.2432863e-02
  1.0536929e-01
  1.3126827e+00
 -1.2039725e-01
 -6.8320587e-02
  2.5160798e-01
 -5.7350492e-01
  7.1861573e-02
  1.4462584e-01
 -1.1871844e-01
  4.1408673e-02
 -7.5841052e-03
  2.0119107e-01
  2.1473002e-01
 -9.1663450e-01
  1.4474729e+00
 -9.9667782e-01
  5.7112612e-02
  8.9569080e-01
 -4.1504157e-01
 -3.9413428e-01
  6.1222661e-01
  2.8630042e-01
 -1.2601431e-01
  7.1019942e-01
  1.1342201e-01
 -1.7715702e-02
 -4.6538737e-01
 -1.9463974e-01
  8.2735085e-01
 -4.3512368e-01
 -2.6066166e-01
  1.6434491e-01
  4.4604275e-01
  4.8214704e-02
  1.1657402e-01
 -2.5423941e-01
  4.5557076e-01
  2.4036501e-01
  4.9041953e-02
  1.0712533e+00
 -8.3845584e-03
 -6.3371465e-02
  7.1071535e-02
 -7.1107849e-02
 -7.6127900e-03
 -2.6575610e-02
  4.2537089e-02
  7.2651193e-02
  4.8327777e-01
  3.7873760e-01
  5.8433497e-01
  3.1553116e-01
 -2.6961563e+00
 -2.2949670e-01
  4.1544789e-01
 -1.0926832e-01
  6.5054409e-03
  4.1072994e-01
 -2.0424634e-01
 -2.2599214e-01
  1.9696387e-02
 -8.6171585e-01
 -1.3284589e-01
  1.6627460e+00
  1.3780659e-01
  3.1463480e-01
 -1.6092968e-01
  4.5201421e-01
  2.1471389e-01
  3.0806515e-01
  3.3012806e-05
  1.5787715e-01
 -5.2231443e-01
  2.1571191e-01
 -1.1357917e-01
 -3.7951000e-02
 -1.8094172e-01
  5.9205946e-02
  7.8819439e-02
 -1.0346887e-01
  5.5700219e-03
 -4.0971775e-02
 -2.8797713e-01
 -2.4481319e-01
  3.0129204e-02
 -3.5244569e-02
 -6.2927395e-01
 -2.9805434e-01
  9.3490385e-02
 -2.4185924e-01
  7.6999202e-02
 -5.8944452e-01
  5.9533123e-02
 -6.9248907e-02
 -5.9960123e-02
 -7.5030595e-01
 -2.1176551e-01
  2.7111056e-01
  9.8118716e-01
  2.2744022e-01
 -1.1690211e-01
  3.3730870e-01
 -1.9270153e-01
 -1.9982728e-01
 -1.0326456e-01
 -1.4152057e-02
 -1.1425541e-01
 -3.0238269e-02
 -4.6443053e-02
 -1.9733973e-02
 -2.3498192e-01
  1.0140526e-01
  6.6228688e-02
  6.5664977e-02
 -1.9903882e-01
  2.8885648e-02
  1.0410402e-02
 -5.4128602e-02
 -2.6498750e-01
  1.3009086e-02
 -4.9443845e-02
 -2.2309941e-01
  1.8666188e-01
 -3.5657555e-01
 -5.2372581e-01
  1.4939906e-02
 -2.5721255e-01
  2.1660152e-01
 -3.3833987e-01
 -4.6701267e-02
  3.1840441e-01
  2.1535531e-01
  9.7668529e-02
  6.0911760e-02
  5.4074533e-02
  1.1020240e-01
  2.6722554e-02
  2.8914087e-02
 -1.9469762e-01
 -8.0900919e-03
 -1.6899785e-01
  1.6424258e-01
 -2.1235196e-01
  2.3924845e-01
  6.7490138e-02
  3.4503850e-01
 -2.4210349e-01
  1.9960569e-01
  2.6976106e-01
 -4.3275595e-01
  4.4520330e+00
 -4.0919113e+00
  7.2932690e-02
  7.2215937e-02
  2.2540745e-01
 -2.6311171e-01
 -1.6105244e-01
  1.7273751e-01
  1.9596872e-01
 -6.5082572e-02
 -1.2380143e-01
  7.1720339e-02
  3.0187732e-01
  3.0192220e-01
  8.8955671e-02
  2.1531187e-01
 -1.8001899e-01
 -1.4442246e-01
  4.5165543e-02
  1.7149879e-01
 -8.2788005e-02
 -1.6057020e-02
 -2.4201801e-01
 -1.9031896e-01
 -8.4342465e-02
 -5.5804151e-01
  6.4976740e-01
 -1.3977685e+00
 -4.4590858e-01
  1.0617675e+00
 -3.5760656e-01
 -6.8858474e-01
 -1.6776990e+00
 -3.0002078e-01
  2.3498069e-01
  4.9539238e-02
 -1.8768723e-03
  6.3217282e-02
 -6.7409813e-02
  1.1869878e+00
  3.5854641e-01
 -1.0378555e+00
  1.6495069e-02
 -1.2430813e+00
  5.7263708e-01
  4.6727368e-01
  2.0276006e-02
  4.8120794e-01
  3.0769214e-01
  1.8619347e+00
 -7.2320861e-01
  1.1947141e-01
 -6.5642476e-01
 -2.8935736e-01
  7.3806578e-01
 -7.2998025e-02
  6.2819824e-02
 -3.8377872e-01
  7.7982292e-02
 -7.6202464e-01
  3.3600843e-01
 -1.0442519e+00
 -3.3908254e-01
  5.1327705e-01
 -2.7675706e-01
  2.6221767e-01
 -4.6130726e-01
  2.3820236e+00
  2.5719404e-02
  2.0502801e-01
 -3.2033131e-02
 -1.5314944e-01
  1.2448649e-01
 -1.2535314e-01
 -2.5119781e-01
 -2.4077196e-01
  1.5236793e-01
  1.2364811e-02
  1.1446506e-02
  1.3724015e+00
  4.0808630e-01
  8.9541048e-01
 -2.4386822e-01
  3.4067243e-01
  8.7573719e-01
  2.9805976e-01
 -2.5805944e-01
  6.5697110e-01
  2.1580685e-02
  1.3174327e-01
  2.2573648e-01
  1.1788898e-01
 -3.6406495e-02
  1.1416946e-01
  4.4003686e-01
 -4.3210417e-01
 -5.2364284e-01
 -7.3120072e-02
  1.4425233e-01
  3.3262596e-01
  7.2603337e-02
  1.5330099e-01
 -1.1331877e-01
  2.7942529e-01
 -2.1923484e-01
 -4.2903078e-01
  2.1675743e-01
 -2.1070918e-01
 -7.1568823e-01
 -5.9913462e-01
 -3.9858544e-01
 -5.1050776e-01
  5.4692823e-01
 -1.3362043e-01
  6.3753478e-02
 -1.1625830e-01
 -1.0062391e+00
  2.7949443e-01
  1.7723292e-01
  1.0510939e+00
  3.0393457e-01
  1.5185249e-01
 -4.2563444e-01
 -4.4283707e-02
  2.5020648e-02
  1.0660719e-01
  6.2517501e-02
  3.3596441e-01
 -7.4544117e-02
 -2.1357754e-01
  9.0897426e-02
 -8.1040718e-02
 -1.0771100e-01
 -3.8712189e-02
 -1.1132120e+00
 -2.7678542e-02
  6.4162958e-01
  6.9860631e-01
 -4.6651161e-01
 -4.0199861e-01
  1.1479813e+00
  5.9982624e-02
  1.2445328e-01
 -5.0827200e-03
 -1.1784332e-01
  6.7457907e-02
  8.4743902e-02
  3.4609732e-01
 -3.5498184e-01
  5.3128928e-01
 -7.9490542e-01
  7.8487352e-02
 -3.9865878e-01
 -1.4631161e-01
 -2.9981760e-02
  1.0946057e-01
 -6.5430576e-01
  4.9998194e-01
 -7.8550756e-02
  2.5007388e-02
 -3.0557466e-01
 -6.4994615e-01
  5.5405039e-01
 -1.8037234e-01
  1.1006681e+00
  8.0361509e-01
 -7.1551681e-01
 -5.5309403e-01
  5.8209640e-01
  5.0214380e-01
  1.1876427e-01
 -2.7843794e-01
 -3.6479715e-01
 -7.0903800e-02
 -2.0686221e-01
 -5.6966329e-01
 -2.7877912e-01
 -4.2513344e-01
 -1.1226265e-01
  1.0411219e-02
 -1.6267450e-01
 -4.8216313e-02
 -3.3484739e-01
 -5.1391497e-02
  5.7180363e-01
  1.3819976e+00
  1.6672738e-01
  1.9533072e+00
  2.4353864e+00
  5.9237391e-01
 -3.6715388e-01
 -7.4227937e-03
 -1.1148959e+00
  9.3554735e-01
 -8.0575520e-01
  6.8108398e-01
  1.6403092e-01
 -4.1100407e-01
 -5.4043187e-03
  6.6427104e-02
 -5.8666712e-01
 -1.8505971e-01
 -2.5201812e-01
 -1.4539626e-01
 -1.7807481e-01
  1.1503913e-01
 -2.2579718e-02
  1.7601505e-01
  4.0718872e-02
 -1.7627370e-01
 -2.2350727e-01
  1.6961084e-01
  9.8582551e-02
 -5.3020495e-01
  1.2739508e-01
  9.8834074e-01
 -3.3967331e-01
  1.3044404e+00
 -4.2038909e-01
 -1.6814016e-01
  4.7618872e-01
 -1.4741938e-01
 -1.1442812e-01
  2.6665288e-01
 -5.9487456e-01
 -1.1366577e-01
 -1.3556243e-01
 -2.1152182e-01
 -9.3406282e-02
 -6.8932724e-01
  2.2746763e-01
 -5.7875488e-02
 -6.4987019e-02
 -9.8280199e-02
  6.4375915e-02
 -1.8479788e+00
 -6.7909241e-02
 -1.9862993e-01
 -2.3872532e-01
 -1.2273464e+00
  1.0666496e-01
  3.7862438e-01
 -2.6842673e+00
  2.2836533e+00
  1.5902040e+00
 -3.8296831e+00
  4.9185470e-01
  2.4836829e+00
  3.5539215e+00
 -2.7150553e-01
  3.0921509e-02
 -1.0128003e+00
 -4.2392328e-01
  1.7766385e-01
  9.3876898e-01
 -1.9799295e-01
 -1.0812724e+00
  5.0458688e-01
  6.0937065e-01
  4.0361732e-01
 -3.4764007e-01
 -6.8183035e-01
  2.1136439e-01
  1.6753439e+00
  7.7392340e-02
  4.6797067e-01
 -2.2133121e-01
 -1.5370984e-01
  7.7628666e-01
 -9.7728425e-01
 -6.2623733e-01
  1.6322155e+00
  2.3613126e+00
 -8.3589071e-01
 -2.0441642e-01
 -4.1345921e-01
  2.0541610e-01
  6.3160467e-01
 -6.2846196e-01
 -3.4743425e-01
  2.8798395e-01
 -9.2712194e-01
 -9.9228400e-01
  1.1545260e+00
  1.8799067e-02
  1.9885564e-01
 -8.1412800e-02
 -4.5419970e-01
 -1.6579343e-01
  4.1966807e-02
  1.3868573e-01
  1.4952011e-01
 -1.7401624e+00
  1.1680336e-01
 -6.6931462e-01
 -1.1736007e-01
  4.8279814e-02
  1.7306235e-01
 -1.1438114e-01
  4.5445743e-01
 -8.0334216e-02
 -1.0244387e-01
 -3.3700690e-03
  1.8389562e-01
  4.5124818e-02
  3.3519261e-02
 -3.4996171e-02
  4.6851844e-02
 -1.1535849e-01
  3.2796007e-02
  7.5602762e-02
 -1.8101561e-01
 -4.4063937e-02
 -1.6103065e-01
  9.3914568e-02
  1.0566685e-01
  1.3340653e-01
 -9.9247873e-02
 -3.5724562e-01
  1.5612240e-01
 -3.6973312e-01
 -1.7141919e-01
 -5.5160242e-01
  4.7867939e-01
 -1.7786741e-01
 -1.5458485e-01
  3.6443284e-01
  1.5813835e-01
  2.5441089e-01
 -1.4214867e-01
  5.6148899e-01
  1.6310208e-02
  9.9066101e-02
 -2.1321195e-01
 -1.0280156e-02
 -1.8049422e-01
  4.3640220e-01
 -3.2077321e-01
 -3.0800331e-01
  2.8638220e-01
  6.9759965e-02
  1.7281717e-01
 -1.8095018e-01
 -3.0931937e-02
 -3.3255834e-02
  2.1468949e-02
  1.5721726e-01
  1.9097954e+00
  1.8440893e-01
 -1.7046394e+00
  9.9117923e-01
 -2.9977483e-01
 -3.6382031e-01
 -3.5164601e-01
  1.0562850e-01
 -2.8359303e-01
 -1.2603583e+00
  1.5708008e+00
 -1.2075292e-01
  5.3146291e-01
  2.3757702e-02
 -4.0967930e-02
 -1.6777694e-01
  6.5080273e-01
  2.1815266e-02
 -7.1327649e-02
 -1.0360733e-01
  1.6533020e-01
 -6.2513083e-02
 -1.8374859e-01
  1.8868323e-01
 -4.1217130e-02
 -4.0946278e-01
  1.9756991e-01
  1.2527314e-01
  4.2335376e-02
 -3.0937678e-01
  1.6747993e-01
 -1.3553379e-01
  1.2619701e-01
 -9.5528401e-02
  8.4966533e-02
 -1.1446995e-01
  3.6184683e-01
 -9.5736042e-02
 -3.9498383e-01
  3.3305521e+00
 -3.3438492e-01
  3.9105926e+00
  2.9628092e-01
 -5.5992740e-01
 -1.0468110e+00
 -1.9257344e-01
 -2.9965711e-01
  1.1579537e-01
 -8.2224458e-03
  1.0261781e-01
  2.0936824e-01
  3.0209249e-02
 -4.3851854e-03
  2.5258873e-02
 -2.6634938e-01
 -3.9474849e-02
  6.4284734e-02
 -8.3443940e-01
 -2.5234962e-01
 -2.5496399e-01
 -4.3382001e-01
  5.9466833e-01
  4.2478576e-01
 -1.4926322e+00
 -1.0341865e+00
 -5.2470410e-01
 -7.2064638e-02
 -1.5335567e-01
  1.4174019e-01
 -4.1226059e-01
  6.3182282e-01
 -2.9057452e-01
  5.5211204e-01
 -3.0775952e-01
  2.3342948e-03
 -4.5433003e-02
  2.3129848e-01
 -3.8854977e-01
  2.9180729e-01
  1.5188607e-02
 -1.2633283e-01
  4.1749355e-01
 -2.2897354e-01
 -7.2048825e-01
  3.2035175e-01
  1.0637433e-01
  4.1171700e-01
 -6.0333353e-01
 -1.5849540e-01
 -2.7849355e-01
  1.5410811e-01
  4.2450494e-01
  1.1441350e-01
 -1.0438915e-01
  1.9938341e-01
 -2.9826194e-01
  1.1860368e-01
 -9.0345077e-02
  9.9328071e-01
  9.5395528e-02
 -1.6213921e-01
 -3.2989392e-01
  1.4440113e-01
 -1.4314178e-01
  3.1757779e-02
 -1.0330956e-01
  4.7600797e-01
  3.6463633e-01
 -2.8075268e-02
  8.1441917e-02
 -7.2250652e-01
  5.2160531e-01
  4.3555674e-01
 -1.3456783e+00
 -1.2492266e+00
 -6.6786194e-01
  4.3557024e-01
 -2.3754984e-02
 -9.8887861e-02
 -1.6958255e-01
  1.1955003e+00
 -3.3890563e-01
 -2.9868880e-01
 -2.5791589e-02
  2.5290790e-01
 -7.9578552e-03
 -6.8355732e-02
  3.5341057e-01
  2.9142272e-01
 -1.6039578e-02
 -9.1878928e-02
 -1.9242162e-01
  2.0289455e-01
 -4.9230087e-01
  3.9882094e-01
  3.6718720e-01
  2.1855700e-01
 -3.1060714e-01
  4.3994221e-01
  6.9312257e-01
  6.1072534e-01
 -2.5467932e-01
  1.1056602e-02
  5.2791727e-01
 -9.9586984e-03
  1.9030197e-01
  6.2480211e-01
 -4.0970907e-01
 -2.8431842e-01
 -2.0308135e-01
 -5.9511566e-01
 -3.9728013e-01
 -1.3118656e-01
 -3.6174327e-01
  3.8397114e-03
 -4.4624460e-01
 -1.6812233e-02
 -1.6565803e-01
  1.7409755e-01
  1.9704512e-01
 -9.2152900e-01
 -5.2741337e-01
 -2.1805710e-01
  1.1332191e-02
  1.8810745e-01
 -1.0994655e+00
 -1.8627889e-01
 -5.2203709e-01
 -1.0672221e-01
 -1.6075997e+00
 -4.9080038e-01
 -6.1530578e-01
  9.7864681e-01
  6.3400805e-01
  1.3842880e+00
  5.8829951e-01
  1.6703285e-01
 -1.3456937e+00
  1.6310780e-01
  2.7905342e-01
 -1.4266798e-01
  4.7059324e-01
  5.9137356e-01
 -1.5834719e-01
  7.9760849e-02
  2.0454432e-01
  1.2245532e-01
  1.5004246e-01
  1.2922853e+00
 -3.2709521e-01
 -3.6876029e-01
  4.2112565e-01
  7.1088254e-01
  3.6596712e-01
 -1.4816539e-01
 -6.1877053e-02
  4.9334712e-02
  5.0715601e-01
 -4.5705366e-01
  1.7300572e-01
 -2.6747900e-01
  1.0846723e+00
 -3.0679309e-01
  1.2549120e-01
  1.3277553e-01
  1.5198800e-01
 -7.7632803e-01
 -4.5512134e-01
 -1.2009797e-01
  7.4705428e-01
 -2.4677181e-01
 -3.7124041e-01
 -4.4064425e-02
 -1.2387836e-01
 -2.4837399e-01
  2.4444001e+00
  4.5212165e-01
  3.1015971e-01
  2.9807305e-01
 -2.1385990e-01
  9.6076536e-01
  7.5159810e-02
  3.0149037e-01
 -7.9421794e-01
  2.5838060e-02
 -1.6113199e-01
  7.5175041e-01
  6.2176907e-01
  2.0405042e-01
 -3.8419943e-02
 -1.2812155e-01
 -1.3601840e-01
 -1.0818283e-01
 -6.9450930e-02
 -3.4786921e-02
 -2.8423202e-01
 -3.2283124e-01
 -1.2091018e-01
  1.3941103e-01
 -3.0323416e-01
 -5.8530055e-02
 -1.8243486e-01
 -1.5513356e-01
 -3.8632080e-01
 -1.1091455e-01
  2.4088752e-01
 -2.8517252e-01
  7.8609124e-02
 -3.2356721e-01
 -2.6059503e-02
 -1.7066041e-02
 -3.5253456e-01
  2.6270913e-02
 -9.6244127e-02
  1.5092567e-01
  6.7961711e-01
  9.8123243e-03
 -2.7827611e-02
  2.0385166e-01
  1.5069519e-01
  1.5052921e-01
 -1.1532187e-01
 -6.6554777e-02
 -1.9961286e-01
 -2.2461580e-01
 -2.0967777e-01
  7.0166075e-01
 -4.3363369e-01
  4.7180254e-02
  8.5076952e-04
  1.1824198e+00
 -1.3032864e-01
  3.4164837e-01
  6.0129851e-01
 -1.3060880e-01
  3.9359930e-01
  6.7843705e-02
  5.9652770e-01
  2.4811283e-01
 -1.6271068e-01
  4.0713206e-01
 -2.9892659e-02
  1.9308800e-01
 -2.5005242e-01
 -1.3407739e-01
  8.9470141e-02
 -7.0756686e-01
 -1.2645437e-01
  1.3208392e-01
 -2.6113617e-01
  1.8916751e-01
 -3.0713969e-01
 -3.2728624e-02
  9.5947556e-02
 -8.4010214e-02
 -2.4373701e-01
  3.0870992e-01
  2.6869547e-01
  4.6484336e-02
 -1.7774954e-01
  5.9274739e-01
  4.1462436e-01
  1.5476371e-01
 -4.6419305e-01
 -1.0861436e-01
 -6.0690075e-01
 -7.3387343e-01
 -1.7974065e-01
  1.0006390e-01
 -5.5661225e-01
 -5.1224673e-01
 -1.2132856e-01
 -2.7721408e-01
 -2.6178533e-01
 -5.7956821e-01
  2.7292212e-02
  1.2634812e-01
 -1.7726988e-01
 -2.0609814e-01
 -2.1266206e-01
 -2.3827176e-01
  1.9160892e-01
  3.1352833e-02
  5.3742349e-01
  1.0413619e-01
  6.9589525e-02
 -2.1215841e-01
  2.1797991e-01
 -3.1324792e-01
 -1.1171236e-01
  5.1858020e-01
 -1.3666888e-01
  7.1738407e-02
 -4.1224742e-01
 -4.3361846e-01
 -1.3532677e-02
 -3.7825283e-01
  1.8691852e+00
  1.1410936e+00
  3.9271930e-01
  1.9656841e+00
 -1.5605751e-01
 -9.9891281e-01
 -4.1303036e-01
  4.5462218e-01
  2.2915895e-01
  1.9161361e+00
 -1.2222417e-01
  4.5326357e+00
  6.8148375e-01
  2.3920791e-01
  6.7263313e-02
  1.9044591e-01
 -6.0784471e-01
 -6.4175260e-01
  2.0106861e-02
  6.8624198e-01
  6.4990658e-01
 -2.6402912e-01
  6.8598258e-01
 -3.8431361e-02
  2.1817906e-01
 -1.4748685e+00
 -1.0474120e+00
 -8.5180497e-01
 -2.8151360e-01
  2.1235156e+00
 -1.9000865e+00
  2.9441559e+00
  5.1659979e-02
 -3.0504194e-01
  1.3937966e+00
 -2.6327905e-01
 -7.6222189e-02
  8.3252206e-02
 -1.5832545e-01
 -1.4895931e-01
 -3.2680006e+00
  3.1743839e-02
 -3.7230123e-02
  7.5965554e-01
 -8.6810035e-01
  1.8083340e+00
  1.1314882e+00
 -2.2499883e+00
  2.0014441e-01
 -4.0060863e-01
  7.2288525e-01
  3.7165422e-02
  1.0658698e+00
  3.7669301e-01
  6.3417554e-01
 -1.2410099e-01
  9.2750795e-02
 -5.2451795e-01
 -9.2583042e-01
 -1.7308400e+00
  9.0592101e-02
  2.4876440e+00
 -1.8330444e-01
  9.8775887e-01
 -2.8203768e-01
 -5.8414555e-01
  4.1538849e-01
 -6.2429398e-01
  4.9410191e-01
 -4.3100470e-01
 -2.2013204e-02
 -1.4223704e-01
  8.3712809e-02
 -1.4234038e-01
  6.6407241e-02
  5.2610777e-02
  3.3895376e-01
 -6.4477973e-02
  7.3671624e-02
  3.3973882e-01
  1.1905679e-01
  2.1763198e+00
 -1.2317789e+00
 -9.1014206e-01
 -2.3365766e-03
  3.4877828e-01
  2.1386816e-01
 -4.1792628e-01
 -9.3686692e-02
 -1.8589118e-01
  2.8973607e-02
  1.0991197e-01
 -3.5547251e-01
 -1.5428367e+00
  1.0368892e-01
  9.1836348e-02
 -4.1713107e-01
 -7.1886547e-02
 -4.0868759e-02
 -9.4650254e-02
 -4.2977461e-01
  6.2232769e-01
  1.1672144e-01
  2.0840283e-02
 -2.9783538e-01
 -4.9552152e-01
 -2.3730883e-01
 -1.3096558e+00
 -1.5209427e-01
  1.9636077e+00
 -1.6826786e-01
 -1.1285688e+00
  1.7042233e-02
  5.0215304e-01
  1.9935723e-01
 -3.4383261e-01
  5.2287307e-02
 -2.4047805e-02
  1.7660109e+00
 -6.1389301e-02
  9.8753124e-02
 -7.5525917e-02
 -3.8364220e-02
  6.0728115e-01
 -1.1613208e-01
  6.8305272e-01
  4.1751635e-01
 -2.1768343e+00
 -2.3564143e+00
  5.5716950e-02
  1.1532012e-01
 -6.5260112e-01
 -6.4875382e-01
 -4.0169540e-01
  8.0148751e-01
 -6.8842314e-02
  5.6665160e-02
  2.7382758e-01
  5.9627151e-01
  3.6958287e+00
  5.3205091e-01
 -2.7024937e-01
  8.2134590e-02
  5.6829762e-01
 -8.4373641e-01
 -3.5577863e-01
  8.1158084e-01
  1.2272956e-01
 -3.8008749e-01
 -7.7910763e-01
 -4.0459332e-01
 -1.2768519e+00
  2.1084772e-01
  3.2255605e-01
  3.3462138e+00
 -4.4757655e-01
 -2.1519532e+00
  1.1066654e-01
 -1.2352951e+00
  1.8096966e-01
 -1.0763569e-01
  3.8771158e-01
  2.9359794e-01
  2.3487559e-01
  2.2946003e-01
  3.9741725e-01
 -1.6047114e+00
 -8.8488199e-02
  2.9481037e+00
  2.3278682e-02
 -9.6026964e-02
 -1.1320880e-01
  3.2426992e-01
  4.8707407e-02
 -6.5138054e-01
  3.7160721e-02
  2.6272869e-01
  3.2382080e-01
  5.7000748e-04
 -1.0677916e-02
  1.3165522e-01
  3.9085096e-01
 -3.6037651e-01
 -3.8791675e-02
 -3.1492990e-01
 -2.8334165e-01
  2.6022863e-01
  2.4087302e-01
 -1.7999679e-01
  5.0748461e-01
  5.5708140e-01
  4.8456907e-01
 -1.8271391e-01
 -1.3625637e-01
  9.3525974e-03
 -3.4046575e-01
 -5.1229495e-01
 -1.1759602e-01
  1.3311949e-01
  7.3462743e-01
  7.1741545e-01
  2.3203485e-01
  6.0312325e-01
 -8.8674182e-01
 -1.3783132e-01
 -2.7586845e-01
  3.0895251e-01
 -4.2096770e-01
 -5.4300529e-01
 -1.3390575e-01
  7.3142958e-01
  1.0587746e-01
 -5.2375925e-01
 -1.9055119e-01
  3.3508515e-01
  5.9467047e-01
 -4.3983451e-01
  1.3549091e-01
 -2.7567341e+00
 -3.2705691e-01
 -7.5020209e-02
 -1.8611991e-01
 -1.4644027e-01
  2.8802961e-02
  1.1833190e-01
 -6.6727453e-01
  2.2131498e-01
  3.8936669e-01
 -2.1187736e-01
  3.7158933e-02
 -1.0872611e-01
  4.6749830e-01
 -3.3926508e-01
  1.8691809e-01
 -9.7527839e-02
 -1.4345089e+00
  4.1759965e-01
 -7.1884729e-02
  6.5558583e-02
 -4.4885382e-01
  1.8536278e+00
  1.9309077e-01
 -4.3498257e-01
 -2.8106055e-01
  2.2823353e-01
  8.2064044e-01
  7.8319097e-03
  2.6108891e-01
 -9.1834950e-01
 -1.2898616e-01
 -1.2878408e-01
 -1.1372940e-01
  2.5162396e-01
 -1.5703914e-01
 -5.7714409e-01
 -3.9156668e-02
 -6.5142110e-02
 -4.3797960e+00
  1.3757691e+00
  1.2198192e-02
  1.3874865e-01
 -3.9601842e-01
  3.9224073e-01
 -7.4351275e-01
  4.6535170e-01
  3.9838600e-01
  7.8288281e-01
  1.2995714e-01
 -8.0255568e-01
 -3.6978808e-01
  7.1579379e-01
 -1.0279254e+00
 -1.1617311e-03
  2.7064294e-01
  7.5482637e-01
  1.7282212e-01
  1.8507348e-01
 -1.1714800e-01
 -1.2422467e-01
  6.8220228e-01
  2.4279594e-01
  7.2252192e-02
  4.6642169e-01
 -2.7315056e-01
  6.9144495e-02
  4.0137494e-01
  2.5298691e-01
 -8.5900553e-02
  3.2123944e-01
  7.2999410e-02
  2.7181554e-01
  3.2953498e-01
 -4.6888489e-02
  2.8711336e-02
  2.3655914e-01
  1.7289187e-01
 -1.6745581e-01
 -5.3820699e-01
 -1.3125415e-01
 -3.8294435e-02
  1.8768574e-01
 -2.2699206e-01
 -8.8579035e-01
  1.4441243e-01
  6.0502253e-02
  5.3819109e-02
 -4.3555906e-01
  8.2972623e-02
 -1.9933360e-02
  2.0370711e-01
 -8.5463598e-02
 -2.3653088e+00
  1.6251127e+00
 -3.4299169e+00
  1.2465104e+00
 -2.1448212e+00
 -1.9265599e+00
  9.9281973e-01
  3.4118252e+00
 -3.6523907e+00
 -6.4630562e-01
 -1.8115821e-01
 -1.0527653e-01
  9.7136647e-02
 -1.1431911e+00
 -1.2024217e+00
  1.1989444e-01
 -8.0607826e-01
  2.1815072e-01
  7.1208447e-01
  1.6476367e-01
  1.5984298e-01
  4.5860048e-02
  2.3460159e-01
  4.0120053e-01
  3.2954693e+00
 -1.8576847e-01
 -4.9144840e-01
  4.7594762e-01
  4.6854687e-01
 -1.8717797e-01
  1.5043412e-01
  6.4127409e-01
 -6.9564945e-01
  1.1132098e+00
  3.6625084e-02
  3.8723537e-01
 -1.2486362e-01
  3.1679649e-02
  9.5359094e-02
  7.2410367e-02
  1.8179867e-01
  1.1721317e-01
  1.2655931e+00
 -2.1062845e-02
 -2.0333114e-01
 -6.0036969e-01
  1.1775906e-01
 -1.8951820e-02
 -3.9591011e-02
  1.4393932e-01
 -4.8982376e-01
  4.5158982e-02
 -2.4165380e-01
 -6.3890062e-02
  7.0431936e-01
 -1.7970269e+00
  2.8679519e+00
 -1.5223125e+00
  1.3063027e+00
 -4.7346765e-01
  1.2879337e+00
  3.0418563e-01
  5.4583758e-01
 -2.7956063e-01
 -7.9367477e-01
 -8.0801420e-02
 -1.7006245e-01
  5.2008229e-01
  1.2448133e-01
 -4.3683556e-01
  8.4625095e-01
 -5.9799933e-01
 -7.8443222e-02
  6.5409482e-02
  3.4612149e-01
  3.9864305e-01
 -1.5036494e-01
  1.8475085e-01
  1.9383483e-01
  2.2978911e-01
 -3.8677260e-01
 -9.1565445e-02
 -2.3555055e+00
  2.1626855e-01
  7.9647517e-01
  2.5992194e-01
 -2.1209806e-01
  2.6090142e-01
  1.4355749e-01
  5.8117080e-01
 -2.0966600e-01
 -1.0639780e-03
 -3.9894972e-02
  3.5760811e-01
 -3.1871346e-01
  3.9939725e-01
 -3.0114220e-02
  5.8900066e-02
  7.9439640e-01
  4.2177668e-01
 -1.9332781e-01
  8.4848963e-02
 -7.4576691e-02
  1.1627042e-01
 -1.5004910e-02
 -1.8995750e+00
  2.9356176e-01
 -2.8621146e-01
 -2.7339911e-01
  6.0826445e-01
 -6.7267478e-01
  6.6394043e-01
 -4.8377559e-01
  6.2129277e-01
 -6.3950247e-01
  1.3027257e+00
 -1.1926653e-01
  3.8744831e-01
 -2.2561333e-01
  1.8933253e-01
  4.3877003e-01
 -4.7737843e-01
 -1.0185779e+00
 -2.6478422e-01
  1.1293455e-01
  6.5516698e-01
 -2.1380541e-01
  1.4662580e-01
  1.9885071e-01
 -7.2929524e-02
  8.5382067e-02
 -2.5565141e-01
 -5.7226580e-01
 -2.8142014e-01
  7.9120152e-02
  4.4767898e-01
  4.2203349e-01
 -6.4158417e-02
  1.8480259e-01
  2.5936759e-01
  3.5876283e-01
  1.5761514e-01
  1.0526773e-01
  4.5628437e-01
  4.5020792e-01
  1.8016186e-01
 -8.0859572e-02
 -1.3612646e-01
 -8.2252070e-02
  1.1147334e-01
 -1.7123845e-01
  1.4077282e-01
 -6.3811518e-02
  1.0802040e-01
  2.3343959e-01
  3.4469682e-01
 -2.5541323e-01
  3.0641264e-01
 -3.3120775e-01
  3.3978128e-01
  2.4953878e-01
  7.7648632e-02
  2.8732780e-01
 -1.4201543e+00
  9.9420679e-01
 -7.8422105e-01
  1.9574177e-01
  3.1392303e+00
 -1.5821456e+00
 -7.6620823e-01
  1.1140548e+00
 -1.5538380e-01
 -1.4074981e-01
 -3.2159513e-01
  3.9452052e-01
 -6.3244218e-01
 -4.7933143e-01
 -8.1608228e-02
  8.2536346e-01
  1.0993061e+00
 -1.9773781e-01
 -4.0994242e-01
 -5.5230357e-02
  2.3878242e-01
 -4.4698676e-01
 -1.7666787e-01
 -1.2915752e+00
 -1.6397747e-01
  1.0240716e-01
  1.0612088e+00
  2.5022135e+00
  2.4125658e-02
  2.7051017e-01
 -3.6067991e+00
  6.0878307e-01
 -7.7323276e-01
  3.5395262e-01
 -9.8115468e-01
 -4.5182532e-01
 -3.2283375e-01
  1.0752559e+00
  1.8000033e-01
  1.7454675e-01
 -3.8586915e-02
 -1.1974993e+00
 -1.2894523e-01
 -6.1451077e-01
 -3.2248786e-01
  2.1569209e-01
 -2.0187315e-01
  4.1331354e-01
 -3.7005629e-02
 -4.5262888e-01
 -7.0833546e-01
 -1.7173053e-01
 -2.7607027e-01
  4.2908590e-02
 -4.1825827e-03
 -6.1485328e-04
 -6.8061709e-01
  1.3203423e-02
 -4.7525570e-01
 -3.5377860e-01
  3.2608983e-01
  1.9317202e-02
 -5.4039177e-02
  1.4001167e-01
  4.2661544e-02
  5.3398985e-02
 -1.5365872e-01
  1.5573715e-01
  3.6158085e-02
  1.7662735e-01
 -9.7088031e-02
  8.3253279e-02
 -2.7396017e-01
 -1.9160497e-01
  2.1611184e-01
  1.5568276e-01
 -8.9165926e-01
 -1.3799730e-01
 -7.4547321e-02
 -7.5662665e-02
 -1.2492159e-01
 -9.5660836e-02
 -1.7976362e-01
  3.7837544e-01
 -6.9758123e-01
 -8.1239212e-03
  1.0658923e-01
 -3.8409770e-01
  1.5839605e-02
 -1.2518278e-01
  1.4378352e-01
  1.6832338e-01
  1.4911252e-01
  6.1414104e-02
 -5.2563898e-02
  1.1291755e-01
 -1.5292144e-01
 -3.0353698e-01
 -1.2132062e-01
 -1.0917474e+00
  9.7013250e-02
  4.1862391e-02
  4.2205758e-02
  6.6449560e-02
  3.7753988e-02
 -4.2226657e-02
  9.8453864e-02
 -1.3841419e-01
 -1.6384476e-01
  9.3148434e-01
 -1.4212818e+00
  1.6992625e+00
  5.0562441e-01
 -2.2650979e-02
  3.5088637e-01
 -7.0747745e-01
  3.9844373e-01
 -5.4067194e-02
  1.6805792e+00
 -4.9765298e-01
  5.3547984e-01
 -7.5738452e-02
 -3.9959488e+00
  3.6656034e-01
 -3.8504133e-01
 -5.2594084e-01
 -1.7658645e-02
  1.4076680e-01
 -2.0078212e-01
 -9.5347479e-02
  1.1506284e+00
 -3.9896554e-01
 -4.5899975e-01
 -1.3440502e-01
  4.1008729e-01
  4.9506277e-01
 -7.9293465e-03
 -1.5390942e-01
  4.3459556e-01
  3.9462942e-01
  2.8807610e-01
  2.7649760e-01
  1.7970611e-01
 -2.9070303e-02
  1.7560133e-01
  1.0315415e-01
 -3.5415795e-02
  7.9445362e-01
 -3.0409267e-02
 -1.3168617e-01
 -6.2076077e-02
 -3.4429169e-01
 -1.6128363e-01
  7.6750386e-01
 -2.3438739e-02
  5.0744152e-01
  1.0708093e-01
  2.1209519e-01
 -1.8422555e+00
 -2.9784557e-01
 -1.3044052e-01
 -3.4117736e-03
 -1.0274963e+00
 -4.7030311e+00
  8.0141771e-01
 -1.7242696e+00
 -1.3721683e+00
 -3.1371355e-02
 -1.5094603e+00
 -4.0621915e-01
 -2.5051224e-01
 -1.3872170e-01
 -2.3687811e-01
 -2.8653675e-01
 -5.2694172e-01
 -3.6135408e-01
 -2.3281692e-01
 -4.2309579e-01
  1.3115248e-01
  3.6190984e-01
 -2.6201516e-01
  5.1629800e-02
  1.6234514e-01
 -1.9413617e-02
 -8.8274077e-02
  2.1959968e-01
 -6.7780769e-01
  3.7844646e-01
 -9.7456351e-02
 -2.1907662e-01
  6.1709426e-02
  1.7061566e-01
 -2.8619701e-01
  5.9028007e-02
 -7.2383171e-01
 -2.4754700e-01
  1.5216836e-01
  5.6236607e-01
  2.4596033e-01
 -2.0445825e-01
 -9.3950830e-02
  5.1709402e-01
 -1.7785674e-01
 -5.5897075e-01
 -3.3666149e-01
 -4.5297188e-01
  3.3969411e-01
  2.2651361e-02
  1.8960994e-01
  3.5966319e-01
 -3.7886029e-01
  6.7625239e-02
 -5.8111709e-02
  3.0839618e-02
  1.7581613e-01
 -4.9422169e-01
 -9.0199918e-02
  4.7265646e-01
  1.5176322e-01
 -6.0486263e-01
 -1.0666512e+00
 -3.0343279e-01
 -4.5828950e-01
 -5.8097845e-01
 -2.0936522e-01
  4.0053388e-01
 -3.9608605e-02
 -1.1999990e-01
  2.1664245e-01
 -3.0067420e-01
  5.6334728e-01
 -8.1494182e-01
 -2.7287674e-01
  1.3048610e-01
 -2.0714979e-01
  1.7311667e-01
 -1.9638108e-01
 -5.5064178e-01
  2.0249116e-01
 -2.2917286e-01
  7.9155147e-02
  6.5241015e-01
  8.3824344e-02
  3.5077015e-01
  3.6355448e-01
  1.0910925e+00
 -4.2029262e-02
  2.0783429e+00
 -8.8140738e-01
  3.2998484e-01
  2.1830587e-02
  6.9281906e-02
  2.9991692e-02
  2.2526588e+00
 -1.0758325e-01
 -4.4860014e-01
  5.8670015e-05
 -3.4769440e-01
 -1.8450443e-01
  5.6633603e-02
  1.6681516e-01
  4.8087619e-02
  2.7512101e-02
  5.5357661e-02
  6.2502451e-02
 -2.2010629e-01
  2.1562624e-01
 -4.3970549e-01
 -6.3175499e-03
  1.1153902e-01
  1.1897572e+00
  1.4339632e+00
 -3.1833610e-01
  2.4441254e+00
 -1.1190614e-01
  6.1287916e-01
  9.5340574e-01
  5.1369697e-01
  1.1856647e-02
  1.5362339e-01
  3.4613529e-01
 -2.2119162e+00
 -2.2493429e-01
  1.2522621e-01
 -1.9040379e-01
 -8.5394859e-01
  1.0095210e-01
  1.7664716e-01
  2.8682151e-01
 -5.8388954e-01
 -8.4735638e-01
  2.0545501e-02
 -3.6578339e-01
 -7.0938304e-02
 -5.5723590e-01
 -2.6497760e-01
  1.0494057e+00
  6.8108588e-01
 -1.0192148e-01
 -1.5301301e+00
 -2.4638624e-01
 -3.1489009e-01
 -1.4028772e+00
 -4.6686426e-01
  3.1040096e-01
  3.3475417e-01
 -1.8808736e-01
  3.1924814e-01
 -6.5725523e-01
 -1.8958740e-01
 -3.2487467e-01
  1.9808327e-01
 -7.2468743e-02
  2.3810948e-01
 -6.3258219e-01
 -1.8912053e-01
  7.7592164e-02
 -3.9152136e-01
  4.9120679e-02
  1.4796102e-01
  2.9230854e-01
  2.0267604e-01
 -1.3284026e-01
  3.0563363e-01
 -4.2635506e-01
 -2.8749245e-01
 -3.9825764e-01
 -2.0240101e-01
 -5.5931860e-01
  1.1464559e-01
  2.6653701e-01
  1.1304063e+00
 -7.0063472e-02
 -2.4322461e-02
 -4.9722725e-01
  3.5047904e-02
 -3.3881199e-01
  7.0603752e-01
  1.6230713e-01
 -2.5944954e-01
  3.2244164e-01
  1.9790923e-02
  4.9133903e-01
 -2.9898962e-01
 -8.1381779e-03
  2.1153879e-01
  6.5266132e-02
  1.9042650e-01
  2.2122875e-02
 -1.6987267e-01
 -1.9299582e-01
 -2.9908949e-01
  1.3289826e-01
  4.8269311e-01
  5.6597271e+00
 -5.3564131e-01
 -3.9575458e-01
  1.2926987e-01
 -2.5126585e-01
  1.4883083e-01
 -3.6658448e-01
  2.9269047e-02
  1.2392142e-01
  4.5495027e-01
  1.6092907e-01
  2.8043818e-01
 -6.0246717e-02
 -3.6928430e-02
 -1.7498295e-01
 -2.8076351e-01
 -2.7078104e-01
  9.1551647e-02
  1.7741378e-01
 -1.0548229e+00
 -7.8906491e-02
  1.5513487e-01
  1.2349182e-01
  1.7385710e+00
 -1.6753329e+00
  7.5031763e-01
  8.7121832e-01
  2.1801817e+00
  1.5844330e+00
  2.2413793e+00
 -1.9175117e+00
  3.9331964e-01
 -9.0628725e-01
 -1.8769713e-02
 -3.2081077e-01
 -5.8232206e-01
  4.2664415e-01
 -1.3902203e+00
 -1.2044847e+00
 -1.9053036e-01
  2.0990758e-01
  5.4879171e-01
 -7.0829970e-01
  2.2301842e-01
  2.5685251e-01
  5.9462225e-01
 -5.1189679e-01
  1.1565881e+00
 -2.3175074e-01
 -6.7916828e-01
  3.5727498e-01
 -1.9105497e-01
 -1.4707918e-01
  1.2653637e-01
  3.1102523e-01
 -8.6097546e-02
 -1.5890306e+00
  5.1521111e-01
  2.2528152e-01
  3.7901732e-01
 -1.1728835e+00
  3.5292682e-01
  3.0979243e-01
 -8.0439106e-02
  2.4766798e+00
 -2.2659965e+00
  2.3004562e-01
 -3.4605607e-01
 -3.5228851e-01
 -3.5060029e-02
  7.3839091e-02
  7.5751692e-02
 -1.9175994e-01
 -2.6943669e-01
 -9.8075426e-01
 -1.2911399e-01
  2.1453594e-01
 -2.1488550e+00
  6.0408163e-01
  7.1444675e-02
 -3.6473531e-02
  2.3310822e-02
 -3.1046334e-01
 -1.2573446e+00
 -6.1809409e-01
  5.4467863e-01
  1.2239488e-04
  1.6466261e-01
 -6.5288611e-02
  3.2629034e-01
  4.1624185e-01
  1.7698294e-01
  1.6155845e-02
 -7.2365290e-01
 -2.1741720e-01
 -4.0246946e-01
  2.3339944e-01
 -6.7863536e-01
  8.9318730e-02
  2.6148006e-02
 -3.7091750e-01
 -4.4439849e-02
  4.5476109e-02
  5.3792864e-01
  7.2420204e-01
 -5.4627877e-01
 -5.6420124e-01
  1.5388317e-01
 -6.2266573e-02
  3.0216077e-01
 -2.5169349e-01
 -2.7427502e-02
 -5.9010041e-01
  1.8580839e-02
  3.8773748e-01
 -2.8869402e-01
 -8.4527725e-01
 -3.2179573e-01
  3.7388322e-01
 -3.4273988e-01
  4.0046297e-02
 -3.5413104e-01
  2.8624040e-01
 -1.9046085e-01
 -4.4863466e-02
  6.2616631e-02
  4.7694731e-01
 -4.9976081e-01
  2.5375372e-01
  4.4592878e-01
  1.6830904e-02
 -8.5551634e-02
  3.4587521e-02
  3.2089945e-02
  1.6558719e-01
  4.6940546e-02
  9.0075396e-03
 -1.4296338e-01
  1.7511877e-01
  4.2983913e-01
  2.8753825e-02
 -2.8024137e-01
 -1.8018184e-02
  4.5567300e-02
  6.3263841e-02
  3.0065164e-01
  5.7147159e-03
  1.8878350e-01
 -1.7245622e-01
  1.7438406e-02
  5.3957328e-02
 -2.1545310e-02
 -4.6038654e-02
  9.0914257e-02
  2.2832978e-01
 -1.4469756e-02
 -1.4958161e-01
 -8.2691289e-02
 -1.7522588e-01
 -4.6741962e-03
  1.2328191e-01
 -8.4626921e-02
 -9.5344767e-02
  8.2014434e-02
 -6.6455193e-02
  7.9204291e-02
  2.0716254e-01
  1.1094587e-01
  1.4436543e-01
  1.1849590e-01
  4.4392146e-02
  7.4829422e-02
  1.8274343e-01
  1.1398280e-02
  8.8395111e-02
 -2.5683768e-02
  1.6122920e-02
 -1.1644436e-01
 -7.4387535e-02
  3.3888318e-02
 -1.7095062e-01
 -6.4040616e-02
  1.7847610e-01
 -3.7086543e-01
  2.9271398e-02
  2.4867575e-01
 -1.9785373e-02
 -5.5661571e-01
 -6.2776327e-02
  2.2847523e-01
 -1.9406438e-02
 -1.2594318e-01
  4.9979645e-01
  2.5979932e-02
 -1.0342819e-01
 -2.1634682e-01
 -2.9803118e-02
  3.0020097e-01
  5.2368492e-01
 -4.7897521e-02
 -8.1144720e-02
 -8.0504179e-02
  2.9618561e-01
 -1.3820928e-01
  1.9594853e-01
  3.2288161e-01
  2.3741068e-01
  1.2098180e-01
  1.5733364e-01
  1.2199122e-02
  1.2202194e-01
 -2.0622297e-01
 -2.2022850e-03
 -1.2734676e-02
  1.0871981e+00
  3.3086342e-01
  8.7353058e-02
  4.5569576e-02
 -1.2078785e-01
  1.0624845e-01
 -2.4400607e-02
  4.3703724e-02
  1.8419432e-02
  2.4369936e-01
  8.0405854e-02
  1.8115994e-01
 -1.1298168e-01
  6.7889708e-04
  6.1781175e-02
 -1.0370987e-01
  3.3942261e-01
 -1.9284738e-02
  4.0078286e-02
  5.3543881e-02
 -4.1030219e-01
  1.2803772e-01
  9.5878787e-02
 -4.8884317e-02
 -1.3839517e-02
 -8.7161732e-01
  1.5317534e+00
  3.4340747e-02
 -1.3756434e+00
  7.3038733e-01
  1.2837604e-01
 -1.4717461e-01
 -3.4858876e-01
  7.0894337e-01
  4.9500802e-01
  2.6729339e-01
 -1.4024724e-01
 -5.1377529e-01
  2.4742940e-01
 -2.1952862e-01
  2.9149085e-01
  2.0264214e-02
  4.4640031e-01
 -3.9317092e-01
  4.6296829e-01
  4.4883075e-01
 -5.3851205e-01
  2.6705775e-01
 -5.2288646e-01
  9.6099222e-01
  1.5601890e-01
 -6.1257273e-02
 -2.9616016e-01
 -7.6067589e-02
 -2.1338223e-01
 -6.9605947e-02
  2.1265942e-01
 -4.0873262e-01
  5.4880995e-01
  2.5502777e-01
 -1.3025437e-01
 -3.4833062e-01
 -5.7432536e-02
 -8.9956784e-01
 -1.8697214e-01
 -1.5312311e-01
 -4.7209951e-01
 -3.0000556e-01
  4.9222645e-01
  4.6686614e-03
  1.2114733e-01
  2.4588893e-01
  8.6078696e-02
 -2.9107529e-01
  2.3723900e+00
  1.6303618e-01
  4.5259681e-02
  1.3940421e-01
  2.8447419e-01
 -1.6363835e-01
  5.7612836e-01
 -9.2922544e-01
 -7.3106833e-02
 -1.3098155e-01
  1.0869496e-01
  9.2441261e-02
 -5.1476431e-01
  3.2119912e-01
 -2.0577304e-01
 -3.2672446e-02
  3.5455626e-01
 -6.2355496e-02
  7.6935065e-01
  1.0889212e-01
  2.2040100e-01
  7.2116137e-02
  5.0872582e-01
 -1.2266929e-01
  1.2006664e-01
 -4.5834180e-02
 -1.3474962e-01
 -4.5961401e-01
 -2.6440086e-02
 -6.7009345e-02
 -1.2198416e-01
 -1.6900559e-01
  3.0268082e-01
  1.3696916e+00
  2.4248114e+00
 -2.4209650e-01
 -1.6180281e-01
  4.7834292e-01
 -1.3477086e-01
  3.4030005e-01
  2.5561085e-01
 -3.1132117e-01
 -1.0935590e-01
 -1.2376898e-01
 -2.8452522e-01
 -6.5573597e-01
  3.3513558e-01
  2.4797298e-01
  5.0469197e-02
 -2.0182079e-01
  1.7374404e-01
 -6.2782264e-01
 -5.2438471e-02
  1.6812235e-01
 -7.8732193e-02
  1.5273334e-01
  9.1718614e-02
  2.8931803e-01
 -4.7350106e-01
  3.0984589e-01
 -1.2140488e-02
 -2.4424610e-01
 -5.5968024e-02
 -1.7101696e+00
 -5.4691350e-01
  5.3229368e-01
  6.9315684e-01
 -9.0207681e-02
  3.2440245e-01
  1.0592503e-01
 -1.4633532e+00
  6.6893189e-03
 -3.8023993e-01
 -1.1424313e-01
 -2.3317365e-01
 -7.8495249e-02
 -1.1297961e-01
 -1.3526084e-01
  1.0993679e-02
 -3.3453777e-02
  1.1712822e-01
  1.4085880e-01
  3.3013862e-01
  2.7968809e-01
  1.3182135e-01
 -3.1212360e-01
 -1.0622447e-01
 -2.7459154e-01
 -2.6285043e-02
  5.0546225e-02
 -2.3404512e+00
 -1.6767782e-01
 -1.7197895e-01
  1.0353023e+00
  1.2262250e-01
  5.5108345e-01
 -8.2536258e-02
 -1.1093364e-01
  3.7429284e-02
 -2.7116609e-01
  4.1002911e-02
  3.3760038e-01
  2.1785538e-01
 -4.4222228e-02
 -1.1339793e-01
 -5.4955661e-02
  2.9227890e-02
  2.8688473e-01
 -1.2033757e-01
 -8.0351830e-02
  1.4220804e-01
 -1.8125598e-01
 -9.6328035e-02
  7.7243173e-01
 -1.4902856e+00
 -2.1348922e+00
  4.1520253e-01
 -1.0286728e+00
 -1.9127026e+00
  7.8741610e-01
 -9.9476451e-01
  6.7444503e-01
 -4.4622025e-01
  1.4707696e+00
  2.4767961e-01
 -1.7221934e-01
 -3.9423409e-01
  1.2895490e-01
  4.5607361e-01
 -2.5173124e-02
  4.1900015e-01
  4.4077227e-01
  1.8863840e-01
 -2.9036912e-01
  4.2693418e-01
  5.4079354e-01
 -4.6426196e+00
 -7.8035629e-01
  3.7071592e-01
  3.7215363e-02
 -1.9077811e-01
  8.8186832e-03
  3.0463767e-01
 -2.3770320e-01
 -3.3346167e-01
  2.2265999e-01
 -1.8411054e-01
  2.0049307e-03
 -7.0334524e-02
 -1.9954553e-01
 -5.9139144e-01
 -1.1750560e-01
 -4.3685958e-02
 -3.5404277e-01
  7.1415551e-02
 -4.3282768e-01
  5.2991994e-02
 -1.3166389e-01
  1.8995078e-01
 -3.0098921e-01
 -6.0520642e-02
  3.1280160e-02
  2.1743491e-01
 -4.1859522e-01
 -3.3065358e-03
 -1.3641775e-01
 -1.0519398e-02
  9.4494945e-01
 -8.6119878e-01
 -6.3490713e-01
  2.7058193e-01
 -2.2549765e+00
 -6.3134074e-01
  5.5830020e-01
 -3.9818648e-01
  3.2628000e-01
  8.9885741e-02
 -4.5882130e-01
  5.8072726e-03
  2.3387347e-01
  9.8728317e-01
 -6.1042267e-01
 -2.0413272e-01
  6.5763265e-01
  5.9014261e-01
 -3.6950976e-02
  1.4480571e-01
  2.6138464e-01
 -9.3202829e-02
  3.7062067e-01
  4.5664045e-01
 -6.0240774e+00
 -7.7085054e-01
 -6.2659383e-01
 -1.0030086e-01
 -8.3347094e-01
 -7.6614330e-03
  2.6953533e-01
 -3.1178835e-01
 -5.1099563e-01
 -5.3601372e-01
  2.5644916e-01
  1.9712836e-01
  4.2765877e-01
 -1.0867244e+00
 -8.3868928e-02
 -1.4086528e-02
  6.4605397e-01
  4.2559717e-02
 -9.8342508e-02
  5.5787975e-01
  2.3035559e-01
 -1.3546751e-01
  3.0588540e-03
  2.6611599e-01
  2.0754730e-02
  1.8674310e-01
  1.5655792e-01
 -2.8104883e-01
 -2.8741312e-01
 -2.4601676e-01
  1.1762975e-01
 -1.5308414e-02
  7.3585635e-01
 -1.1674594e-01
 -6.4760692e-02
 -2.2949357e-01
 -9.3728647e-02
  7.9607308e-02
  2.2399900e-02
  1.7428149e-01
 -1.4312068e-03
 -1.4160566e-02
  1.0784946e-01
 -9.8943062e-02
 -1.9769323e-01
 -1.5720505e-01
  2.5252718e-01
  9.0374924e-02
 -2.9281577e-01
 -8.0418192e-02
  8.3355044e-05
 -2.6375753e-01
  3.9500486e-02
 -2.1362568e-01
 -1.1313714e-01
 -1.7233370e-01
 -4.9994951e-01
 -6.7531690e-02
  4.7409323e-01
 -4.9982760e-02
 -1.3543521e+00
 -2.1990484e-01
  1.2747550e-01
  3.7319925e-02
 -2.4554186e-01
  1.0852356e-01
  1.5507862e-02
  2.3587083e-02
 -9.5687471e-02
  5.3944509e-02
  1.4990809e-02
 -2.8612211e-01
 -2.1324272e+00
 -4.4639167e-01
  8.5618430e-01
 -4.8507947e-02
 -8.1530172e-01
 -1.6733000e-02
 -9.1825888e-02
 -9.5936991e-03
 -2.1859966e-01
 -3.4888215e-02
 -1.4471707e-01
 -9.2611313e-02
 -1.0531988e-01
 -6.2668107e-02
 -5.8537412e-02
  5.3936176e-02
 -3.7340093e-02
 -1.0410914e-01
 -1.5552036e-01
 -5.9879962e-02
  1.8794103e-01
 -4.0417656e-01
 -3.0446917e-02
 -4.1289642e-03
  9.9373311e-02
  3.3482948e-01
  2.2959608e-01
 -8.9113474e-02
 -9.8080866e-02
 -1.5743423e-02
  2.5495490e-01
  5.6000732e-02
 -2.4146009e-02
 -1.5374555e-01
  2.5978092e-02
 -2.1051149e-01
  4.2842445e-01
 -5.8595259e-02
 -7.8248687e-02
  8.3760895e-02
  2.3659380e-02
 -3.9466329e-02
  3.4212130e-01
  9.5475167e-02
  8.9159101e-02
 -6.7304373e-02
  1.7972016e+00
 -6.2279694e-02
 -3.4427330e-01
  7.4356967e-01
  8.4538378e-02
  7.3863328e-02
  6.2112544e-02
  2.6299897e-01
  1.0146005e-01
 -1.6256096e-02
  2.4772377e+00
 -1.8494032e-01
  6.3503057e-02
  4.6130940e-02
  3.4776714e-02
 -2.0969400e-01
  1.3652612e-01
 -9.1333166e-03
  9.8831080e-02
  3.1995681e-01
  4.7084500e-04
 -7.6018876e-01
  3.2994726e-01
  7.8273550e-02
 -6.8425977e-01
  1.0476712e-01
 -4.0918764e-01
  3.4569225e-01
 -6.8078823e-02
 -5.8264494e-01
  3.2336733e-01
 -3.5312149e-01
  6.0650015e-01
 -5.1443458e-01
 -2.9025114e-01
  7.5342393e-01
 -5.0685547e-02
  3.8461307e-01
 -4.2969322e-01
 -1.5138091e-01
 -5.4813695e-01
 -8.0731642e-01
 -1.4603685e-01
 -1.8786879e-01
  5.2803898e-01
  2.5594863e-01
  3.8870579e-01
 -1.4028987e-01
 -5.0483500e-03
  1.2821015e+00
 -5.2839684e-01
 -1.5031314e-01
  3.8119194e-01
  1.0833189e-01
 -1.2265249e-01
 -4.9730111e-02
 -6.9191295e-01
 -3.1331065e-01
 -2.6654580e-01
 -6.1639893e-01
  6.3412732e-01
  3.3733657e-01
 -2.2474695e-02
 -1.6194385e-01
 -1.0504425e-01
  1.4341444e-01
 -4.4553977e-01
 -3.0397806e-01
 -1.4206611e-01
 -7.4522686e-01
  4.0034938e-01
 -9.7369745e-02
  4.7626361e-01
 -1.6840702e-02
  1.4273843e-01
 -1.2672178e-01
 -6.0040921e-01
 -3.0482709e-01
 -2.6418346e-01
 -3.0051617e-02
 -1.5120661e+00
  1.0200592e-01
 -2.7589865e-02
  1.2919554e-01
 -2.8147012e-01
 -1.4724256e-02
  1.7115014e-02
  1.0447409e-01
 -1.1612768e-01
  1.6031338e-02
 -7.8592576e-02
 -6.1562648e-03
  4.8898458e-02
 -7.7883065e-02
  4.9943605e-01
  1.2043927e-01
  1.8545210e-01
 -6.2016007e-03
  3.3712618e-02
 -6.7514546e-02
 -1.3775304e-01
  3.1696349e-01
 -8.7071113e-02
 -1.6321422e-01
  8.4605273e-03
 -3.0715781e-01
 -1.4823216e-01
  1.8962666e-01
 -9.4558641e-02
  7.7322066e-02
  1.0309303e-01
  2.9144999e-01
 -1.7910281e-01
  2.6387671e-01
  1.4560570e-01
 -2.1798450e-01
 -1.0270345e-01
 -1.8744890e-01
 -9.2541021e-01
  9.3547750e-01
  7.1588360e-02
 -9.7605154e-02
  1.9718611e-01
  1.0549296e-01
  1.2585120e-01
  8.2788169e-02
 -2.4282971e-02
  3.7116638e-01
  3.0318830e+00
 -4.3537048e-01
 -2.9322502e-01
 -1.1378296e-01
 -1.0452850e+00
 -4.3438011e-01
 -1.1389077e-02
  2.6601979e-01
  2.6181514e+00
  1.0897202e+00
 -7.2798353e-01
  5.6524631e-02
  1.1216708e+00
  7.0210820e-01
 -4.2352781e-01
  3.1325856e-01
 -8.0891621e-01
 -7.6844394e-01
 -3.0231920e-01
 -1.4989483e-01
 -3.2994241e-01
 -2.4528605e-01
  5.5118573e-01
 -1.8006779e+00
 -6.0649693e-01
  8.8185263e-01
  1.4152199e-02
 -1.4647865e-01
  4.3843299e-01
  5.6013811e-01
 -3.5696056e-01
  2.4048160e-01
  2.1135424e-01
 -2.0587180e+00
  4.4760257e-01
  2.7694100e-01
  1.0314581e+00
 -1.5452814e-01
 -3.1392938e-01
 -2.5019294e-01
 -3.9805710e-01
  1.2565816e-03
 -1.2336313e+00
  4.8879081e-01
  1.8370405e-01
  3.0049515e-01
 -2.3827098e-01
 -1.3877101e-01
 -2.3637988e-01
 -1.0175714e-01
  2.0665038e-01
  1.2894112e-01
  4.3415651e-01
 -1.7592689e-01
 -6.9994444e-01
 -4.0997800e-01
 -2.2566187e-01
  5.2046400e-01
  1.9815974e-01
 -1.4108311e-01
  6.8820164e-02
  1.2961663e-01
  2.2970715e-01
 -5.5042971e-02
 -1.9257602e-01
 -3.5049047e-02
  8.9851491e-02
  1.6612272e-01
  2.8839338e-01
 -2.4060179e-01
 -1.5575396e-01
 -2.3848021e-01
  5.8554143e-01
  6.7612998e-02
 -1.4226206e-01
 -1.3741113e-01
  7.6579964e-01
  8.9898878e-01
  6.1083668e-01
  3.9058062e-01
 -2.5871289e-01
 -3.5376361e-01
 -1.0283794e-01
 -3.6008880e-01
 -3.1377947e-01
  1.3060115e-01
 -3.0982238e-01
 -2.6094070e-01
 -1.8824106e-01
 -2.4469665e-01
 -1.6634904e-01
 -1.5682964e-01
 -1.5905349e-01
 -1.9976452e-01
  3.0758193e-01
  1.5399939e-01
  1.5326270e-01
 -2.0481008e-01
 -1.9213553e-01
 -8.9464635e-02
  2.5332126e-01
  1.6038500e-01
  3.3171192e-02
 -1.4582793e-02
  5.6514233e-01
  2.0698932e-01
  1.1461858e-01
  1.0915422e-01
  1.7773668e-01
  3.8204005e-01
  4.0825796e+00
  8.6181492e-02
 -1.0501380e-01
 -4.7238909e-02
  3.9482817e-01
 -1.2399756e-01
 -4.2374587e-01
  1.7750546e-01
  3.2368642e-01
  4.8761347e-01
 -8.9550507e-01
  9.9544019e-02
 -1.4850393e-01
 -2.2922140e-01
 -3.7631903e-02
 -5.5836398e-02
 -2.2372958e-01
  2.5335863e-01
 -1.1085217e-02
 -1.5791269e-01
 -4.0322000e-01
  7.7578598e-01
 -4.4380471e-01
  6.1953956e-01
  2.6248926e-01
  8.6654544e-02
  4.0025151e-01
  3.9754358e-01
  2.8794581e-01
 -2.3616029e-01
  2.8168479e-01
  1.4081417e-01
 -4.8109722e-01
  2.4529298e-01
  3.8884517e-02
  1.9293948e-01
  6.7651849e-03
 -4.4791460e-02
 -1.5947940e-02
  5.3048378e-01
  3.6591893e-01
  2.5232625e-01
  2.5130114e-01
  7.4349046e-02
  1.2126411e-01
 -3.8502738e-02
  5.3064946e-02
  2.9641786e-01
 -2.9400352e-01
  7.6209670e-03
  1.4205943e-01
 -3.4613222e-01
  7.1755111e-01
 -4.1517086e+00
  6.3093352e+00
 -3.0950539e+00
  2.8010333e+00
  6.8583698e+00
 -5.2579603e+00
 -2.8420146e+00
  2.4478953e+00
  5.3109646e-01
  1.0030907e+00
  9.4643342e-01
 -4.2209408e-01
 -3.0679762e-01
 -3.8725349e-01
  1.6531659e+00
  2.9499269e-01
 -8.9173373e-03
 -2.2459282e-01
  1.0164292e+00
  8.2551412e-02
 -9.9214138e-03
 -9.5419210e-01
 -5.3752929e-01
  2.4890947e-01
  6.4912671e-01
  4.7328418e-01
  1.7666398e-02
  6.6730428e-01
  8.9926767e-01
 -1.0512630e+00
 -2.0689845e+00
  2.2324765e-01
  7.1532494e-01
  3.2811439e-01
 -6.0954839e-01
 -3.5953265e-01
 -2.5223035e-01
 -4.3804448e-02
  6.0211368e-02
 -9.6407092e-01
  1.2757758e+00
 -1.3066967e-01
  3.2410726e-01
 -8.0559272e-01
  2.4223773e-01
  1.9494556e-01
  2.8610596e-01
 -3.5083121e-01
  4.4686532e-01
  1.2047601e-01
 -2.5580835e-01
  1.9203044e-01
 -2.8792739e-01
 -8.2056421e-01
  4.3145511e-01
  3.6981258e-01
  4.0770817e+00
  2.0605383e+00
 -8.7634891e-01
 -9.8790926e-01
 -1.8677034e+00
  1.2959054e+00
 -5.7680279e-01
  2.4441963e-02
  2.2861992e-01
 -8.9619195e-01
 -1.7620947e-02
 -1.9456269e-02
  4.7815550e-02
  3.3532593e-01
  4.4493824e-01
  4.9688348e-01
  7.0734155e-01
 -5.7341301e-01
  8.2665775e-03
 -6.4169116e-02
  3.2462081e-01
 -8.8575935e-01
 -4.5741539e-02
 -4.8712516e-01
  9.6637088e-01
 -5.5482268e-01
 -4.5812103e-01
 -3.6316326e-01
  4.7549024e-01
 -9.5003080e-01
 -7.9850388e-01
 -1.5306735e-01
 -4.3674731e-01
  1.4299010e-01
  5.2223122e-01
 -4.5651305e-01
 -3.1016678e-01
  1.0572033e+00
 -4.6199638e-01
 -9.8815989e-01
 -1.2331738e-01
 -3.0627587e-01
 -1.4610323e-01
 -5.0545841e-02
  6.8379663e-02
 -2.0256709e-01
 -5.9149726e-03
  2.0116119e-01
  1.3116769e-01
 -7.7273212e-02
 -3.6936221e-01
 -1.1179054e+00
  1.5530113e+00
  1.3526883e+00
  8.6525524e-01
 -1.2325212e+00
  3.4580401e-01
  2.3494884e-01
  6.9043986e-02
 -2.2155076e-01
 -1.3979143e-01
 -2.9458398e-01
  3.8672030e-01
 -7.6695263e-02
 -2.5983900e-01
  2.7728555e-01
  1.4853203e-01
  2.1597880e-01
  2.0335406e-01
 -2.3831570e-01
 -4.1628826e-02
  4.3737460e-02
  5.0263125e-02
  1.0239545e-01
  2.7590895e-01
  1.0057489e-01
  3.3174920e-01
  3.0777307e-02
 -1.4911949e-03
 -4.4513993e+00
  1.7163318e-01
 -2.2092042e-02
  4.7872424e-01
  6.2212420e-01
  8.8451707e-01
 -3.4858689e-01
 -1.5067983e-01
  3.9554566e-01
 -1.4144282e-01
 -2.6213208e-02
  1.9121329e-01
 -6.5405533e-02
  5.6022364e-01
  4.3274850e-01
  3.8405827e-01
  6.1112869e-01
 -1.1704025e-01
  8.4936634e-02
 -1.4453728e-01
 -2.5242326e-01
 -5.4833370e-01
  7.6166898e-02
  3.3327997e-01
 -4.0743476e-01
  1.3094646e+00
 -2.1955994e-01
  4.6554703e-01
 -3.8603303e-01
  1.5661616e+00
  2.1830814e-01
 -5.3015351e-01
  1.2489837e+00
 -2.6019576e-01
 -1.5289651e+00
  3.8458735e-01
 -4.4115379e-01
 -4.8977634e-01
 -1.8151973e-01
  1.2874696e+00
  6.2161869e-01
  4.1519010e-01
 -5.1431322e-01
 -4.5173380e-01
  4.1266909e-01
  1.9865192e-01
 -4.0924010e-01
 -6.6980696e-01
  1.9305731e-01
 -1.7371649e-01
 -1.0235625e-01
 -2.8845593e-01
 -9.2492953e-02
  1.1292182e+00
 -3.9029944e-01
 -9.4165218e-01
 -7.1043926e-01
 -5.3788155e-01
 -3.6557233e-01
 -1.6967364e-01
  1.8357782e-02
 -2.9203928e-01
  1.5207963e-01
 -9.2758739e-01
  4.1408223e-01
 -3.7238899e-01
  3.2664549e-02
 -1.0324783e+00
  2.6970530e-01
  3.7289232e-01
 -3.3403879e-01
 -3.7474591e-01
  1.0654311e-02
 -1.1040626e-01
 -2.8974268e-01
  2.3362312e-01
 -3.2500592e-01
 -3.1599531e-01
  2.1389247e-01
 -2.7602762e-01
  1.1224521e+00
 -5.4028368e-01
 -1.3718771e+00
  2.2446011e-01
  1.8201863e+00
  6.8310422e-01
 -4.4130888e-02
  2.7797455e-01
  4.6680495e-01
 -4.1504881e-01
  5.1977903e-01
  5.6703817e-02
 -2.4044128e-01
 -2.5370896e-01
 -4.6123779e-01
  4.9090320e-01
 -2.9922774e-01
  1.2815130e-01
 -4.2559692e-01
  1.8783745e-01
  8.0151565e-02
 -4.0271249e-01
  3.7428018e-02
  1.3687947e-01
 -4.6528763e-01
  1.8252251e-01
 -4.6381059e-01
 -4.8711929e-02
  5.4576600e-01
  3.1162986e-01
  1.8774164e-01
 -1.1701113e+00
 -8.4623909e-03
  1.0618172e-01
 -5.9124786e-01
  5.9050608e-01
  4.0326041e-01
 -1.8508052e-02
 -1.8672764e-01
  1.0256784e-01
 -3.2316390e-01
 -2.9244673e-01
 -1.9091952e-01
 -9.9305557e-03
 -1.8583111e-01
  1.7456669e-02
  5.5071962e-01
  1.4668474e-01
 -5.8843303e-02
 -2.2177868e-01
  7.9933025e-02
 -1.7775561e-01
  1.7053597e-01
 -1.6814797e-01
  2.0700027e-01
 -2.2938350e-01
 -9.3180996e-01
  1.6545250e+00
  1.1821638e+00
  8.7176867e-02
  1.6628322e-01
 -4.5602524e-01
  1.0587237e-01
 -5.6256789e-01
 -2.2003602e-02
  4.5309219e-01
  5.2560586e-02
 -2.2438470e-01
 -1.5926559e-01
 -1.8862215e-01
 -3.6041433e-01
 -7.9074658e-02
 -2.4793774e-01
 -1.8417659e-01
 -8.3907634e-02
  3.5528871e-01
  1.5962679e-02
  1.7017774e-01
  2.6356494e-01
 -1.3791536e-01
  1.8887572e+00
 -1.9825928e-01
 -8.7344036e-02
  2.8672633e-01
  4.1861850e-01
  1.2060848e-01
 -1.7030106e-01
  3.8887739e-01
 -4.5892984e-01
  4.2384049e-01
  5.3941387e-01
  3.3850053e-01
 -6.0901207e-01
  9.8929942e-02
  4.9316022e-01
  4.5864636e-01
  4.5474578e-02
 -3.1314742e-02
  5.7117835e-02
  2.0107393e-01
 -1.4128461e-01
 -2.7347556e-01
 -2.2653495e-01
 -1.8650426e+00
 -3.1816253e-01
  8.2163401e-02
 -2.7782726e-01
 -4.1643277e-02
  2.8220218e-02
  7.3707826e-02
  6.0798746e-01
  8.4715366e-02
 -1.0352707e+00
 -2.9312870e-01
 -8.6156972e-02
  5.3218353e-01
 -2.7386999e-01
 -1.9788933e-01
  1.6156327e-02
 -1.5170051e-01
 -9.7112261e-02
  1.0196636e-01
 -2.2342342e-01
 -1.0332809e-01
  3.7622932e-01
  1.7132230e-01
  7.1313366e-02
  2.2129521e-01
 -2.0106943e-01
  6.7023784e-01
 -4.1684870e-02
 -2.5241753e-01
 -1.1802363e-01
  1.1599691e-01
 -1.8805484e-01
  5.2447490e-02
 -2.4910772e-01
  2.1977387e-01
  1.3672182e-01
  5.5166867e-02
 -2.3420332e-01
  2.0353143e-01
 -1.3603459e-01
 -6.1169174e-02
  2.1024573e-01
 -2.8615019e-01
 -2.6823559e-01
  5.9943389e-02
  1.7248346e-01
  9.1920190e-02
  2.2283246e-01
 -4.9830299e-02
 -9.4624877e-02
  1.3752250e-01
  1.7973295e-03
 -6.8228386e-02
  2.1738482e+00
  1.5935393e-02
 -1.8004413e-01
 -8.7856978e-02
 -3.2958066e-01
  1.2020553e-01
 -1.1237252e+00
  1.6150990e-01
 -1.5226240e-01
  1.1630162e-01
  1.8567391e-01
 -3.5435289e-01
  1.5395024e-01
  3.0936131e-01
 -1.6217172e-01
 -3.0829611e-01
  1.3974112e-01
  5.3387973e-02
 -2.0782572e-01
 -7.1830221e-02
  8.6946085e-02
  1.5294736e-03
 -1.1460516e-02
 -1.6288674e-01
 -7.3699310e-02
  4.3584865e-02
 -7.3367573e-02
  7.3136270e-02
  1.1473101e-01
 -1.9493093e-01
 -1.2530662e-01
 -1.7504886e-01
  6.5529436e-02
 -2.0683563e-01
  8.1173554e-02
 -2.2690548e-01
 -1.1953701e-01
 -5.2828114e-02
  4.5267379e-01
  1.9227582e-01
 -1.8379827e+00
 -1.6247481e-01
  2.2673087e-01
  1.3041410e-01
  2.6416871e-01
 -2.0341862e-02
 -1.5645573e-02
  4.4205327e-02
  7.8916766e-02
  2.8403902e-01
  9.2163123e-02
 -2.4411413e-01
  8.8116385e-02
  1.1315764e-01
  6.5274574e-02
  2.0486729e-01
  5.9159540e-02
  2.0496304e-01
  1.9642677e+00
  8.7613218e-02
  1.7546943e-01
 -9.7051871e-01
  4.7045812e-01
 -1.1789653e+00
  9.6245778e-01
  5.1335558e-02
  2.7813676e-01
  1.4292435e-01
  2.7366826e-01
  4.2260695e-01
  3.8624933e-01
 -3.5316080e-01
  5.9549886e-01
 -1.0387062e-01
 -1.5899590e-01
 -7.6682299e-01
 -1.2246966e-01
  3.3798569e-01
 -1.2292803e-02
  1.9176210e-01
  3.5831291e-02
 -2.3529549e-01
 -2.7361231e-02
 -6.3434219e-01
 -4.5691848e-02
 -1.2075298e-01
  8.6369365e-01
  3.5769159e-01
  1.0696385e-01
 -3.1173503e-01
 -4.2255265e-01
  1.8230864e-01
  2.1867402e-01
  4.3509749e-01
  1.4494011e-02
  6.4316690e-01
 -3.1478143e-01
  3.0790189e-01
 -1.6437164e-01
 -1.9327922e-01
 -9.1361821e-02
 -4.9879557e-01
 -5.4348862e-01
  1.2921430e-02
  6.4082585e-02
  6.7495704e-02
 -3.5854593e-01
 -1.4213277e-01
 -4.0327869e-02
 -4.5768328e-02
 -2.8280547e-01
 -2.3317695e-01
  3.5967383e-01
  6.0447723e-02
  3.5698995e-01
  6.3526851e-01
 -1.4789523e-01
  3.1273174e-01
 -3.5874751e-01
  1.7454718e-01
 -4.4538951e-01
  3.6477306e-01
 -2.7998799e-01
  1.6671559e-01
 -1.1816110e-01
  3.5513970e-01
  3.8450909e-01
 -5.9151572e-01
 -9.0933807e-02
  3.0987042e-01
 -6.5637189e-01
  9.9844076e-02
  4.5843653e-02
 -1.0699006e-01
  4.0935911e-02
  3.0563197e-01
 -3.2220757e-01
  4.1172567e-01
 -3.4964946e-01
 -4.5174219e-02
 -3.8503804e-03
  1.7737272e-01
  3.8097689e-01
 -1.6844341e-01
  8.9632064e-02
  3.1785718e-01
  1.1427776e+00
  4.8322311e-01
  1.0826545e-01
  1.7043278e-01
  2.1393074e-01
  4.4251630e-01
  4.9147699e-02
 -6.7774490e-02
 -1.2987696e+00
 -7.2694957e-01
 -2.1629028e-02
  1.5493624e-01
 -5.1835582e-02
  2.7776825e-01
 -3.0656785e-01
  2.6706088e-01
  1.1389536e-01
  3.2020863e-02
 -3.6846611e-01
 -1.9274445e-01
 -1.2903291e-01
  2.2956904e-02
 -3.8947904e-01
  5.2995926e-01
  7.0893139e-02
 -4.5675224e-01
 -1.4939353e-01
 -4.0335393e-01
  1.3296725e-01
  3.2890091e+00
  2.0403773e-02
 -4.6612684e-02
  1.1498903e-01
  8.4163569e-02
  2.6431257e-01
 -1.9948648e-01
  5.0140393e-01
  6.8484294e-01
 -4.9540851e-01
  2.4927536e-01
  6.6395539e-01
 -8.0192469e-02
  2.9409319e-02
 -3.3195293e-01
  4.7313366e-02
  1.2898215e+00
  1.7944235e-02
  3.2339069e-01
  5.3396863e-01
 -4.3224182e-02
  1.4750220e-01
 -1.9627932e-01
  2.6335207e-01
 -2.4878597e-01
  2.7013302e-01
  6.1762875e-01
 -5.4631371e-02
  3.8509566e-01
  4.2828220e-01
 -1.1195782e+00
 -1.9395696e-01
 -2.1412583e-01
 -1.6564623e-01
  3.1107614e-02
 -2.7883929e-01
 -9.7772941e-02
  8.7949514e-02
 -4.9366809e-02
 -8.4386259e-02
  2.8028846e-02
  1.8644188e-01
  2.0620140e-01
  2.3117637e-02
  1.4730398e-01
  4.5239007e-01
 -6.2623583e-02
 -1.9753262e-01
 -1.3558207e-01
 -7.9608780e-01
  4.1781861e-01
 -2.6952392e-01
 -1.1473074e+00
 -5.0823748e-01
 -9.6921676e-01
  3.2086116e-01
  2.4037624e-02
  3.5102502e-01
 -1.3553718e-01
  8.3071578e-01
 -5.6544399e-01
  5.0629538e-01
  5.6833792e-01
 -5.7053542e-01
 -3.8358286e-01
  2.4533065e-01
  1.7285571e-01
  1.1089770e-01
  3.9929202e-01
 -4.5336969e-02
  1.0595741e-01
  4.3265149e-01
  1.6500731e-01
  4.4168898e-01
 -3.3551592e-01
 -1.5297134e-01
  8.5680522e-02
  7.6566523e-01
 -6.4837977e-02
 -1.8599924e-01
  1.8810916e-01
  4.9960175e-01
 -2.5749230e-01
 -9.7202726e-02
  2.4107410e-01
 -5.5141132e-02
  3.3612326e-01
 -4.1908097e-01
  1.5196488e+00
  3.0835548e-01
 -4.8996180e-02
  3.6773393e-01
  5.7840966e-02
 -2.1029522e-01
  2.9176092e-02
  4.6361767e-02
  1.8040689e-02
 -5.2277094e-01
  1.2204757e-02
 -8.4519938e-02
  5.8159304e-01
 -3.7326634e-01
 -1.0354040e+00
  1.2164546e+00
  1.3979242e+00
 -8.9326918e-02
  2.3403161e+00
 -1.7194422e-01
 -5.2934092e-01
 -5.3416407e-01
  2.6247004e-01
  4.3848160e-01
  2.7629322e-01
  6.1120987e-01
  1.1971197e+00
  1.0603679e+00
  3.0308905e-01
 -2.4170281e-01
 -3.2708785e-01
  9.7780123e-02
  3.5952721e-02
  4.0907267e-01
 -4.3137111e-02
 -1.2508267e-01
 -2.2943810e-02
  2.6161471e-01
  4.6363494e-01
  1.0464544e+00
 -3.6426613e-01
 -1.1050230e+00
  2.6838183e-01
 -1.4850780e-03
  1.5874518e-01
 -1.2341559e+00
  7.3469573e-01
  4.6422133e-01
  3.3178812e-01
  3.6172378e-01
 -6.6566873e-01
  1.7388217e-01
  2.1769996e-01
  6.3879222e-01
 -1.3395605e+00
 -1.1999418e+00
 -1.9675963e-01
  1.6615119e-02
 -4.7712047e-02
  3.7387404e-01
 -3.3255765e-01
  1.1423112e-01
 -1.6916762e-01
  5.2063011e-02
  4.6675065e-01
 -3.0780169e-01
 -2.5404182e-01
 -1.1933331e+00
  1.6436173e-01
 -3.2936114e-01
  1.5432118e-01
 -4.9569944e-01
 -6.1037672e-01
 -1.0224515e+00
  2.9741606e-04
  6.2640703e-01
 -4.9649343e-01
  1.0739484e+00
  3.0616659e-01
 -1.0717595e+00
  1.1802677e+00
  2.7014780e-01
 -2.6613896e+00
 -2.3787382e-01
  4.2220110e-01
  2.6566528e-02
 -3.6161289e-01
 -6.0251284e-01
 -1.0823684e-01
 -4.2055893e-01
  4.8224619e-03
  3.1189513e-01
  9.5214975e-01
 -1.8631557e-01
  6.3868767e-01
 -2.3148754e-01
  1.7199422e-01
 -8.0768722e-01
 -6.9769132e-01
  5.3096658e-01
 -6.9763708e-01
 -7.7866352e-01
 -1.7743134e-01
  2.9780605e-01
  6.0715848e-01
 -1.7286499e+00
 -1.2183093e+00
 -5.9704083e-01
 -4.7972271e-01
 -3.9266083e-01
  7.4245876e-01
  2.9066855e-01
 -3.8761535e-01
 -1.4827166e-01
 -1.3049793e-01
 -1.2492551e+00
 -2.4668509e-01
 -3.3639467e-01
 -3.6737662e-02
  1.4535737e-02
 -1.5001497e-01
  1.8822710e-01
  3.6062703e-01
  1.3460542e+00
  7.2819906e-01
 -6.8207747e-01
  1.3861067e+00
  4.6364883e-01
  1.4474010e-01
  4.0628475e-01
 -7.5246610e-02
  2.0743878e-01
 -5.2421626e-02
 -3.0942565e-01
 -1.8646161e-01
  1.9779567e-01
 -1.9336343e-01
  1.2110987e-01
 -1.9263797e-01
  1.8202211e-01
 -5.3362441e-03
  2.8616932e-01
  4.7849607e-01
  1.2766547e+00
 -6.0651690e-01
 -4.2445701e-01
  2.4257665e+00
  1.0476779e-01
 -5.1382119e-03
 -1.6894754e-02
 -2.4026859e-01
 -2.6461494e-03
  1.5137531e-02
  1.1336560e-01
  4.9160156e-01
  2.8112793e-01
  2.7170008e-01
  4.5918229e-01
 -9.6891247e-02
  2.8423719e+00
 -4.7497500e-02
  8.1351273e-02
 -1.9074145e-01
 -2.9402342e-01
 -6.5341070e-02
  6.6151786e-01
  2.3079750e-01
 -1.3893971e-01
 -2.1112880e-02
 -8.5228190e-02
  7.6033670e-01
 -2.0902476e-01
  8.5398123e-02
 -1.5203202e-01
  2.6573727e-01
  2.8207288e+00
  3.5927796e+00
  1.1577606e+00
 -2.0972025e+00
 -8.5080963e-01
 -2.0844202e-01
  1.8116720e+00
  5.5453277e-01
 -1.4812610e+00
  2.3338853e-01
  1.7663976e-02
 -3.0942997e-01
 -6.1664328e-02
  6.6946983e-01
  4.4816327e-01
  5.9410536e-01
  1.3011877e-01
 -1.9533625e-01
  7.8710938e-01
 -7.6652899e-02
  1.1379555e-01
  2.7699059e-01
  6.1871320e-01
 -3.2906589e-01
  5.5692382e-02
 -6.3289762e-02
  1.3898354e+00
  1.5186280e-01
 -8.9316726e-02
 -2.8254947e-01
  6.2609270e-02
  7.4678898e-01
  1.0718358e-01
  5.6105798e-01
  3.2198405e-01
 -1.1550891e-01
 -2.4550606e-01
 -7.1897787e-01
 -1.5577368e-02
 -1.2846534e-02
 -9.2929013e-02
 -8.6980110e-01
  6.2848759e-01
 -1.5032765e-01
  2.1897033e-01
 -7.3674619e-02
 -3.4128106e-01
  1.4659998e-02
 -3.1485617e-02
  2.1668757e-01
 -4.4648466e-01
 -9.2863500e-01
  1.5062558e-02
 -3.1626523e-01
 -1.6817976e+00
 -2.6237571e-01
 -1.8819097e-01
 -4.3147376e-01
 -4.2878799e-02
 -3.6214641e-01
  5.7326663e-02
  2.0876155e+00
  8.3855078e-02
  1.0022008e-01
  5.1841229e-01
 -9.5935866e-02
 -2.0401107e-01
 -1.8282658e+00
 -5.7869869e-01
 -6.5821302e-01
 -9.7427821e-01
  2.9369482e-01
  2.8132281e-01
  1.5019529e-02
 -6.0770828e-02
 -6.5622590e-02
 -8.2117552e-01
  5.3577137e-01
  6.3593782e-02
  2.0078275e-01
 -1.9379660e-01
 -5.6345928e-01
 -2.0447734e-01
  6.3421482e-01
  4.6708131e-01
  1.0495360e+00
 -6.4302564e-01
  3.6457807e-01
 -4.3887799e-03
  1.8826331e-01
 -5.9784508e-01
  6.0832453e-01
 -1.8765660e-02
  5.0017633e-02
 -2.2742294e-01
  1.1131629e-01
 -5.6610298e-01
  1.0204794e-01
 -3.3781055e-01
 -1.1432488e-01
 -3.2064274e-01
  2.1825279e-01
  3.4319419e-01
  8.0994827e-01
 -3.4722876e-02
  5.4980034e-01
  1.2528448e-01
  1.6917354e-01
  1.1190008e-01
 -5.2794778e-01
 -1.8811908e+00
 -2.6986427e+00
  3.2786879e-01
  9.3055505e-01
 -2.7991325e-01
  5.2112091e-01
 -6.8083787e-01
 -3.6997814e-02
 -3.7798354e-01
  2.2345232e-02
  3.2280737e-01
 -3.9043192e-02
  2.9765204e-01
  4.2683089e-01
 -4.6116149e-01
 -5.7451241e-02
  1.6171780e-01
 -8.2550503e-02
 -7.5598843e-02
  1.2471451e-01
 -1.0913742e-01
 -8.6888492e-02
 -5.3861475e-01
 -1.4937745e-01
 -4.2735407e-01
 -5.5375777e-02
  9.8324083e-02
 -1.8087788e-01
 -8.1728362e-02
 -5.0270760e-01
  5.6301838e-01
  4.8863143e-01
 -1.0520737e-01
 -2.9900831e-01
  2.2847292e-01
 -2.0300560e-01
  2.7552855e-01
  5.0374436e-01
 -3.2112473e-01
 -1.6116675e-02
  1.5752324e+00
 -1.6538517e-01
 -3.0790862e-01
 -4.8916530e-02
  2.9397774e-01
 -2.1103127e-02
 -9.9309325e-02
  2.8515750e-01
  4.0431034e-02
  1.3467283e+00
  9.6271548e-04
 -3.2326993e-02
 -8.3676642e-03
  1.3588026e-01
 -1.2417548e+00
 -7.7768844e-01
 -1.8433609e+00
 -1.0623756e-01
 -1.4576386e+00
  8.3362377e-01
 -5.0851202e-01
 -6.0272408e-01
 -1.0844899e-01
  4.2532852e-01
 -3.0149931e-01
  8.4100455e-01
 -3.8564292e-01
 -3.4488556e-01
  2.8053293e-01
  9.2291445e-01
  5.6772065e-01
  6.7368162e-01
  2.7272761e-01
 -2.1883121e-01
 -9.0521699e-01
 -2.0097564e-01
  1.3183860e-01
  9.6672013e-02
  2.6588294e-01
 -2.4258247e-01
 -5.2856356e-01
 -1.2017993e-01
  1.7906234e-01
 -4.5452055e-01
 -1.2196454e-01
  9.1640055e-02
  2.2820595e-01
 -6.8551141e-01
  2.4916954e-01
  3.3928040e-01
 -4.3476206e-01
 -3.5318732e-02
 -7.3262081e-02
  2.8060085e-01
  5.7444644e-01
 -2.2441868e-01
 -3.9442595e-02
  2.3402277e-01
  3.5834429e-01
 -8.3674476e-02
  9.0550585e-04
 -5.9606886e-01
  6.1356550e-01
  7.4392952e-02
  3.9104521e-01
 -2.6578808e-01
  5.7964033e-01
 -2.9299048e-01
 -6.0175335e-01
 -7.9252374e-01
 -1.3988930e+00
 -7.9340619e-01
 -2.2362867e-01
 -8.0743426e-01
  8.8305378e-01
  6.6257276e-02
 -5.2238321e-01
 -3.6053468e-02
  4.3062654e-01
 -3.2848296e-01
  4.8852289e-01
  6.2019712e-01
 -6.8288624e-02
 -3.6201912e-01
 -3.2906172e-01
 -3.5730350e-01
 -3.0791545e-01
  6.6009873e-01
  1.2330437e-01
  9.3767506e-01
  4.0033233e-01
 -4.8838452e-01
  2.4089453e-01
  1.1537855e+00
  4.7828183e-01
  4.7100323e-01
  2.1604908e-01
  4.7620147e-01
  2.7950943e-01
  3.2873622e-01
  3.9246988e-02
  4.5704162e-01
  3.1159306e-01
 -1.7777957e-01
  4.8606362e-02
  2.2211175e-01
 -5.7731427e-02
  5.9477431e-01
  4.9433552e-02
  6.7093885e-03
  1.6924620e-01
 -4.9350449e-01
 -3.2355466e-01
  2.4500728e-01
 -1.3693443e-01
  2.5666457e-01
  3.0727038e-01
 -5.1687497e-01
 -6.0872093e-02
 -3.0099985e-01
 -1.0331891e+00
  3.0722934e-01
 -8.3107159e-02
 -2.3322518e+00
 -1.9850332e+00
  1.0218568e+00
 -5.9731588e-02
  1.0028588e+00
 -5.0353140e-01
  4.0444112e-01
 -2.7744466e-01
 -1.7383049e-01
 -3.2224271e+00
 -2.3689191e-01
  3.7446815e-01
  6.7778081e-02
  3.0218229e-01
 -2.3306891e-01
  1.7286469e-01
  1.9428940e-01
  2.2131123e-01
 -2.3920436e+00
  1.1979363e-01
  4.1998947e-01
  5.3847414e-02
  2.9557550e-01
  3.0257174e-01
  3.0946863e-01
  2.7732837e-01
  7.8342065e-02
 -7.1924812e-01
  2.8645593e-01
  2.2757888e-01
  2.2314088e-01
  1.4375427e-01
  1.4404999e-01
  2.7313632e-01
 -1.9312966e-01
 -5.8385193e-01
 -3.7387976e-01
  3.3592376e-01
  2.4533908e-01
  1.2930323e-01
  3.7271628e-01
  1.7379092e-01
  7.5671762e-02
 -2.3204516e-01
 -2.2167505e-01
 -2.9424876e-01
 -5.8672875e-01
 -1.3380539e-01
  2.4580569e-03
 -3.1827423e-01
 -7.2712153e-01
  3.6086726e+00
 -2.4953631e-03
  6.6424376e-01
  1.7925390e+00
  4.6697205e-01
 -8.7862939e-02
 -2.2310117e-01
  8.8765782e-01
 -2.2169791e-01
 -2.4985272e-01
 -3.2112277e-01
  3.5283130e-01
 -3.1092563e-01
 -2.1247871e-01
  1.4018635e-01
  4.0929921e-02
 -3.8857743e-01
 -9.6867293e-02
 -2.7444482e-02
  2.5253229e+00
  2.2592768e-01
  1.4292464e-01
 -3.4320915e-01
 -2.0441003e-01
 -2.6963627e-01
 -1.2462609e-01
 -3.0315861e-01
 -3.5382289e-01
 -7.3771454e-02
  2.1065144e-01
  2.6062569e-01
 -3.6459532e-01
  7.1831875e-02
 -3.3467031e-01
 -1.0453933e-01
 -2.6717222e-01
  1.3730256e-02
 -9.6090771e-02
 -4.4475228e-02
  1.3189434e-01
  1.7194254e-02
  3.5525319e-01
 -7.2598982e-01
 -2.4895333e-01
 -1.6218144e-01
 -1.0095093e-01
 -2.5530881e-01
  1.5069908e-01
  1.5341541e-01
  3.6616868e-01
 -3.0134439e-01
  1.5701535e-01
 -5.7265233e-02
 -7.6399595e-02
  5.7499194e-01
 -9.1285741e-01
  1.2963262e+00
 -4.9421450e-01
  1.0123968e+00
  2.5743480e+00
 -2.2431779e-01
  2.1327851e+00
 -1.3446082e+00
 -7.5145096e-01
  5.0712388e-02
  8.4699637e-01
  3.0365485e-01
  6.6508156e-01
  2.6849025e-01
 -5.6646043e-01
 -1.0884358e+00
  9.5701194e-01
  2.2245249e-01
  3.6548528e-01
 -6.5576446e-01
  2.4340031e+00
 -7.4479103e-01
  5.5397809e-01
  2.2361116e+00
 -5.8625323e-01
  5.3723359e-01
  3.1078485e-01
  2.2994143e-01
 -1.1427837e-01
  1.4219961e+00
  4.3733191e-01
  9.6577704e-01
  4.2585579e-01
 -2.6015943e-01
  9.9496645e-01
 -7.3558229e-01
  3.0981928e-01
 -4.3186930e-01
  5.4774451e-01
  3.2856518e-01
 -8.4744334e-02
  2.5331514e+00
  8.0670255e-01
 -1.0610685e+00
  2.2691262e-01
 -6.0549039e-01
  2.8841980e-02
 -2.3225640e-01
  8.0352999e-02
  3.9670917e-01
 -5.7734910e-02
 -1.0082139e-01
  2.1375294e-01
  3.6264855e-01
  6.1227393e-01
 -8.6866874e-01
 -1.1353946e-01
 -7.4986112e-03
  4.9461710e-01
  1.0687486e+00
 -6.8664826e-02
  3.9320130e-02
 -4.8120203e-03
  2.7212879e-01
  1.7558450e-01
 -4.7998615e-02
 -5.4960424e-01
 -2.5934604e-01
 -2.3068756e-01
  6.0250831e-01
 -1.0637693e-01
  1.8016270e-01
 -4.1342488e-01
  3.3433491e-03
 -5.3809327e-01
  6.8078220e-02
 -2.4634144e-01
 -1.0425370e+00
  1.0941079e-01
 -6.7195898e-01
  3.7507862e-01
  2.6267022e-01
  2.7255857e-01
 -2.7365783e-01
  6.8387008e-01
 -7.0423925e-01
 -5.9938008e-01
  3.9529443e-01
  1.2331762e+00
 -2.7647120e-01
  5.7844549e-01
  2.7665728e-01
 -4.2241815e-01
  7.1101665e-01
  1.1603647e-01
 -1.2221153e+00
 -6.0914710e-02
 -2.4354196e-01
  4.0890481e-02
  2.8963423e-01
  1.0324207e-01
  1.4708233e-02
 -8.3188266e-01
  4.0163532e-01
  1.5420374e-01
 -5.5776384e-02
  3.2773116e-01
 -4.5888427e-01
  2.5390232e-01
 -3.7994143e-01
 -1.2767337e-01
  3.3188680e-01
 -1.4584100e-01
 -5.0630324e-02
 -2.1426520e-01
  4.4987261e-01
  7.0811063e-02
 -8.5474260e-02
 -7.2087407e-02
 -3.0282304e-02
 -2.8291497e-01
 -1.2921956e-01
 -2.7465844e-01
 -4.5849192e-01
  4.4532199e+00
  4.3806505e-01
 -1.5660839e-01
  6.5963261e-02
  8.5622177e-02
  8.0824655e-01
 -3.5575306e-01
 -3.6672181e-01
  4.7434628e-01
 -6.2461562e-02
 -5.2111458e-02
 -1.6147216e-01
  2.2332768e-01
 -1.6564133e+00
  1.7488521e-01
  8.5208125e-02
 -4.4378199e-02
 -6.1527047e-02
  7.4504510e-02
 -1.7806029e-01
  4.3926381e-02
 -3.2569313e-01
  1.8970512e-01
  2.4604979e-01
 -4.4264883e-02
  1.8789314e-01
  3.1128585e-02
  7.5088568e-02
  1.8938188e-01
  1.6942163e+00
 -2.2908442e-01
  5.8826212e-02
 -2.6390857e-01
  1.2419563e-01
  7.3330855e-01
  2.3393029e-02
 -5.2854002e-01
  2.5143987e-02
 -4.1638654e-01
 -1.4007832e+00
  3.8316810e-01
  9.6215779e-01
 -8.6706197e-01
  1.3521223e+00
 -1.0347231e-01
 -1.1669790e+00
  3.5899615e-01
 -6.0984820e-01
 -3.0443671e-01
 -1.0045887e-01
 -5.9597730e-03
  3.9242846e-01
  8.4741205e-02
 -2.3159616e-01
 -6.6107136e-01
  6.5958059e-01
  2.9668525e-01
 -3.1968430e-01
  8.6480170e-01
  3.1345779e-01
 -2.8384387e-01
 -1.0448183e+00
  3.7774557e-01
  5.7327056e-01
  6.9714189e-01
  4.0422162e-01
  3.6024803e-01
  8.9951195e-03
 -1.0743405e-01
  5.7299262e-01
 -1.6707695e+00
  1.0862435e-02
  3.2414013e-01
 -6.9349879e-01
 -4.0103984e-01
 -7.8373559e-02
  2.8439662e-01
 -3.1109077e-01
  2.8796488e-02
 -9.8308808e-01
  4.6473187e-01
 -5.3597134e-01
  7.5250216e-02
  1.2352725e-01
  3.9512157e-02
  7.7051319e-02
  2.8835186e-01
  2.1566960e-01
  3.1518813e-02
  1.1469462e-01
 -1.1779618e-01
  5.1114655e-01
  1.4741164e-01
 -8.2403898e-02
 -8.6539584e-01
 -2.0626290e+00
 -1.4140679e+00
 -7.9586828e-01
  1.6644590e-03
  6.9040060e-01
 -4.9698633e-01
 -7.7374798e-01
  2.9354803e-02
 -5.0985205e-01
  1.1600685e+00
  3.9114848e-01
 -2.3342948e-01
  4.9362335e-01
  3.5449955e-01
 -4.4497564e-01
 -7.8165358e-01
 -5.7311600e-01
  6.9706082e-01
 -1.9813524e-01
 -2.2308663e-02
 -1.0330533e+00
  3.6738083e-01
 -2.8499368e-01
 -8.7158740e-01
 -5.4252130e-01
  3.2035744e-01
  5.7887530e-01
  3.8707224e-01
 -6.7782867e-01
 -2.9231542e-01
  3.0503714e-01
  5.4387248e-01
 -3.2523805e-01
  6.4608866e-01
 -3.6891678e-01
  2.1493991e-01
  4.2498633e-01
 -2.0501651e-01
 -5.4454553e-01
 -7.1148172e-02
 -2.9761085e-01
 -4.2596631e+00
  2.0213059e-01
  2.3942970e-01
  4.2861071e+00
 -3.4624714e-01
  6.8020284e-02
 -4.3152833e-01
  7.3267037e-01
 -3.2335246e-01
 -5.8349144e-01
  5.0899953e-01
 -1.5841042e-01
  2.7446935e-01
 -2.8649464e-01
  1.5045613e+00
  1.5359869e-02
 -1.5705797e-01
  2.2906990e-01
 -5.4146063e-02
 -7.7391798e-03
  5.9005249e-02
  1.7739205e-02
  3.2332994e-02
  1.3099693e-01
 -1.2018574e-01
 -1.1203092e-01
  8.6478986e-02
 -6.3126378e-02
  2.0869370e-01
  1.2221365e-02
  2.0816930e-02
  5.2269828e-01
 -2.9435191e-01
 -2.3540324e-01
 -4.3305916e-01
 -4.9430359e-02
 -9.7056103e-01
 -2.5570127e-01
 -3.6400720e-01
  1.2442210e-01
 -4.8558127e-02
 -1.3475002e-01
 -1.0982133e-01
 -2.1066602e-01
 -8.0355396e-03
 -1.8430331e-01
 -3.3233892e-02
  1.2795785e-01
 -1.4664294e-01
 -1.1832455e-01
  1.8172224e-01
  6.6018784e-01
 -1.3845658e-01
 -7.7860534e-02
 -7.6860100e-02
 -5.1550734e-01
  2.5870445e-01
  1.4807273e-01
  2.9188073e-01
 -1.3534546e+00
  2.7327507e+00
 -1.4143042e-01
 -1.7482756e-01
  4.7187258e-02
  4.7723979e-01
 -8.8964500e-02
  1.9909546e-01
 -6.3062184e-02
 -5.7272041e-01
  2.2310714e-01
 -9.9975571e-02
 -5.9509021e-01
  2.5541969e-02
  1.2416594e-01
  2.6948115e-01
 -8.7973021e-02
 -2.3646644e-01
  2.8717868e-02
 -1.4348131e-01
  2.1144846e-01
  4.6890266e-02
 -8.4148804e-03
  2.4384750e-01
  1.1074816e-01
 -2.5657830e-01
 -2.2398083e-02
  2.1253972e-01
 -2.1770431e-02
 -8.0103651e-02
 -1.0417047e-01
 -7.5360388e-02
  8.9934155e-02
 -8.5454382e-02
  1.3224314e-01
  1.9619741e-02
  4.3236084e-02
  1.6824472e-01
  1.4972697e-02
  3.1819325e-02
 -2.0711763e-01
  1.4357403e-01
  1.6059621e-01
 -2.0108818e-01
 -6.2448865e-01
  2.8068724e-01
  3.1157592e-01
  7.3667511e-02
 -9.8853931e-02
 -5.7536617e-02
 -1.0897722e-01
  5.3972197e-01
  3.0864283e-01
 -1.5153076e-02
 -2.8344324e-01
  5.5021262e-03
  1.7717941e-01
  1.0814446e-01
 -8.7496988e-02
  8.4933478e-01
  3.5160191e+00
 -7.4268347e-01
  2.8648939e+00
 -6.7171282e-01
  2.2210090e+00
  1.7748345e-01
  1.1223899e+00
 -3.8576314e-01
  3.1377640e-01
  8.7264553e-02
 -9.3827844e-01
  1.3750865e+00
  1.3591288e-01
 -4.9486572e-01
 -3.8989013e-01
 -8.3084744e-01
  1.4803568e-01
 -3.7580392e-01
  8.2402505e-02
 -9.9110067e-02
 -3.8686115e-01
 -1.6475815e+00
 -3.1693628e-01
  4.0909863e-01
  5.1400030e-01
  1.9211340e-01
 -2.4310626e-02
 -1.3959494e-01
  3.3913767e-01
  5.0534630e-01
 -5.0815910e-01
 -8.7448794e-01
  2.1510205e-01
  3.7819129e-01
  3.4962305e-01
 -3.1899732e-01
  5.5986907e-02
  1.4170907e-01
 -8.5365102e-02
 -6.3782752e-01
 -8.0772609e-01
  3.8768902e-01
 -5.5235613e-02
 -1.4460658e-01
  5.9702441e-02
  2.8428230e-01
 -1.0141049e-01
  1.5860821e-01
 -6.6339254e-01
 -1.7771606e-01
 -1.4083061e-01
  1.6549715e-01
 -8.9594716e-01
  8.5521483e-01
  2.3614764e-01
 -1.1913621e+00
 -3.9007702e-01
 -1.1865491e+00
 -1.9810322e-01
 -7.7658343e-01
  8.7908429e-01
 -6.0976481e-01
  1.1696495e-01
 -8.3670914e-02
 -3.8122633e-01
 -3.5877293e-01
 -1.8978797e+00
 -1.0584294e+00
  2.4705872e-01
 -1.0711610e+00
 -7.5591987e-01
 -3.0188188e-01
  1.3289440e-01
 -5.4534036e-01
 -6.4557195e-01
 -1.1419096e+00
 -7.8676766e-01
  1.0926149e+00
 -1.4894138e-01
  1.9952768e-02
  5.3501070e-01
 -4.2797115e-01
 -5.7621467e-01
  4.4385710e-01
 -2.5038382e-01
  1.1699569e+00
  1.2870777e-01
  1.2026375e-01
 -1.1907432e-01
  1.6440694e-01
 -1.7092532e-01
 -7.6130635e-01
  7.7991806e-02
  3.3543438e-02
  3.6731273e-01
 -1.2186838e-01
  3.1483594e-01
  3.2197207e-01
  1.6589611e-04
  8.4409617e-02
  1.7643072e-01
 -2.0677605e-01
  1.4731412e-01
  5.3356878e-02
  5.9163291e-02
 -1.7813149e-01
  4.3733054e-01
  8.7622929e-01
 -2.1233454e+00
  7.6402143e-02
 -2.3176191e+00
  9.1754943e-01
  8.2499903e-01
 -1.0914495e+00
  6.1174744e-01
 -3.1231767e-01
 -5.4224756e-02
 -3.7856650e-01
  6.0702258e-01
 -4.9377462e-01
  1.1688429e-01
  7.8007799e-01
 -6.0008579e-01
  4.3012284e-02
  1.5338306e-01
  4.9867558e-01
  2.4506260e-02
 -4.4404950e-02
  1.7533779e-01
  1.3173595e-01
  1.8274598e-02
  2.4632177e-01
 -4.9673952e-02
  5.9982804e-03
 -3.8370544e-01
 -4.3413123e-01
 -1.4194842e-02
  3.7893009e-01
 -7.4061669e-02
  2.1195081e-01
  5.3384358e-01
  1.1499389e-01
  1.5971102e+00
 -2.9324302e-01
 -4.6363968e-01
 -2.0317264e-01
 -1.1875896e+00
 -1.6129510e-02
 -5.1381803e-01
  1.6153773e-02
  9.6773386e-02
 -1.1726838e-02
  2.3926038e-01
 -1.1879089e-01
  1.9652586e-01
  5.2676636e-01
  2.6648426e-01
 -1.5919355e-01
  6.2371753e-02
  3.3539644e-01
 -1.2115946e-04
  9.2454427e-01
  9.2977241e-02
  3.1078871e-02
 -2.5555646e-01
  2.2126053e-02
  3.7210494e-02
 -3.4738383e-01
 -3.0877170e-01
 -3.6303062e-02
  1.4590389e-01
  2.9216945e-01
 -8.9829944e-02
 -4.2367002e-01
 -1.2543525e-01
  1.1932954e-01
  2.1695903e-02
  1.7595702e-01
 -7.4856341e-02
 -2.0383365e-01
  2.1122789e-01
  3.6274966e-02
  3.0065161e-01
  8.3681554e-02
 -1.3187830e-01
 -7.7559702e-02
 -3.0577945e-02
 -6.5189339e-02
  6.0285628e-02
 -1.7590381e-02
 -3.8196459e-02
  1.3607964e-01
 -1.4584772e-01
  8.7482250e-01
  4.7338653e-01
 -1.7411792e-01
  2.7766711e-01
  2.5593591e-01
  8.1275672e-02
 -7.7089421e-02
 -2.7034041e-01
  4.2170799e-01
  2.5418052e-01
 -1.6389558e-01
 -3.2397978e-02
 -8.2660705e-02
  4.9654171e-02
  8.4507889e-01
 -1.5758780e-01
  9.3011685e-02
 -2.1424732e-01
 -2.6044443e-01
 -9.3699977e-02
 -8.3538033e-02
 -4.3350685e-01
  6.2075976e-02
  4.4865724e-02
  7.3310828e-01
 -6.7340344e-02
  2.8358844e-01
 -1.9642629e-01
 -3.2029805e-01
 -9.5480275e-01
 -7.2432235e-02
 -1.8969628e-01
 -4.3503532e-01
  1.2218726e-01
 -2.5654978e-01
 -3.2099125e-01
  4.0089544e-02
  3.6969684e-02
 -8.9066215e-02
  1.4187308e-01
 -1.3557026e-01
 -6.5820565e+00
  3.4966913e-01
 -4.0701655e-01
  2.1181044e-01
  5.0363000e-03
 -7.7084996e-02
  3.2972655e-01
 -2.3567696e-01
  1.0109039e-01
 -8.0737025e-02
  1.9151795e-01
  1.1979765e-01
 -1.8468410e-01
 -1.2442795e-01
 -2.5963864e-01
  1.0474184e-01
 -9.3271159e-02
 -1.5038618e-01
 -1.5051964e-01
  1.0377825e-01
 -1.5479280e-02
 -2.2434624e-01
 -5.4514402e-01
  7.4199606e-03
 -3.2075337e-01
  4.0819027e-02
  3.6813546e-02
 -1.9391701e-01
 -8.4936567e-02
  2.9035366e-01
  4.6209395e-02
 -4.2632911e-01
 -3.9920881e-01
  4.4001885e-02
  2.9264894e-01
 -4.2340177e-01
  4.4123521e-01
 -2.2308531e-01
 -2.3260221e+00
  5.5796528e-01
  2.5562462e-01
 -1.6748455e+00
 -2.0669883e-01
  1.0162584e-02
 -1.2238184e-01
 -6.8692183e-01
 -6.8510063e-02
  6.3283259e-01
  1.7153298e-02
  5.5827522e-01
  6.9005221e-01
 -7.1482718e-01
  1.3445911e-01
  1.6647384e-01
 -2.4025500e+00
 -3.8976381e-03
  6.3489747e-01
  1.2268917e-01
 -6.0374492e-01
 -4.0445153e-02
 -6.1327506e-02
  1.3969569e-01
 -3.3315856e+00
 -2.0379119e-01
 -1.4290062e-01
  4.9795517e-01
 -8.8371396e-01
  1.3965563e+00
  5.0115120e-01
 -2.6694444e-01
 -5.0934615e+00
 -2.2883151e-02
 -1.2192620e-01
  1.1307498e-01
 -6.7766321e-01
 -1.2090645e-01
 -1.0373051e-01
  3.2797974e-02
  4.2986505e-02
  3.4603971e-01
 -1.1510345e-02
  1.4305124e-01
 -2.0384017e-02
 -1.4204709e-01
 -1.2021254e-01
 -9.3535417e-01
 -7.0268877e-02
  1.5816650e-01
 -2.6418597e-01
 -2.3653612e+00
 -7.9724652e-01
  5.6603932e-01
 -1.6788477e+00
 -5.8223076e-02
 -1.3531169e-01
 -2.3628139e+00
 -5.6795049e-02
 -1.0634617e+00
  6.5348476e-02
  4.2712286e-02
 -1.4434665e-01
 -8.2325900e-01
  3.5042560e-01
  8.4860033e-01
  5.4746521e-01
 -3.8856570e-02
  1.5381049e-01
  1.5601490e-01
  2.6473612e-01
 -1.7256359e-02
  2.6840481e-01
 -1.5942827e-02
  1.0229728e-01
 -3.5173357e-01
  1.0959503e-01
  1.1261753e+00
 -5.8766603e-01
  1.3434781e-01
  5.6733763e-01
 -3.7066939e-01
  2.1945186e+00
  8.8299680e-01
  4.9597764e-01
 -3.9750001e-01
  5.0441331e-01
  1.0279158e+00
  1.7609407e+00
  1.3180701e-01
 -4.1348392e-01
  4.1744116e-01
  1.0405635e+00
  1.2585631e-03
 -6.5632448e-02
  6.1242912e-02
  1.8069652e-01
 -1.8661240e-01
 -3.7287527e-01
  1.6938634e-01
 -5.0156575e-01
 -1.0415196e-01
 -1.7800264e-01
  6.1419642e-01
 -8.0864513e-01
 -1.8797079e-01
  4.3545389e-01
 -7.2177941e-01
 -1.0371878e+00
 -5.8586687e-01
  4.5390448e-01
  7.7095211e-02
 -7.3076648e-01
 -6.8535072e-01
 -9.9943027e-02
  2.4212298e-01
  5.2388710e-01
 -2.3570299e-01
 -4.2736718e-01
 -3.2712400e-02
  7.3383343e-01
  2.3243660e-01
 -5.4426199e-01
  1.3132119e-02
 -1.6413499e-01
 -2.1545808e-01
 -1.9887304e-01
 -4.2354017e-01
 -5.0025755e-01
  1.8234320e-01
 -5.7335788e-01
  4.5809236e-01
 -2.5348189e-01
  1.0094649e-01
  7.1319327e-02
 -5.2359033e+00
  1.8943800e+00
  2.1950553e-01
 -1.7115246e-01
 -2.4441297e-01
  5.4442745e-01
 -1.8384023e-01
 -1.1028551e-01
  5.7838880e-02
 -1.2055431e-01
 -2.0777118e-01
  2.4276425e-01
  5.1378343e-02
  1.6120800e-01
  1.0685440e-02
  3.7236881e-02
 -1.8013762e-01
 -8.4284045e-02
  4.0858939e-01
  2.5680607e-02
  4.1095337e-01
  4.6810001e-02
 -1.3010427e-02
 -2.3522696e-01
 -7.8209788e-01
  1.5220747e+00
  2.6590770e-01
  1.8334699e-01
 -2.4196063e-01
 -9.6496600e-01
  7.9410672e-02
  2.9625219e-01
 -2.8277671e-01
  2.2177309e-01
  1.8471806e-01
 -5.4760134e-01
  1.0033294e-01
 -4.8429465e-01
  2.3499450e-01
  4.6046042e-01
  7.6081342e-01
 -6.6083923e-02
  2.1512647e+00
 -1.5287630e-01
 -3.8289145e-02
  3.3893448e-01
  9.2592120e-02
  4.9339631e-01
 -2.6608046e-02
 -2.7729622e-01
 -1.8930610e-01
 -3.6114213e-01
  2.0987265e-01
 -1.1547347e-01
 -2.1144283e+00
  3.6070183e-01
 -5.9462881e-01
  7.8267798e-02
  7.7321522e-02
  4.6415110e+00
  4.9298358e-01
  1.3589723e-01
 -3.1707788e-01
 -1.4552753e-02
  3.0138451e-01
  5.1660019e-01
  1.3846333e-01
  5.0238127e-01
 -7.4534230e-02
 -1.4325540e-01
  9.4329022e-02
 -8.4769733e-02
 -4.0710911e-01
 -3.2521364e-01
 -5.8648509e-01
 -3.1810623e-01
  1.1589441e-01
  5.8789819e-01
 -2.7545449e-01
 -9.6470767e-01
 -1.3535255e+00
  2.4303742e-02
 -1.2440895e-01
 -1.4289680e-01
 -9.9991947e-01
 -1.9635551e-01
 -2.0300905e-01
 -4.2434606e-01
 -6.8069361e-02
 -2.9516649e-01
  4.0439740e-02
  9.5993727e-02
  8.8492222e-02
 -8.3891675e-02
 -7.2937891e-02
  2.9825979e-01
 -4.1020939e-01
  2.5416556e-01
  8.9374065e-02
 -2.8978872e-01
  2.1783130e-01
  2.0868413e-01
 -8.3122384e-03
  1.6978510e-02
  5.6222171e-01
 -1.4708003e-02
 -1.6125506e-01
  2.1624248e-02
 -3.1229147e-01
  2.7394018e-01
 -9.6925579e-02
  2.8328204e-01
  1.8276104e-01
 -1.3634717e-01
 -2.0792381e-01
  5.5707488e-03
  9.6276030e-02
 -2.8347287e-01
 -3.5470781e-01
 -2.4201176e-01
 -2.1935791e-01
  1.4404121e-01
 -1.6404638e-02
 -2.9862133e-01
  1.5199889e-01
  5.2824813e-01
  3.6130646e-01
  2.8927109e-01
  9.9152401e-02
 -1.8659639e-01
  3.9947908e-02
  7.7868605e-01
 -8.6243093e-01
  7.1773219e-01
 -7.7703971e-01
  7.9800409e-01
  1.8765732e+00
  2.5190347e-01
 -1.4461924e+00
 -1.9311001e+00
 -4.3085549e-02
 -3.2201561e-01
 -3.2475382e-01
 -5.8215374e-01
  5.0730914e-01
 -7.3537767e-01
  1.1091273e-01
  9.7264701e-01
  1.0225954e+00
 -6.8566814e-02
  4.3255565e-01
  1.4024518e-02
  3.6281347e-01
  2.8925037e-01
  9.1474110e-01
  7.3870748e-01
 -4.0826946e-01
 -3.5259727e-01
 -9.8902211e-02
 -4.2270046e-01
  1.8715785e-01
 -2.3030938e-01
 -1.4416040e-01
  2.6318571e-01
  1.1399957e-01
 -3.9116460e-01
 -4.0608600e-01
  1.0601014e-01
  1.0541394e-01
 -7.2996664e-01
  1.1086342e+00
  3.5735336e-01
 -4.8503071e-01
  2.2393379e-01
  1.2672916e-01
  3.3361029e-02
 -2.3772611e-01
  4.0338282e-02
  2.0031998e-02
 -3.4158641e-01
  2.3018526e-01
  2.3360814e-01
 -4.2133957e-01
 -3.3589281e-02
 -1.8896349e-01
 -4.4868350e-01
  3.0063075e-01
 -1.0935171e+00
 -2.6428875e-01
  6.8848521e-02
 -2.7689418e-01
  3.4028748e-01
  1.1622589e-01
 -3.1201002e-01
  3.2108787e-01
  3.9520551e-02
  1.2829213e-01
 -5.2137721e-01
 -2.6014623e-01
  6.8147384e-02
  3.9891422e-01
  1.5500895e+00
 -1.5622106e-01
  1.3412791e-01
 -4.0962514e-02
  5.2213646e-02
 -2.2112328e-01
 -2.1638751e-01
  1.9347694e-02
 -1.2082816e-01
 -2.9236532e-03
 -2.6017722e-01
  4.6393506e-02
  9.0696834e-02
  1.7524512e-01
 -7.0459388e-02
  1.1297490e-02
 -3.6303461e-02
 -1.2109523e-01
  2.9947820e-01
  4.1122931e-01
  1.7424509e-01
 -2.3495837e-01
 -1.1859260e-01
 -1.1150042e-01
  1.7160574e-01
  1.6808613e-01
 -5.8245593e-01
  2.3832408e-01
 -1.4572600e-01
 -8.6259402e-02
  9.8557420e-02
  2.3272326e-02
  1.1188699e-01
 -4.2928112e-01
  1.6577239e-01
  1.0482950e-01
  1.3008456e-01
 -2.6792353e-01
 -5.8351475e-01
 -5.5230898e-01
  9.5161158e-01
 -1.3596532e-01
  8.1779438e-01
  1.3586951e-02
 -8.5463035e-01
  1.1526236e-01
  4.9559003e-01
 -2.6458806e-01
  2.5503291e-02
  1.2866421e-01
 -3.2429054e-01
 -2.9384291e-01
 -5.0638479e-01
  4.2490080e-02
  3.1930318e-01
 -2.7688551e-01
 -1.1131805e-01
  2.1263425e-01
  1.2773348e-01
 -3.3789778e-01
 -2.5858071e-01
 -7.9404575e-01
  7.2875994e-01
 -3.7046605e-01
 -1.6851792e-01
  4.3909723e-01
  4.9205616e-01
 -6.7904808e-02
 -5.4326713e-01
  8.2365364e-02
 -1.7539629e-01
 -2.3723733e-01
 -3.4022767e-02
 -4.1174254e-01
  9.1601796e-02
  2.3021084e-01
  3.5769942e-01
 -7.8917317e-02
  2.0879634e-01
  6.7694384e-01
  8.9087057e-01
  2.4678625e-02
  1.7322777e-01
 -2.7600217e-01
  1.5241796e-01
  2.2540620e-01
  4.0139079e-01
 -3.7160945e-01
 -1.3190572e-01
 -3.4342900e-01
 -1.2301719e+00
 -3.1633750e-02
 -5.1542777e-01
  5.4152757e-02
 -1.2928202e+00
  8.3219385e-01
  1.2294967e-01
  8.3261782e-01
 -4.7239877e-02
 -2.6113474e-01
  4.9400446e-01
  4.2428884e-01
  7.8167655e-03
  6.3280159e-01
  2.4565294e-02
 -3.4582311e-01
  4.2877492e-01
 -3.3504692e-01
 -6.1341631e-01
  2.8497785e-01
 -8.7711781e-02
  2.5490248e-01
  1.7591682e-01
 -1.3482840e-01
  1.6026720e-02
 -3.0898723e-01
  1.5698871e-02
 -4.3842587e-01
  2.9327449e-01
  1.1255951e-03
 -5.3674046e-02
  6.5856747e-02
  3.1404654e-03
 -3.9004761e-01
  6.7550227e-02
 -1.4839619e-01
  1.0378183e+00
  3.6810750e-01
 -1.7153987e-01
 -1.3424273e-01
 -1.0185434e+00
  1.6000807e-02
  8.3257365e-01
 -3.5726826e+00
  5.0917941e-01
 -1.8579727e-01
  2.3267493e-01
  2.3167801e-01
 -4.1809687e-01
 -8.0371238e-02
 -8.6271904e-02
  2.3123384e-01
  4.4591793e-01
  1.4820512e-01
 -8.1759833e-02
 -7.0494980e-02
 -3.1367663e-02
 -1.8390660e-01
  4.6222201e-01
  7.2946376e-01
 -1.9996865e-01
 -3.5020933e-01
 -1.5979172e-01
  1.3865462e-01
  3.0881754e-01
 -4.5166877e-01
 -2.4202348e-01
  1.3071534e-01
 -1.2066598e-01
 -4.9825966e-01
 -2.1264982e-01
 -9.2645779e-02
 -4.4350758e-01
  7.9626627e-03
  3.3991031e-02
  1.9253765e-01
 -9.8597497e-02
 -5.5519380e-03
  3.9566603e-02
 -1.9826178e-01
  1.8158451e-01
  1.7245914e-01
  9.8593868e-02
 -1.1951634e-01
 -3.6885655e-01
  8.0825724e-02
 -8.6766541e-02
  9.9124908e-02
 -2.9839426e-01
 -1.9905564e+00
  5.0565895e-02
 -1.1142760e-01
 -1.7614599e-01
 -6.5511566e-01
  6.9068536e-02
  3.0831574e-02
  7.7470526e-02
  2.2792183e-01
 -2.3993231e-01
 -6.6817008e-02
 -8.4591407e-01
 -2.3167579e-02
  2.5972730e-01
  3.1502314e-02
  4.6890575e-02
 -9.9229664e-02
  4.2313647e-02
 -2.2281510e-01
 -8.3473630e-02
  5.3452026e-02
  6.1346579e-01
  4.0740502e-01
 -7.5539418e-02
  3.1416830e-01
  3.1701468e-02
 -3.1110165e-03
 -2.1369058e-01
  1.7531252e-01
  3.0767256e-01
 -1.2457295e-01
  2.5778651e-01
  9.1143712e-02
  7.8407025e-01
  1.8630929e-01
  6.9630653e-02
  5.0218856e-01
 -1.0962202e-01
 -3.4619874e-01
  2.7772307e-01
 -1.4649972e-01
  3.0551476e-02
 -6.4720742e-02
 -2.1183471e-01
  3.5037801e-01
 -1.4846557e-01
  2.4457774e-01
 -1.3912760e-02
 -1.1713209e-01
 -1.1898168e-01
 -2.3567492e-02
  3.8951951e-01
 -1.0357788e-01
 -2.0982821e-01
  2.8990588e-01
 -1.0348971e-01
  1.9535981e-02
  1.7666776e-01
 -1.4131014e-01
  4.1518927e-02
  1.2997235e-01
 -4.8643771e-01
 -3.1599072e-01
 -2.3926063e-01
  2.1609004e-01
 -7.4923344e-02
  1.5165800e-01
 -1.0176938e-03
  4.1052708e-01
 -1.1105927e-01
 -8.9021033e-01
 -5.7833306e-02
 -9.0792909e-02
 -3.7194294e-01
  1.0974351e-01
 -1.4989063e-01
  9.2849213e-01
  3.5276860e-01
  1.0496726e-01
  1.6343936e-01
 -1.0037455e-01
 -3.9798397e-01
  3.6505228e-01
 -7.7388662e-01
 -3.6433589e-01
  5.9884465e-01
  1.8196681e-01
 -1.2962252e+00
  1.1481918e+00
 -1.1275620e+00
 -1.2131314e+00
  7.2847432e-01
 -8.2847285e-01
 -8.3346242e-01
  7.4064851e-01
 -1.2856619e+00
 -1.0884359e+00
 -4.3404400e-01
  1.8069016e+00
 -5.7772273e-01
  5.0886101e-01
 -2.8585044e-01
 -1.2077950e-01
  1.5521964e-01
 -6.1985219e-01
 -7.3367012e-01
  3.5592660e-01
 -4.1942261e-03
 -5.9952247e-01
  5.7174814e-01
 -8.2306796e-01
  1.4515859e+00
  5.0606459e-01
  8.2742736e-02
 -1.3942618e+00
 -1.0677425e+00
 -2.2201665e-01
  1.2641551e+00
  1.3995264e-01
 -2.8257418e-01
  4.1066658e-02
 -1.8059552e-01
  2.2666049e-01
  8.6297607e-01
 -5.9491509e-01
  1.1120639e-01
 -8.9777488e-01
  2.4377723e-01
  3.5534525e-01
 -1.9604377e-01
 -1.3622272e-01
  5.9264954e-02
 -4.2265143e-02
  1.0501666e-01
  7.1122020e-01
  5.8428120e-02
 -6.5616101e-02
 -2.6639670e-02
  7.3710918e-01
  2.1208046e-01
 -2.8570211e-02
 -6.6872180e-02
 -3.3813035e-01
  4.4888966e-02
  1.8218492e-01
  1.5868220e-02
  1.2334708e-02
 -2.0214281e+00
 -1.4736959e-01
  2.9503399e-01
  1.9801785e-01
  2.3551993e-02
  5.7049531e-02
  5.3408813e-01
  1.9627668e-01
 -2.5753288e-02
  4.3297753e-01
  7.0125304e-02
 -1.0508795e-01
  4.8387550e-02
  8.5411511e-02
 -1.2246893e-01
 -5.9629157e-02
 -6.6900268e-02
  1.2155055e-01
  3.9401229e-02
  6.4676863e-01
 -9.1726460e-02
  1.6131358e-02
  1.1229560e-01
 -1.9488160e-01
  4.5623071e-03
 -9.4021559e-02
 -1.1423016e-02
 -6.0874686e-02
 -2.4295558e-01
  9.8400861e-01
  3.1838413e-02
 -3.6071256e-01
  3.8136877e-02
 -5.7571184e-02
  4.0859659e-03
 -3.5462786e-02
 -1.5560041e-01
  2.4985398e-01
 -2.4338383e-02
  2.0525542e-01
 -2.1915513e-01
  2.8869957e-01
 -2.7739676e-02
  3.2025918e-02
  2.6598550e-02
  1.3618995e-01
 -1.8238824e-02
 -2.5933979e-02
 -2.4054991e-01
  6.3628744e-05
  1.1319565e-01
  1.5493661e-01
  4.8257001e-02
 -1.9843738e-01
 -7.3935255e-02
 -1.1813913e-01
 -2.0471941e-01
 -2.3578522e-01
 -3.0213058e-01
 -3.5192198e-01
 -1.8304560e-02
 -2.8657717e-01
 -1.5599141e-02
  3.7462812e-02
 -1.4573213e-01
 -1.2386501e-01
  4.3557540e-02
 -8.8863678e-02
 -3.5884198e-02
  5.8144249e-02
  1.1796946e-01
  1.2099225e-01
  1.5133382e-01
 -2.7795203e-02
  5.2829911e-03
 -2.9770890e-02
 -1.8134832e-02
 -4.7791429e-04
 -1.5388240e-01
 -1.7508635e-01
 -7.9919666e-02
  2.7198264e-01
  7.0583858e-02
 -1.4325184e-01
 -1.4182042e-01
 -7.5237639e-02
  3.4903757e-02
  1.9426095e-01
  1.0343797e-01
  1.7172678e-01
  3.9690983e-01
 -1.3543983e-01
  4.9360952e-01
  1.1834664e+00
  5.0253534e-01
 -3.1961158e-01
 -2.8038228e-01
  1.1618410e+00
 -1.1470205e-01
  5.9127593e-01
  6.1023831e-02
  1.6033968e-01
 -1.3473883e-01
  1.0846878e-01
  8.0549702e-02
 -6.1920483e-02
 -1.9004935e-01
  4.8706599e-02
 -3.1606469e-02
 -1.5750995e-01
 -5.5319881e-01
 -4.4735879e-01
  2.6158744e-01
  2.9822266e-01
  2.3063821e-01
 -2.0614306e-02
  2.3055144e-01
 -6.2190157e-01
  7.8289367e-02
  1.4535826e-01
 -9.2983574e-02
 -7.6254569e-03
  8.2894489e-02
  9.6273869e-02
  5.1794544e-02
  1.7473806e-01
  1.8457800e-01
 -1.5881974e-01
 -9.1363475e-02
  9.5247500e-02
 -2.3667608e-01
 -3.3698282e-01
 -1.8691285e-01
  2.1717718e-01
  3.1305382e-01
  2.9222468e-01
  5.4575913e-02
 -1.0388372e-01
  1.6635695e-02
 -5.6755304e-02
 -5.9958977e-01
 -2.0836294e-01
  1.1700955e-01
 -2.5008023e-01
  9.3452257e-01
 -1.0007410e-01
  1.4081556e-01
 -1.2381335e-01
  1.1436974e+00
  2.0148176e-01
 -9.1215037e-02
 -2.3582051e-02
 -7.4611396e-02
  1.7409432e+00
 -9.7721778e-02
 -7.3853858e-02
 -2.7084278e-02
 -2.2922496e-01
  1.8518871e-01
 -1.6933618e-01
 -5.6951511e-01
 -9.7032622e-02
  1.1967149e-02
  1.7727827e-01
 -4.4467218e-02
 -2.2558676e-01
  1.8496962e-01
  8.0482356e-02
 -2.2596191e-01
 -1.0124140e-01
  1.5131658e-01
  6.3658841e-02
 -8.1329845e-02
  1.0987691e-01
 -3.3661342e-01
 -7.7662274e-02
 -7.3017925e-02
  8.5190691e-02
  7.8480822e-01
  2.0025679e-01
  9.4937466e-02
 -2.7838979e+00
  2.8494602e-01
  1.6862329e-02
  1.6630115e-02
 -1.9439711e-01
  3.4119883e-03
 -2.0082441e-01
  4.0219253e-01
  1.8454394e-01
 -4.4365093e-02
  6.0781695e-02
  9.8669998e-02
  7.5895220e-02
  1.3532656e-01
 -5.0115019e-02
 -1.3645455e-01
 -2.7196797e-02
 -9.1843152e-01
  2.6338527e+00
 -3.6950316e+00
  4.4113860e-01
 -1.2582654e+00
  2.1004388e-03
 -2.1337199e-01
  2.5909905e+00
 -5.6731981e-01
 -2.0891815e-01
 -8.4265482e-01
 -4.1204461e-01
 -7.3358113e-01
 -5.9461033e-01
 -5.7727957e-01
 -5.7815933e-01
 -7.5582325e-01
  4.0317604e-01
  5.5921060e-01
  2.8419814e-01
 -6.9938734e-02
 -3.2772279e-01
  9.7741789e-01
  9.1491771e-01
 -4.4134063e-01
  1.8718686e-02
 -6.4563835e-01
  5.8115602e-01
  6.0455334e-01
 -2.9868189e-01
 -2.6617894e-01
  2.6350841e-01
 -6.3673806e-01
  1.5083672e-02
 -4.6136540e-01
 -3.1430075e-01
 -7.0179421e-01
  4.3043309e-01
  2.0371979e-01
 -1.4596507e-01
  4.1054234e-01
 -4.0837166e-01
 -9.6147531e-01
 -1.8184768e-01
  1.1184403e-01
 -2.7568379e-02
  1.5019542e-01
  1.3705191e-01
  1.0569477e-01
 -1.0172474e+00
  5.9247375e-01
  7.5028732e-02
 -1.0585232e-02
 -2.3947094e-01
 -4.8977980e-01
  8.9102155e-01
  9.4315404e-01
  3.7422457e+00
  1.7548002e+00
 -1.0336863e-01
 -1.7264670e+00
  1.6617700e-01
 -1.2654934e+00
 -1.3883823e+00
 -5.3814304e-01
 -1.8778703e+00
  8.5668534e-01
 -2.8765152e+00
 -1.5091832e+00
 -2.0445786e-02
  2.0660134e-01
  3.1682429e-01
  3.3425903e-01
  3.2560903e-01
 -8.8586903e-01
  1.3465720e-01
 -2.5173769e+00
 -2.4813992e-01
 -5.6492257e-01
 -2.4811907e-01
 -1.0528383e+00
  1.8092102e+00
  8.1155717e-01
 -1.8891910e+00
  1.1705365e+00
  2.2133815e+00
 -6.3239855e-01
 -5.0063527e-01
 -1.2729440e+00
  2.8829215e-02
 -6.2730026e-01
 -1.7044938e-01
 -2.2394325e-01
 -2.8529370e-01
  2.0545289e-01
  9.0394974e-01
 -1.5169889e+00
  8.7521625e-01
 -7.6481247e-01
  1.6188548e+00
 -1.4409080e+00
 -1.7320249e+00
 -1.7083815e+00
 -5.2523053e-01
 -1.2355289e+00
  3.6579273e+00
 -7.8189790e-01
  1.4122820e-01
 -7.0833063e-01
  1.0661125e+00
 -3.2407433e-01
  4.0331772e-01
  1.0274001e+00
 -1.8041741e+00
  1.9946374e+00
  1.7187892e-02
  1.6341006e+00
 -1.4720966e+00
  2.2983979e-01
 -6.2718964e-01
 -6.1081755e-01
  8.4975296e-01
  1.7547772e+00
 -7.7358711e-01
 -6.9125032e-01
 -1.8120404e+00
 -1.3029923e+00
  6.3747817e-01
  8.2395208e-01
  4.2916327e+00
 -3.0895782e+00
 -9.8203170e-01
 -3.2254201e-01
  2.0534988e-01
 -1.5511875e-01
  9.3774416e-02
  1.5839550e-01
  1.1040394e-01
  3.8575858e-01
  2.6363924e-01
  3.4473199e-01
  2.0265263e-02
 -1.6396846e-01
 -2.2350274e-01
  2.3748621e-01
 -3.1842810e-01
  2.0256101e-01
  3.9724794e-01
 -7.2037405e-01
 -4.8682657e-03
  2.2259343e-02
 -2.9256997e-01
 -1.8701228e-01
 -8.4080309e-02
  3.7018868e-01
  8.6395614e-02
 -1.2772082e-01
 -7.8849897e-02
 -7.1458286e-01
  6.6094890e-02
  2.4083386e-01
 -6.3450140e-01
  4.2104819e-01
 -5.5528790e-01
  3.4689924e-01
  8.6179025e-02
 -2.0991199e+00
  7.9143006e-01
  2.1509250e-01
  7.9463959e-02
 -6.7236364e-02
 -4.8217627e-01
  1.2610678e-01
 -8.1431910e-02
  2.6777047e-01
  3.7279093e-01
 -7.7555811e-01
 -2.7629375e-01
 -8.3639622e-01
 -1.0689228e+00
  1.1138520e-01
  1.0960231e+00
  3.2974717e-01
 -2.6065910e-01
  2.8253359e-01
  3.0599180e-01
 -2.0161597e-01
 -3.3868037e-02
  3.8134944e-01
  7.2564971e-01
 -1.7517032e-01
 -6.6403605e-02
 -2.5587034e-01
 -1.3611732e-01
  6.7479956e-01
  2.4519287e-02
  1.5420099e-01
  8.2659918e-01
  2.5806716e-01
  2.3106706e-01
 -2.4482827e-01
 -2.8627725e+00
  1.3551560e-01
 -8.4951513e-02
 -2.4822323e-01
  3.5579398e-01
 -8.4026299e-02
  9.2534743e-02
 -4.4628051e-01
  2.0999590e-01
 -2.2611131e-01
 -6.0645795e-01
 -2.5944544e-02
 -1.5925492e-01
 -1.6578573e-01
 -4.4232972e-02
 -3.0355457e-02
  2.1332087e-02
  1.1077635e-01
  8.9578383e-02
  1.0536024e-01
  1.0380657e-01
  1.7295441e-01
 -1.1213997e-01
 -2.9222968e-01
  1.6270658e-01
  2.8185135e-01
 -1.0034473e-01
 -6.7131646e-02
  6.7596048e-01
 -9.0249188e-02
 -1.1132946e+00
 -5.9108812e-01
 -1.4263965e-01
 -1.7973049e-01
  1.1747717e-01
  9.2351109e-01
  7.6285489e-03
  3.8817573e-02
 -1.2073389e-01
 -2.0156626e-01
 -1.6265228e-01
  2.2464408e-01
  1.9592859e-01
 -1.6229506e-01
 -1.1413476e-02
 -2.2779688e-01
 -1.3315316e-01
 -2.1988055e-01
  1.8672210e-01
  1.0260250e-01
  6.1344840e-02
  5.9060771e-02
  1.8061505e-01
  9.8916918e-02
 -2.1966112e-01
 -9.7481400e-02
 -1.5352051e-01
  1.9825885e-01
 -1.5294980e-02
  2.4409249e-01
  1.5408164e-01
  4.2869601e-02
 -1.2141429e+00
 -3.2080077e-02
  2.3189965e-01
 -1.9645280e-01
 -9.1723524e-02
  4.3849371e-02
 -6.2666345e-01
 -1.0281739e-01
  2.5347096e-01
 -6.3654906e-01
 -3.7946057e-01
  3.1816441e-01
  6.6351497e-01
 -3.6273944e-01
  7.8859323e-01
 -5.7281131e-01
  4.7488940e-01
 -2.6621637e-01
 -2.0050342e-01
 -7.3311836e-01
 -8.4860504e-02
 -4.8476157e-01
 -2.9736412e-01
  6.0937840e-01
  6.9563425e-01
  2.1121457e-01
 -6.4491534e-01
 -8.3442307e-01
 -3.7926483e-01
  6.6846676e-02
  4.0506327e-01
 -3.1199196e-01
 -5.7333285e-01
  1.3840570e+00
 -1.2000277e-01
  4.2932162e-01
 -5.9687965e-02
  2.1279532e-01
  5.0330240e-01
  1.9382946e-02
 -4.3975711e-01
 -3.1544474e-01
  1.0276215e+00
  3.8993222e-01
  3.0431941e-01
 -1.9154088e-01
 -1.0134584e-02
 -2.4102961e-03
 -1.3804486e-01
  7.6644444e-01
  4.4351590e-01
  2.7606824e-01
 -1.0328009e-01
  2.8193095e-01
 -4.3052090e-03
  1.3734365e-01
 -7.8385629e-02
  2.1161039e-01
 -1.2046567e-01
  7.3067838e-01
 -4.2460995e+00
  1.9949818e-01
 -4.0400052e+00
  3.0844243e+00
  1.7718892e-01
 -1.8611755e+00
  9.1354989e-02
  1.7526236e+00
 -5.1017880e-01
  5.2793688e-01
 -3.8506942e+00
 -9.4266379e-01
  1.0601583e+00
  1.3731482e+00
  1.5261321e+00
 -6.0543710e-01
  5.3222389e+00
 -2.2989058e+00
 -2.6979411e+00
 -1.8408452e+00
 -4.2977965e-01
  2.6934566e+00
  5.1930118e-01
  8.0176628e-01
  4.3777406e-01
 -4.8499525e-01
  1.1033540e+00
 -2.3628447e+00
  5.0364416e-02
 -1.0747359e+00
 -1.0803488e+00
 -6.0669070e-01
  1.2537045e+00
  9.5671423e-02
 -7.6897109e-01
 -2.2089855e-01
 -1.0108167e+00
 -1.1504409e-01
  1.6701698e-01
 -1.5118293e+00
 -2.4274831e-01
  4.1523385e+00
 -9.9239922e-01
 -1.1420329e+00
  5.8026552e-01
  1.0280660e+00
  1.1305462e+00
  4.7844696e-01
  6.0233708e-02
 -5.9300148e-01
  3.2942638e-01
  1.7943254e-01
 -7.5314099e-01
  1.3829594e+00
 -1.4985597e+00
  3.9780557e-01
 -1.3139371e+00
 -1.4096382e+00
 -4.6417522e-01
 -9.2939603e-01
  1.2935624e+00
  5.9795702e-01
  2.0876847e-01
  1.1818773e+00
  1.6076396e+00
  9.0398245e-02
 -1.3607700e+00
 -2.2922143e-01
 -1.7645792e+00
  1.7243214e-01
  9.0013015e-01
  6.2530971e-01
  1.0861670e-01
  1.1410882e-01
  4.0762985e-01
  1.5096060e+00
  1.3133451e+00
 -9.0794408e-01
 -4.9646583e-01
  4.0984046e-01
 -9.7054613e-01
 -9.0397334e-01
  2.1743636e+00
  2.6400304e-01
  2.0809183e+00
 -1.2712457e+00
 -6.3523054e-01
  5.4424822e-01
 -9.7369647e-01
  5.0446242e-01
 -6.8333536e-01
 -1.4267690e-01
 -2.7676564e-02
  6.6776073e-01
  8.4272608e-02
  3.3436263e-01
  4.3464103e-01
 -1.1463208e-01
  4.2267027e-01
  3.4330603e-01
 -2.5534037e-01
  1.0392090e-01
  3.5443819e-01
 -1.0521692e+00
  1.2587385e-02
  1.2749407e-01
  1.5670581e+00
 -1.2436042e+00
 -1.5650328e+00
 -2.8947726e-01
  5.1757997e-01
 -1.7958571e+00
 -4.0186901e+00
  1.0767114e+00
 -7.2725102e-02
  7.9174244e-01
 -6.4143485e-01
 -1.1776975e-02
  1.0435143e+00
 -3.8550022e-01
 -1.7448999e-01
 -5.1329142e-01
  1.8087740e+00
  9.2646533e-01
  1.4445129e-02
 -2.3373570e+00
  1.5722166e+00
 -8.3884078e-01
  1.8191992e-01
 -2.9165408e-01
 -8.1205440e-01
 -2.4627227e-01
 -3.7164760e-01
  1.5802654e-02
 -3.7551335e-01
 -2.1063761e-01
  4.0530461e-01
 -1.9441503e-01
 -3.6594007e+00
 -6.6508102e-01
 -3.4884393e-01
 -3.6320531e-01
 -1.5904192e+00
 -1.2622423e-01
 -1.4446670e-01
 -1.7649513e-01
 -9.1078788e-02
 -3.1178895e-01
 -5.2006203e-01
 -8.1745684e-01
  1.5987527e-01
  5.2248788e-01
 -2.5988516e-01
  1.8226157e-01
 -3.9791745e-01
  2.4842223e-02
 -2.2775528e-01
  3.4668809e-01
  7.4192956e-02
  1.1175257e-01
  1.5668409e-01
  8.2194442e-01
 -3.3591565e-01
 -2.0444386e+00
  1.5196894e-01
 -2.2948973e+00
  2.6133618e+00
  5.1172429e-01
  1.0729349e+00
 -1.3683991e+00
  2.0694234e+00
 -1.5784004e+00
  4.3915740e-01
  9.6047795e-01
 -6.5530829e-02
 -1.0295311e+00
 -7.7079058e-01
  2.3897550e-01
 -7.6175177e-01
  7.0106256e-01
 -1.5319356e-01
  8.9090538e-01
 -1.8363677e-01
 -1.2779206e+00
 -1.4942260e+00
 -1.0590801e+00
  1.0100592e+00
 -2.2978730e-02
  3.8339677e-01
  1.2949473e-01
 -1.1276597e+00
 -6.3005650e-01
  8.8778120e-01
 -3.9386761e-01
  4.1723105e-01
 -1.8937148e-01
 -7.5873554e-01
 -1.0519130e+00
 -1.6592863e-01
 -3.5216942e-01
  4.9499817e-02
  5.0396794e-01
 -7.4209874e-03
 -1.2843310e+00
 -4.1433367e-01
 -1.6839420e+00
  2.7700478e-01
  6.9698137e-01
  5.5461764e-02
  4.4318125e-01
  7.2648329e-01
 -4.1632402e-01
 -2.2646536e-01
 -4.3565750e-02
  1.8133338e-01
 -2.5606601e+00
  1.6005170e+00
 -6.9914269e-01
 -7.5193959e-01
 -1.2997099e+00
  3.9100371e-02
 -1.7132089e+00
 -1.8863468e-01
  1.8302277e+00
  4.5482531e+00
 -5.6144518e-01
  5.3247652e+00
  4.9989545e-01
  1.7907482e+00
 -5.4543692e-01
 -2.2694641e-01
  1.2516770e+00
 -1.1459103e+00
 -7.9754567e-01
 -1.9244974e+00
 -1.1187518e+00
  1.2216824e-01
  7.6985681e-01
  2.1354713e+00
  1.0615088e+00
  4.4048870e-01
 -2.3175627e-01
  1.2481143e-01
 -8.6532658e-01
  2.3508956e+00
  2.2941822e-01
  8.7026238e-02
 -5.0318539e-03
 -6.5078652e-01
 -3.8663509e-01
  6.4509101e-02
 -1.1753073e+00
 -5.9418559e-01
 -1.1364090e+00
  8.2739151e-01
  7.7272534e-01
  3.3973634e-01
 -3.3707964e+00
 -7.0616096e-02
  3.6210186e+00
 -3.3973631e-02
 -7.5862527e-01
  4.9620771e-01
 -4.4131495e-02
  6.0933739e-01
 -2.6937807e-02
 -1.3379118e-01
 -2.1636802e-01
 -3.4539382e+00
  3.8518685e-01
  1.6624542e+00
 -7.3802042e-01
  6.6265887e-01
  5.1913846e-01
 -3.9264552e-02
 -1.6944442e+00
 -7.3820269e-01
 -4.7985554e+00
 -7.8370161e-03
  8.7823737e-01
 -1.1393087e+00
  6.4851356e-01
  2.8790331e+00
  1.6384039e+00
  1.2519869e+00
 -1.2361643e+00
  7.6756829e-01
  2.3034186e+00
  5.8387458e-01
 -2.7754769e-01
  2.9370718e-02
  1.2591778e+00
  2.1812186e+00
 -1.4221966e+00
 -8.0356091e-01
 -1.3352655e+00
 -1.3760717e+00
  3.9756688e-01
 -2.3393290e-01
  3.9907399e-01
  6.1016035e-01
  1.9229398e+00
  8.0058748e-01
 -1.4852521e-01
 -5.8531374e-01
  1.8572810e-01
  1.9175972e-01
 -1.1928747e-01
 -7.4357003e-01
 -2.6341529e+00
 -1.1235394e-01
  6.7202771e-01
 -1.5247828e+00
 -1.8563696e+00
 -2.7878714e-01
  3.6992572e-02
  2.5532407e-01
 -8.1512058e-01
 -1.4687654e+00
 -6.7068428e-01
  2.8399861e-01
  9.7615579e-03
 -3.1883955e-01
 -1.5422118e+00
  1.5837597e+00
  1.6676916e+00
  4.1103157e-01
  1.5575818e+00
  1.1687536e+00
  8.7084275e-01
  3.6830621e+00
 -1.6063319e+00
  3.9679587e-01
  6.3923520e-01
 -8.2539666e-01
 -8.8851206e-02
 -1.1398848e+00
  3.4632549e-02
  1.8775633e-01
  5.3926963e-02
  6.7123765e-01
  1.3115065e+00
  6.4348322e-01
  7.7342880e-01
  1.7268483e-01
 -1.7891796e+00
  3.9916232e-01
 -1.1524582e-01
  4.3848649e-01
 -1.2242655e+00
  4.9611083e-01
  3.4281540e-01
  2.3022865e-01
 -1.5619321e-02
 -1.0095210e+00
  6.5152213e-02
 -1.9178444e-01
  8.1286103e-02
 -3.1374831e+00
 -4.0015110e-01
 -2.5055334e-01
 -6.2058890e-01
 -4.7889864e-01
 -4.7029203e-01
  7.7130276e-01
 -1.4938597e-02
 -3.6152095e-02
  5.8654076e-01
  2.3517455e-01
 -4.4519413e-01
 -4.3830637e-02
 -7.4371612e-01
  5.4824412e-01
 -1.2254173e-01
 -3.4121463e-01
 -2.0710649e-01
  2.6689208e+00
  2.9111275e-01
  1.8505226e+00
 -4.2704117e-01
  1.0343058e+00
 -3.3585837e-01
 -1.6654707e-01
 -5.9027843e-02
 -2.4857929e-01
  1.2692069e-01
  2.2275917e-01
  3.1002471e+00
 -1.2886792e-02
 -1.6884129e-02
 -3.5062656e-01
  3.7218145e-01
 -1.0123860e-02
 -3.8482580e-01
 -2.3430936e-01
  1.4324354e-01
  8.5292280e-02
  3.7195727e-01
  3.8703418e-01
 -6.2186801e-01
 -3.6595756e-01
 -9.7267106e-02
 -3.9436695e-01
 -2.5477806e-01
  1.2000093e-02
 -3.2384428e-01
 -3.5608241e-01
  1.0553958e-02
 -3.0310300e-01
  5.0712138e-01
  1.2077399e-01
  1.4028068e+00
  2.2408401e-03
  1.1612207e-01
 -3.2784164e-01
 -2.3642985e-02
 -1.2119856e-01
 -6.0127294e-01
  1.3576052e-01
  1.9479309e-01
  8.6595699e-02
 -2.4283054e-01
 -8.7602787e-02
  2.6589200e-01
  5.6129277e-01
  2.8931955e-01
 -1.5005483e-01
 -1.2405237e-01
 -8.2274392e-02
  1.5263134e-01
 -1.5064567e-01
  1.1270772e+00
  3.2638490e-01
 -1.1211644e+00
 -2.3272799e-01
 -8.6836033e-02
 -1.2301669e+00
  5.3172016e-01
  4.4602045e-01
 -1.1082473e+00
 -4.2489029e-02
  1.1072798e+00
  4.1934282e-01
  2.9685011e-02
 -2.1861254e-01
  2.2725652e-01
  6.0441464e-01
 -1.1979685e-01
 -4.5565948e-01
 -9.9263906e-02
 -5.1645362e-01
 -4.5854184e-01
 -2.7132344e-01
 -4.0247047e-01
 -3.3217132e-01
  6.9615328e-01
  3.0087575e-01
 -1.2900789e+00
 -4.1861659e-01
  6.4282829e-01
  1.0960708e+00
  2.1431771e-01
 -7.5729883e-01
  2.1814896e-01
 -9.6577644e-02
  1.9277489e-01
 -5.3118491e-01
 -6.7422318e-01
  1.0058479e-02
  8.2811184e-02
  2.7966967e-01
 -1.3935499e+00
 -1.4652543e-02
 -7.7049091e-02
  1.1790597e-01
 -1.1109153e+00
 -2.0901906e-01
  3.7413532e-01
 -2.2494505e-01
 -3.5630703e-01
  1.4232846e-03
  3.1579870e-01
  1.9907895e-01
  1.3494316e-01
  3.8512108e-01
 -6.2579259e-02
  2.2946534e-01
 -1.8640724e-01
 -3.8485639e-02
 -8.6714953e-01
  2.0323340e-02
 -2.4148407e+00
 -1.1355490e-01
  3.6916658e-01
  4.5291996e-01
  1.0650874e-01
 -5.0380355e-01
 -1.5424387e-01
 -5.9497301e-02
  4.8232433e-01
  3.4126282e-01
 -1.4757524e-01
  2.2499710e-01
  7.6741487e-01
 -1.4753751e+00
  2.0117842e-01
  4.9921981e-01
  3.6976835e-01
  3.4644771e-01
 -8.8655597e-01
  6.4079010e-01
  3.6485173e-02
  1.5646447e-01
  2.8531009e-01
 -1.9345123e-01
  6.7793936e-02
  1.2133930e+00
  4.8009142e-01
 -9.7198687e-02
  8.4568465e-01
  1.3209505e+00
  5.9166364e-02
 -5.4720011e-02
 -2.2997093e-01
 -3.8029328e-03
 -6.0616534e-02
 -3.1103249e+00
  2.7599314e-01
  2.6227823e-01
 -2.8720137e-01
 -2.1190292e-01
  2.4273674e-01
 -2.2524910e-01
 -2.4411921e-01
  1.1307117e-02
  3.2665934e-02
 -4.9505702e-01
 -7.1595013e-02
 -7.5683123e-01
  1.6575035e+00
  2.5146911e-01
  1.9376643e-01
  5.9690714e-01
  1.1200577e-01
 -6.8764454e-01
 -3.4002247e-01
 -1.5410885e+00
 -2.2462771e+00
  1.2963894e-01
 -3.5706455e-01
  3.2207426e-02
  2.0909794e-01
 -2.9678535e-01
  2.4038340e-01
 -2.8800126e-02
 -2.5417727e-01
  1.2706259e-01
  1.5342267e-01
 -2.2849376e-01
  1.2575848e-01
 -1.4041320e-02
 -4.0395337e-01
  1.8309307e-01
  2.9461391e-02
 -2.6470694e-01
  2.2830352e-01
  1.8538368e-01
 -2.3980513e+00
  2.7167132e-02
 -1.4719419e+00
 -2.1426113e+00
  8.5885298e-01
  1.3826475e-01
 -4.0251404e-02
  2.7104881e-01
 -2.6159445e-02
  2.6434023e+00
 -5.8521708e-03
  2.9036203e-01
 -3.1804532e-01
  3.5074642e-01
 -4.0755314e-01
  3.4427017e-01
 -1.5629959e+00
 -1.1499728e-01
  3.1745562e-01
 -4.0524006e-01
  4.5885012e-01
  1.5628190e+00
  1.6471067e-01
 -1.9218374e-02
 -1.8554986e-02
 -6.4797002e-01
 -3.5001870e-02
 -3.7542218e-04
  2.6576886e-01
  2.0966718e-01
 -6.6664124e-01
  2.8079594e-04
 -1.4804740e-01
  3.9291304e-02
  2.6894805e-01
  1.4278182e-01
 -4.3913029e-02
 -6.2533110e-02
 -2.2996442e-01
 -1.6425310e+00
 -3.4609929e-01
  1.0664359e-02
  2.8774025e-02
  4.4383284e-02
  4.3081440e-02
 -1.2271083e-02
  1.3013853e-01
 -5.6549139e-02
  1.8984762e-01
 -3.8716123e-02
 -2.7041742e-01
  8.5258931e-02
 -2.7505779e-01
 -1.1664885e-01
 -3.0490422e-01
 -3.5392269e-02
  4.6173818e-02
  3.3283657e-01
 -1.2735008e-01
 -2.4511023e-01
  9.4494922e-03
  1.3754722e-02
  1.3720970e-01
  2.6277655e-01
  8.4392294e-02
 -2.3666210e-01
 -2.8280467e-01
  1.4608024e-01
 -5.2382380e-01
 -3.8809380e-01
  1.5516133e+00
 -3.6205184e-02
  1.3663319e-01
  1.7684311e-02
 -4.4006396e-02
 -1.0844376e-01
 -7.0703216e-02
 -5.1011045e-02
 -6.9723576e-03
  1.4220276e-01
 -1.4163162e+00
  2.6855311e-01
  1.9295618e-01
 -2.4140632e+00
  1.0945529e+00
  1.9056642e+00
 -1.9037871e+00
 -7.3439318e-01
  1.6211257e+00
  5.8918960e-02
 -1.3238134e-02
 -1.0348657e+00
 -2.7399799e-01
  2.6839745e-01
  6.5982705e-01
  5.0249618e-01
 -3.8918948e-01
  6.9687343e-01
 -3.4329914e-02
 -3.1260556e-01
 -9.5733218e-02
 -2.2520490e-02
  8.5929191e-01
 -2.2065933e-01
  2.7387688e-01
 -4.3432694e-02
  9.7827218e-02
  2.4308562e-01
  3.0021327e-02
 -2.4785821e-01
  2.6186055e-01
  3.2375932e-01
 -3.5522133e-01
 -1.1094175e-01
 -6.6146836e-02
 -6.7397989e-03
 -6.0960319e-02
  2.2049929e-01
 -3.2400155e+00
  2.3365723e-01
 -1.8366481e-01
 -3.6106721e-01
  1.4304107e-01
  1.7463710e+00
 -4.0865400e-01
  9.1638431e-02
 -7.7154309e-02
  1.9885273e-01
 -1.0392520e-01
 -2.0406415e-01
  1.4519690e-01
  2.3337746e-01
 -3.4022590e-03
 -5.3035504e-01
  5.8420169e-01
 -4.8091981e-01
 -1.1738455e-01
 -4.4335115e-01
 -6.6761804e-01
 -9.4843888e-01
  1.6487148e-01
  5.4693925e-01
 -1.2132972e+00
  6.8733484e-01
 -6.0307133e-01
 -1.8043345e-01
  1.7005605e-01
 -8.1479037e-03
 -2.1073538e-01
  4.1701791e-01
  5.1305330e-01
 -1.2821484e+00
  6.1290735e-01
 -2.7980492e-01
  1.2817997e-01
 -1.1599791e-01
 -6.3087440e-01
 -3.4396771e-02
 -2.6784700e-01
 -5.1544094e-01
  1.4119467e-01
  1.0195066e-01
 -8.3719295e-01
 -7.9168802e-01
 -4.5930085e-01
  2.4957685e-01
  2.1309305e-02
 -1.6307995e-01
 -4.0358177e-01
  1.4582968e-01
 -5.4663479e-01
 -4.5754712e-02
 -1.0387610e+00
 -2.3534052e-01
  1.0612786e+00
 -7.2000474e-02
  5.5618411e-01
 -4.9708140e-01
 -3.8545284e-01
 -1.9360816e-02
 -3.2555577e-01
  1.4354527e-01
 -2.8640288e-01
  1.8247075e-02
  8.2195550e-02
 -1.2808141e-01
 -2.5667536e-01
  1.9245718e-01
  4.7585156e-02
 -3.4754738e-02
  2.7675301e-01
  1.7767528e-01
  3.2045614e-02
 -1.7143774e-01
 -3.8525246e-02
  4.3644618e-02
 -3.4098715e-02
  5.2690986e-03
 -1.8193319e-01
  1.7163739e-01
  9.1246441e-02
  7.4788861e-02
  7.6015197e-02
 -1.5291552e-01
 -2.8605685e-01
 -7.5719178e-02
  1.8415275e-01
 -2.5537079e-02
 -1.4285451e-01
  5.3851920e-01
  2.0353490e-01
 -7.8678899e-02
 -1.3522430e-01
  2.8822774e-01
 -5.5148423e-02
 -1.3654163e-01
  1.4170256e-01
  9.4699867e-02
  9.4192605e-03
  1.0536485e-01
  3.2974958e-01
  3.4703244e-02
 -2.2377960e-01
 -1.0496905e-01
  1.5889447e-02
 -6.7493722e-02
  7.9510190e-02
  5.6483108e-01
 -1.2951246e-02
  4.4855349e-02
 -9.4224893e-02
 -1.2680744e-01
  7.1959341e-01
 -1.7485907e-02
 -1.6186611e-01
 -1.4870941e-02
 -4.7433138e-02
 -2.0625171e-01
  2.3063526e-01
  1.6244160e-01
  3.1361765e-01
 -2.2780578e-01
 -1.0956656e+00
  1.1367891e+00
 -1.5154610e+00
 -1.2991221e+00
 -1.0697805e+00
  2.3825760e+00
 -4.0468308e-01
  8.9209622e-01
  1.6822278e+00
  1.7256049e+00
  7.7408481e-01
  3.8704926e-01
  3.3301663e-01
  1.6856401e+00
 -2.4361338e-01
 -2.3278295e-01
 -2.4364354e-01
 -3.3587304e-01
 -3.4017557e-01
  9.0584345e-02
 -7.6388317e-01
  4.5265555e-01
  7.0287669e-01
 -1.9551732e-02
  6.6802585e-01
 -1.3034055e-01
 -4.1896079e-02
 -2.8651950e-01
 -1.9075491e+00
  3.2585537e-01
 -3.5694826e-01
  2.0122857e+00
 -8.3137107e-01
  6.7271277e-02
 -1.6573323e+00
  1.8634345e-01
  1.2858114e+00
  5.9601736e-01
  5.1044720e-01
 -1.1154536e-01
  3.2060642e+00
 -4.6963435e-01
  8.9952761e-01
 -3.0764475e-01
 -6.5938139e-01
 -4.9657702e-01
  1.2506480e+00
 -1.6919408e-02
 -3.8459368e-02
 -3.0423300e+00
 -1.1005090e-01
  7.5463288e-02
  5.4472828e-01
  1.3992745e-01
  2.1233587e-01
  1.2868592e-01
  9.9584751e-02
  1.1234388e-01
  8.5570134e-02
  1.0843977e-01
  1.0634083e-01
 -1.1504654e+00
  5.9936389e-02
  6.6506237e-02
  3.3878751e-02
  2.9252321e-01
  8.9156576e-02
 -3.2702038e-01
 -1.5239590e-01
 -2.7272737e-01
  1.6381602e-01
 -5.7826078e-01
  5.0607871e-02
 -1.4580257e-01
  1.1835804e-01
  1.0561650e-01
  2.0090914e-01
 -6.8139531e-02
 -6.8021685e-02
 -2.0672043e-01
 -1.2026139e-01
 -9.3930826e-02
 -3.0562276e-01
  7.4896932e-02
  1.2875099e-01
 -2.3717619e-02
  2.5613045e-02
  2.6566845e-01
 -1.0710274e-01
  2.0026346e-01
  1.8560177e-02
 -8.5102387e-02
  3.7155364e-02
  1.8021923e-01
  1.9674596e-01
  2.6805010e-01
 -1.3904373e-01
 -1.3815461e-01
  2.0274824e-01
  3.0008113e-02
 -9.7509161e-02
  1.3571315e-01
 -9.6352817e-03
  4.2864382e-02
  1.4004549e-01
  5.2777408e-03
 -3.5681570e-01
  9.7818650e-02
 -2.0791328e+00
 -4.1928872e-01
  8.0461437e-01
  6.4759147e-01
  2.9501221e+00
 -1.2653401e+00
  2.1830704e+00
 -1.0341526e+00
  3.1497295e+00
  6.4221489e-01
 -1.7850006e+00
  1.2482848e+00
  1.7770706e-01
 -9.6626621e-01
 -5.7730019e-01
 -4.6150208e-02
  6.1695677e-01
 -2.8058043e+00
  5.8928174e-01
  2.2845493e-01
  4.8192960e-01
 -3.1373236e-02
 -3.4111695e+00
  2.8287259e-01
 -3.1636342e-01
  4.9377424e-01
 -4.2547634e-01
 -6.6066158e-01
 -1.8599336e-01
  3.2459241e-01
 -5.2796894e-01
 -1.1774244e+00
 -3.5173018e-02
 -4.2617041e-01
  9.2781916e-02
 -7.9722387e-01
  1.4475572e-01
  1.9475077e-01
  2.7170703e-01
 -4.3402472e-01
 -5.7071465e-01
 -7.7281457e-01
 -8.1666464e-01
  1.3379808e-01
  3.8345003e-01
  2.1831942e-01
  1.3790649e-01
  3.8290867e-01
 -1.2193470e-01
  1.5428345e-01
 -2.1139584e-01
  2.0561773e-02
 -1.3502024e-01
  2.1158561e-01
  2.9828596e-01
 -1.9210003e-01
  8.7407649e-01
  3.1039834e-01
  1.7786364e-01
 -1.9203217e+00
  1.8221134e-03
  1.9593731e-01
 -1.7495504e-01
  1.6878578e-01
  6.8532062e-01
  2.4124782e-01
 -1.8065555e-01
 -2.5087309e-01
 -3.1655252e-02
 -4.2693943e-01
  1.0434836e-01
 -1.0053359e-01
  1.0750993e-01
  7.2342515e-02
 -1.7583795e-01
  1.3770422e-01
  1.0827917e-01
 -1.7350124e-03
 -1.7812094e-02
 -2.2178628e-02
 -3.3891833e-01
 -5.6637168e-01
 -5.0223339e-02
  2.1651212e-02
  1.2621473e-01
 -4.9686313e-02
 -7.1128674e-02
  1.6040181e-01
 -1.6527896e-01
  1.6265284e-01
 -9.7044870e-02
  4.3693382e-02
 -3.0748576e-02
  1.6176544e-02
 -9.3738735e-02
 -8.4084593e-02
 -2.9014710e-01
 -5.4726049e-02
  3.8079374e-02
 -1.7229334e-01
  6.7409746e-02
  9.0986546e-03
 -2.7245100e+00
 -1.4695188e-01
 -7.3239845e-03
  3.4343964e-01
  1.7905873e-03
 -1.2963082e-01
 -1.1096648e+00
 -3.1134298e-01
 -6.7221187e-02
  3.4099367e+00
  1.2693141e+00
 -1.8413564e+00
  4.2137805e-01
 -1.3947018e+00
  2.6507521e-01
 -6.0689259e-01
  6.2752587e-01
  3.5590062e-01
  3.0175000e-01
 -1.6900555e+00
  5.3334165e-01
  1.5197401e-01
  7.9540694e-01
 -6.0855860e-01
 -9.0375698e-01
  1.4785163e-01
  1.0468446e-01
  5.0239092e-01
  3.5811123e-02
 -6.3531631e-01
  6.9124472e-01
  1.7528044e-01
 -1.8731558e-01
 -6.4987844e-01
  1.5954733e-01
  2.2537594e-01
  3.2418532e+00
 -1.3613808e-01
 -5.3450435e-01
  2.3374224e-01
  5.4653239e-02
  1.3893187e+00
 -1.3750280e+00
 -2.6721630e-01
 -1.4283629e-01
 -6.2943764e-02
 -4.5810848e-01
 -9.6132880e-01
  4.9405041e-01
  3.9240047e-01
  7.9929227e-01
  7.1524762e-02
  5.4631275e-01
 -3.2219559e-01
  4.9960058e-02
 -3.0823573e-01
  2.2890237e-01
  2.6434362e-01
  3.9336294e-01
 -2.9396692e-02
 -1.9646120e-01
 -3.0867050e-03
 -1.8675640e-01
  1.3671435e-01
 -2.0574965e-01
 -2.7495647e-02
 -1.2173796e-01
 -1.9077356e-01
 -2.2562347e-01
  1.0713060e-01
 -6.3058561e-01
  5.5855978e-01
 -2.0901504e-01
  4.7270712e-01
 -5.4213834e+00
  2.2350670e-01
  1.2280974e-01
 -1.9860755e-01
  1.8321474e-01
  2.3660970e-01
 -1.2829761e-01
 -5.4282930e-02
 -3.5452944e-01
 -2.8579283e-01
 -2.2851250e-01
 -1.9937360e-01
 -1.8341406e-01
  2.2875329e-02
 -1.3841082e-01
  3.9057490e-01
  1.0640229e-01
  1.7492686e-01
 -1.3437916e-01
 -3.5587952e-02
  4.3272683e-01
  8.4203941e-01
  3.0922151e-01
  3.0585644e-01
  1.2592720e+00
 -7.7564865e-02
 -3.0808753e-01
  2.6038267e-02
  5.7369631e-02
  3.3236858e-01
  4.0053823e-03
 -6.3529029e-02
  2.4804685e-01
  7.1367055e-02
 -1.9143635e-02
 -7.4913055e-02
  2.2744419e-02
  1.0010736e-01
  6.7253068e-02
  1.8791191e-02
  3.2360535e+00
  3.1617236e-01
  7.8969705e-01
  1.7114842e+00
  3.0730417e+00
  6.1123896e-01
  2.4206525e-01
 -1.0892460e+00
  8.6116701e-01
 -7.7756965e-01
 -2.3297856e+00
 -7.6853871e-02
 -8.8640237e-01
 -2.0948905e-01
 -3.9889830e-01
 -2.1410654e+00
 -2.3867770e-01
 -1.3579576e+00
  5.0842606e-02
  3.1752425e-01
  6.6789734e-01
 -7.9848844e-01
 -8.0953491e-01
  4.0551960e-01
 -1.5220372e-01
 -2.7942305e-02
 -2.2295465e+00
 -9.5249158e-01
 -1.2633114e+00
  1.5970379e+00
 -1.5580532e-01
 -2.0424802e+00
 -1.1544031e+00
 -1.1928288e+00
  7.9826760e-01
 -7.8784770e-01
 -7.2529219e-02
 -8.6508626e-01
 -4.9648327e-01
  9.8425828e-02
 -3.6199120e-01
  7.1442950e-01
  1.5112497e-01
  1.0515877e-01
 -7.1470320e-01
  3.5638422e-01
  2.7284954e-02
  8.3519034e-02
  2.0521509e-02
 -3.7025559e-01
 -1.0110787e+00
  3.8976035e-01
  2.7783552e-01
  2.0086600e-01
  3.5799984e-02
 -2.0063119e+00
  1.8679562e+00
 -3.6320168e-01
 -4.7227116e+00
 -1.6863582e+00
  2.8333471e+00
  4.0930885e-01
  4.0762630e-01
 -9.2058635e-01
 -6.4658538e-02
 -4.0862650e-01
  7.2158121e-02
 -4.3032447e-01
 -1.0682659e+00
  1.4730787e+00
 -3.6427861e-01
  4.9163029e-01
  5.0137854e-01
  1.6909932e-01
 -1.7043903e-01
  1.4719738e+00
 -1.3770011e-01
  5.1467234e-01
  9.5141137e-01
 -1.0261717e-01
 -2.8279936e-01
 -3.1582057e-01
  5.1764421e-02
  1.3412358e+00
 -5.2609092e-01
 -6.3299227e-01
  1.1721742e-01
  6.2930977e-01
 -4.2718213e-02
  4.7338805e-01
  4.6337622e-01
 -5.0106221e-01
 -1.2293296e+00
  6.7557621e-01
  1.5728474e-01
 -1.7307356e-01
  2.4410260e-01
  2.8412485e-01
 -3.5780528e-01
  5.3739939e-02
  3.6561060e-01
  8.2286680e-01
 -1.5408692e-02
 -1.0997733e-01
 -2.4479195e-01
  3.4690556e-01
  3.4008029e-01
 -2.6921496e-01
 -1.4470849e+00
 -3.5872346e-01
 -1.9994596e-02
 -9.1294402e-01
 -2.7077481e-01
  4.4392323e-01
 -7.4612433e-01
 -3.7948877e-01
  1.4523057e+00
 -4.6721515e-01
 -8.2679820e-01
  5.9347725e-01
 -1.9830382e-01
  9.9295205e-01
 -1.1822419e+00
 -8.5741682e-03
  9.4430315e-01
 -5.6183213e-01
 -1.7669815e-01
  2.4148878e-01
 -5.7933259e-01
 -1.6922454e+00
  7.9737663e-01
 -6.5471393e-01
  2.7858943e-01
 -5.2590781e-01
  3.6133844e-01
 -4.9245363e-01
 -1.2370931e-01
 -7.6210789e-02
 -1.1724786e+00
  9.9957043e-01
 -3.4450692e-01
 -5.1872689e-01
 -3.5151401e-01
  5.4190960e-03
  2.4181557e-01
  2.8003687e-01
  1.3353733e+00
 -9.3871184e-02
  1.0433768e+00
  9.8592639e-02
 -9.7468801e-02
 -4.0097085e-01
 -8.3143705e-01
  8.3519481e-02
 -3.1416863e-01
 -1.3225620e-02
 -3.3032411e-01
  1.1059476e-01
 -2.3563051e-01
 -6.0673837e-02
 -2.7977821e-01
 -3.0678589e+00
 -8.6566710e-01
 -1.4271688e+00
  8.9696631e-02
 -2.4889519e+00
  2.9647952e-01
 -4.8210204e-02
 -4.2708105e-01
 -7.0422304e-01
 -2.3616297e+00
 -9.0882659e-01
 -6.1466235e-01
 -3.7584111e-01
  1.3966322e+00
 -7.9636000e-02
  2.2073832e-01
 -1.0617832e+00
  6.1941910e-01
  7.0771760e-01
 -5.4187506e-01
 -1.6786805e+00
 -5.0792569e-01
  2.9244682e-01
  1.1496102e+00
 -9.2123520e-01
 -6.9941199e-01
 -4.1042513e-01
  1.3106993e-01
 -2.5747535e+00
 -4.0526596e-01
  1.9137810e+00
 -1.2109599e-01
  8.5524172e-01
 -1.8202786e-01
 -1.0517825e+00
 -6.8338585e-01
 -1.9247218e+00
 -5.4341197e-01
 -9.6662199e-01
 -1.7676156e+00
 -4.4533783e-01
  1.3630421e+00
 -2.7918932e+00
  2.8592423e-01
 -6.9096923e-01
  1.2437460e+00
  3.3165175e-01
  5.8915440e-02
  4.4959504e-02
 -6.3892312e-02
  1.8982533e-01
 -3.0422133e-01
 -4.6228830e-02
 -3.9415574e-01
 -4.0280440e-01
 -1.9524740e-02
  1.0804217e-01
 -3.6029872e-01
 -9.1589004e-02
  1.9658089e-01
  2.6055732e-01
 -2.1526486e-01
  1.8682443e+00
 -1.7266026e-01
  2.4187379e-01
 -3.0786601e-01
 -1.4100351e-02
  2.6786682e-01
  3.9309715e-03
  1.0374632e-01
 -7.6484822e-02
  2.8108361e-01
 -8.8912204e-02
 -1.7352493e-01
 -4.0922207e-01
  3.9112017e-02
  1.3895002e-01
 -1.6784297e-02
 -9.1548018e-02
  6.1326027e-02
  1.6112792e-01
  1.1698738e-01
  3.1522211e-01
 -3.7940794e-01
 -5.7559647e-02
  8.3692081e-02
  1.9284220e-01
  2.0446312e-01
 -1.4541249e-01
  2.2569515e-01
  2.6011267e-03
 -4.3098345e+00
  3.6964238e-01
 -2.1509610e-01
  5.7865924e-01
 -5.7263698e-02
 -5.4581439e-01
  2.3133452e-01
 -5.0921816e-01
  2.3200752e-02
 -1.0413336e+00
 -1.4462246e-01
 -1.0913172e-01
  3.3265397e-01
 -2.9338926e-02
  3.7081510e-01
 -5.0362747e-02
 -3.4583446e-02
 -3.6418840e-01
  1.2452948e-01
 -8.5162824e-01
  1.7499082e-01
  2.4631858e+00
 -8.4802747e-01
  7.3259361e-02
 -1.6331390e-02
 -1.9078328e-01
 -9.2053145e-02
  3.5420582e-02
  1.6809028e-01
 -2.9460773e-01
  1.8590023e-01
 -3.4373514e-02
  1.6370992e-03
 -1.5651293e-01
 -1.8730195e-01
  8.3226390e-02
  2.1943033e-02
  1.0996953e-01
  1.0479666e-01
  4.2119820e-02
  6.6769190e-02
  7.5122498e-02
  3.5012284e-01
 -6.8186581e-02
  1.3405485e-01
  1.3324438e-01
  4.9234301e-01
  1.2900899e-01
 -4.9751922e-01
  8.8610448e-02
 -2.9527625e-01
  1.1215143e-01
 -1.4705622e-01
  4.1426715e-01
 -1.9002353e-01
  1.9750679e-01
 -1.8069899e-01
  1.6195107e-01
  1.8828298e-01
 -3.5452992e-01
 -1.2279415e-01
  8.0542952e-02
 -2.3571778e-02
  1.4464945e-01
  1.1048807e-01
 -1.7715080e+00
 -3.1027785e-01
  5.0444803e-03
 -6.2283907e-02
  1.9696112e-01
 -3.1959742e-02
  1.6185653e-01
 -7.8422236e-01
  1.7001446e+00
  3.7497947e-01
 -2.7137968e-01
 -8.1095213e-01
  2.0786333e+00
 -9.9520135e-01
  4.6303968e+00
  1.7911398e+00
 -2.4539764e+00
  1.4865087e+00
  1.8865441e+00
 -3.6022916e-02
  9.2382169e-01
  4.8933029e-01
  7.0494336e-01
  1.2608494e+00
  1.9154522e+00
  1.7259636e+00
  3.5860145e-01
 -2.7719975e-01
 -1.3289176e+00
  2.6686034e+00
  4.0911345e+00
  4.4942385e-01
 -3.5445184e-01
  2.8278521e-01
  6.0876143e-01
  2.1778140e+00
  2.8653929e-01
  7.3100930e-01
  6.5845054e-01
 -8.1954561e-02
  1.9873729e+00
  6.0142094e-01
 -8.1926191e-01
  6.1374062e-01
  5.2002168e-01
 -4.1504782e-01
  3.9748958e-01
  6.1462748e-01
  1.1520305e+00
  1.1914913e-01
  8.3877319e-01
 -2.3850944e+00
  1.3031578e-01
 -3.6669272e-01
  1.1121063e-01
  4.6618320e-02
 -5.1127553e-01
 -8.1329650e-01
 -1.5325637e-01
 -3.1752160e-01
  2.5749799e-02
 -4.9820864e-01
 -4.6650928e-02
  3.4497160e-01
 -1.7627682e-01
 -4.4791812e-01
  4.5284092e-01
 -2.2026373e-01
  3.2025576e-01
 -2.4668572e-02
 -7.7299148e-02
  2.5851476e+00
  9.0397239e-01
 -1.0941800e-01
  4.7981840e-01
  3.4404315e-02
  5.8867387e-02
  3.9095029e-01
  1.0917675e-01
 -1.1903879e-01
 -2.1329246e-01
 -2.1257812e-02
 -7.7455342e-02
  3.2925963e-01
  2.1080472e-01
 -9.0097852e-02
  2.5418010e-01
  1.5288082e-01
 -3.9100727e-01
 -8.6855263e-01
 -1.5391931e-01
  8.6223818e-02
  3.2072803e-01
  1.6555982e-02
 -2.3893067e-01
  6.2612164e-01
  4.0205154e-01
  3.4642652e-02
  4.8541668e-01
  1.9012927e-01
 -4.2537484e+00
 -4.5440812e-02
  4.0734509e-01
 -8.1355304e-01
 -3.0836663e-01
  1.5315994e+00
  2.8446048e-01
  2.0513946e-02
 -9.1897734e-02
 -7.4999981e-02
  1.3504434e-01
 -2.0659848e-01
  6.6769935e-02
 -1.2832491e-01
  1.8439865e-01
 -9.7552724e-02
  6.0582568e-04
 -4.3516630e-01
  4.1861784e-01
 -4.8537302e-01
 -1.0162124e-01
 -4.8945848e-02
  1.7982802e-01
 -2.8848588e-01
  2.5066429e-01
 -6.1324973e+00
  3.1394935e-01
  2.1259916e+00
 -7.1336758e-01
  1.9057066e+00
 -1.4982544e+00
 -1.5250930e-01
 -2.5771260e-01
 -4.5557755e-01
  4.0666718e-02
  2.0633823e-01
 -4.6216795e-01
 -2.9053587e-01
 -7.4322176e-01
 -7.6410317e-01
 -4.7473285e-01
  2.1866238e-01
  3.1150717e-01
 -3.5949340e-01
 -1.8956290e-01
 -1.8300682e-01
  1.7881534e-03
  1.6524000e-01
 -9.1618501e-02
 -4.2262122e-01
 -1.0072124e-01
 -6.4737672e-01
  7.0683859e-02
  1.1906246e-01
 -3.0998254e-01
 -5.6874639e-01
 -2.2346112e-01
  1.1566716e-01
 -5.9371781e-01
  2.4248332e-01
  4.1129544e-01
  3.2660864e-02
 -2.6134220e-01
  3.0690312e-02
  2.9144707e+00
 -2.1051729e-01
  4.4386980e-01
 -3.3985448e-01
  2.3383519e-01
 -2.1526106e-01
 -3.0422533e+00
  1.4496593e+00
 -2.0356789e+00
 -6.7798841e-01
 -7.8533185e-01
 -4.9240189e+00
  3.5207704e-02
 -8.6272395e-01
  1.3370422e-01
 -1.6560054e-01
  1.3413535e-01
 -4.0288234e-01
  3.1571412e-01
  3.6119533e-01
  1.0907407e+00
  1.0406822e-01
  9.2883907e-02
 -6.7650206e-02
 -1.9741103e-01
 -7.6819368e-02
  7.9747456e-01
  8.7242844e-03
 -4.5235848e-01
 -6.2599249e-02
  2.1271540e-01
 -2.2421993e-01
 -1.0948198e+00
  6.2968886e-01
 -4.9761860e-03
 -4.6401790e-01
  7.9204768e-01
 -8.5954493e-01
  2.7173015e-01
 -1.7470035e-01
  1.4799103e+00
 -3.0664212e-01
  3.6539897e-02
  5.1633275e-01
 -1.5674147e-01
 -4.4162609e-02
  5.8167893e-02
 -2.2178905e-01
  5.5887103e-01
  6.7355102e-01
 -5.7022911e-02
  3.7124893e-01
  8.0526137e-01
  3.1535172e-01
  2.8919610e-01
  2.6632741e-01
 -1.8610671e-01
 -4.1684153e-04
  5.0706405e-02
 -2.6340960e-02
  1.1437006e-01
 -3.1927064e-01
  5.6162629e-02
 -1.8115205e-01
 -3.6713153e-01
 -3.1717333e-01
  1.3408671e-01
  1.9028555e-01
  4.6734218e-02
 -5.7914827e-02
 -5.7457935e-02
 -1.3400751e-01
  2.1087879e-01
  1.6865087e-01
  2.3393685e-01
 -4.9713347e-02
 -3.0754513e-01
 -1.0265760e+00
  5.9973723e-01
 -1.3847223e-01
 -2.7523831e-01
 -2.5252986e-01
  8.7174155e-02
  7.5149395e-02
 -1.2884261e-01
 -7.6556206e-02
 -7.1737386e-02
 -4.5618989e-02
  1.7516185e-01
  3.1821162e-01
  1.3779494e-01
  7.8729320e-01
 -4.1689655e-01
  1.1923067e-01
 -3.1292027e-01
 -3.7265376e-03
  2.1290542e-01
  1.3394377e-01
 -4.3163091e-02
 -5.5857134e-01
 -2.5356346e-01
  1.7337611e-02
  3.9523084e-02
  8.8447714e-01
  7.7856660e-02
  3.3138111e-01
 -1.3163311e-02
  5.3068930e-03
  1.5024948e-01
  4.7865577e-02
  2.4154970e-01
  4.0180106e-02
 -3.5803953e-01
 -8.0049229e-01
  1.3740057e+00
  1.9236020e+00
 -1.6922315e+00
 -2.0051835e+00
 -7.5641513e-02
  9.0966743e-01
  1.5754392e+00
 -5.9682798e-01
  3.6700526e-01
 -1.6204484e+00
 -2.5045550e-01
 -3.5428736e-01
 -2.5887408e+00
 -9.4688845e-01
 -1.3904263e+00
 -4.0067875e-01
 -2.0813959e+00
 -1.2695206e+00
  8.8310629e-01
 -1.6293255e+00
  6.9643670e-01
  6.1358395e+00
 -2.7365074e+00
 -2.0379317e-01
 -4.0345419e-02
  5.4547697e-01
  2.6345015e-01
 -2.4471107e+00
 -8.3059931e-01
  4.0886274e-01
  2.1568084e+00
  4.0547377e-01
 -1.6796149e+00
 -2.9562405e-01
  1.6521136e+00
  8.0125093e-01
  1.5759134e-01
  5.4217334e+00
 -3.3603227e-01
 -1.1265599e+00
  9.7159207e-01
  1.6818222e+00
  1.1909351e-01
 -3.0973105e+00
  4.7281927e-01
 -1.0311750e+00
 -2.2110248e-02
  2.6854497e-01
  3.5453561e-01
 -1.7507331e-01
  2.9802170e-01
 -3.0490568e-01
 -2.1574417e-02
  2.4063037e-01
  1.0278354e+00
 -1.3333547e+00
  1.2684600e-01
 -2.2223570e+00
  2.0586175e-01
  2.1935794e+00
 -2.8925772e+00
  1.8204248e+00
  1.0116539e+00
 -1.2953318e+00
  1.4934417e+00
 -9.9630779e-01
 -2.1150219e+00
 -9.8442054e-01
 -1.1595927e+00
  7.8534871e-01
 -4.6277804e+00
  1.2302151e+00
 -2.7702305e-01
 -8.7120973e-02
 -1.2826610e+00
 -2.3751853e+00
  3.3016184e-01
 -2.0971105e+00
  1.9288059e-01
 -2.7541637e+00
 -1.6841022e+00
 -1.5329571e+00
  2.0761294e+00
  2.4133474e-01
 -3.3613127e-01
 -8.1335616e-01
 -7.5288421e-01
  2.0259707e-01
  9.3521103e-02
 -1.3150305e+00
  3.8246673e-01
 -8.8259059e-01
 -1.0756772e+00
 -9.8523951e-01
 -1.4275688e+00
  3.4813660e-01
  1.5282711e-01
  7.8845859e-02
  5.2989841e-01
  9.9427186e-02
  3.2794237e-01
  9.2586346e-02
  2.7965441e-01
 -6.0130954e-03
 -7.3765880e-01
 -9.9159800e-02
 -1.3345704e+00
  3.5306466e-01
  2.9484633e-01
 -1.7641398e-01
 -1.8849491e-01
  1.6641656e-01
 -8.6110139e-01
  3.4583503e-01
 -3.3268777e-01
  6.3275814e-02
  1.3576646e-01
  3.8826701e-01
 -1.7018668e-02
  3.6369137e-02
  3.3379598e+00
  4.9362089e-02
 -4.4210574e-01
 -4.0484604e-01
 -7.1890384e-02
  4.8778376e-01
  6.4411163e-01
  2.1337047e-01
 -5.7557738e-01
 -3.8680518e-01
 -1.9797389e-01
 -1.1090966e-01
  9.7227599e-03
  2.6111788e-01
 -1.9390336e-01
 -1.1119266e-01
  1.8805497e+00
  1.8600662e-01
 -7.1122634e-01
  1.5993739e-02
 -8.2806402e-01
  2.2281480e-01
 -2.2609043e-01
 -1.9008310e-01
 -2.4728788e-01
  3.3905485e-01
  1.8910469e-01
 -7.1627688e-01
 -4.8692197e-01
 -3.7418860e-01
  1.2918936e-02
  2.9629588e-02
  8.3369702e-02
  2.0901367e-01
 -2.8667721e-01
 -1.1591756e-01
 -7.2800770e-02
 -1.3928983e-01
 -1.2532793e-02
 -2.0927954e-01
 -3.9103708e-01
  2.3729889e-01
 -2.5807184e-01
 -3.0744147e-01
  7.7180915e-02
 -4.1636348e-02
  4.3767113e-03
  2.1048267e-01
 -4.6728399e-01
 -2.9945987e-01
  2.0141460e-01
 -3.1842966e-02
 -2.5052440e-01
 -2.1535198e-01
 -3.7685019e-01
 -3.0788603e-01
 -4.1340062e-01
 -3.1119722e-01
 -4.8587494e-02
  6.4569026e-01
  3.8805786e-01
 -1.1412940e-01
 -2.6965368e-01
  5.3166986e-01
 -2.5085914e-01
  3.7876537e-01
 -2.3980640e-01
  1.8859126e-01
 -2.8114408e-01
 -3.3241153e-01
  4.2664301e-02
  5.2354489e-02
 -3.3084384e-01
 -4.0121689e-01
 -3.7686467e-01
  4.8088688e-02
 -6.6589698e-02
 -2.9864651e-03
 -2.7921569e-01
  3.3309332e-01
 -8.5574910e-02
 -3.8471207e-01
  3.1532064e-01
 -7.6639511e-02
 -3.6285669e-02
 -2.7120450e-01
  2.3004700e-01
 -1.3132713e+00
 -2.1726865e-01
 -2.2813326e-01
 -3.0600539e-01
 -8.1259924e-01
  1.1969715e-02
  4.4091383e-01
  8.7172970e-02
  1.8347576e+00
 -6.4863652e-01
 -1.6717558e+00
 -1.8490384e+00
  3.4403565e+00
  4.6935189e-01
 -8.4833026e-01
 -4.1832364e-01
 -2.6489313e+00
 -1.4722573e+00
  9.3558896e-01
  2.2464500e-01
 -2.6865232e-01
 -1.4688358e+00
 -6.1262518e-01
  3.2626476e+00
 -1.0339445e+00
  9.8104608e-01
  6.5107167e-01
 -2.9012111e-01
  3.4228975e-01
  3.5967490e-01
 -1.7648382e+00
  6.1574763e-01
 -6.7973971e-01
 -4.3654215e-01
 -4.1739514e-01
 -3.3558258e-03
  8.1131250e-02
  8.5065745e-02
  1.4227352e+00
 -1.5047612e+00
  5.1932132e-01
 -3.5223711e-01
  5.5727428e-01
 -3.2468712e-01
 -4.7771960e-01
 -6.3275510e-01
 -4.6268839e-01
  2.2272098e-01
  4.0225521e-01
  1.4337394e-01
 -6.8894434e-01
 -2.5133845e-01
 -2.4263149e-01
  1.8501478e-01
 -1.0447487e-02
 -1.0569028e-01
  3.3109348e-02
 -2.6763374e-01
  4.2114532e-01
 -6.0115206e-01
  1.7353803e-02
  8.1919378e-01
 -4.5902233e+00
  2.0411894e+00
  2.8351170e-01
  1.5807552e+00
 -8.0732405e-01
  6.5233701e-01
  5.2205533e-01
 -1.4448332e+00
  1.3153336e+00
 -1.2694145e+00
  2.0769033e+00
  3.3078020e+00
 -4.8762867e-01
  1.3256974e+00
 -4.3703127e-01
 -1.3513206e+00
 -2.8394809e+00
 -2.5118458e+00
 -9.7839606e-01
  9.6383497e-02
  4.9787989e+00
 -1.0213254e-01
  1.3162073e-01
 -3.5402343e-01
 -1.5933846e+00
  9.4910711e-01
 -3.0495160e+00
 -9.3603402e-01
 -1.7802807e+00
  2.9085360e+00
 -9.5480776e-01
 -5.3905708e-01
 -3.0655903e-01
 -1.9438128e+00
 -4.3464351e-01
  4.0564749e-01
 -1.2022212e-01
 -1.5529934e+00
  4.3678561e-01
 -7.7606368e-01
 -3.5178227e+00
 -4.9948534e-01
 -4.5190072e+00
 -5.1064581e-01
  1.5875590e+00
  1.5325327e-01
  1.1153579e-01
  8.4974504e-01
 -2.6292732e-01
 -1.9758061e-01
  3.7726143e-01
 -1.0377873e+00
  6.9990214e-03
 -5.7881159e-01
  4.0521797e-02
  6.2055089e-02
 -1.4226447e-01
  1.3722944e+00
 -2.4910140e-01
  1.9176427e+00
 -3.1660235e-01
 -1.5097965e+00
 -4.1560912e-01
 -1.1288939e-01
  3.1020027e-02
  2.6739272e-01
  8.6475678e-02
  9.6789792e-02
 -1.7844389e-01
  9.9188375e-01
 -2.0134488e-01
 -6.9896869e-02
  2.1851842e-01
  2.5957242e-01
 -4.6459034e-02
 -1.0480009e-01
 -2.7725539e-01
 -7.8692213e-03
 -1.6962329e-02
  2.8375965e-01
 -2.1007625e-02
 -5.0095141e-01
  4.1650448e-02
 -1.7905031e-01
  1.2790909e-01
 -2.4189284e-01
 -2.2864927e-02
  1.8748020e-01
  2.1285498e-01
 -5.6204643e-02
 -3.4295282e-01
  2.5825384e-01
  1.5770882e-01
  1.0999656e-01
 -1.1705570e-01
 -9.0893286e-01
 -3.3871856e-01
 -1.7877511e+00
  5.2031803e-01
 -4.7454633e-02
  1.1465368e-02
 -2.8203014e-01
  5.2860018e-02
 -2.7180316e-02
  2.1138868e-01
  1.4478000e-01
  3.1452578e-01
 -2.0427598e-01
 -6.3617253e-01
 -1.3415296e-01
 -7.0857428e-02
 -5.4841983e-01
  8.6710846e-01
  2.0689422e-01
  1.8249574e-01
 -1.5393465e-02
  1.9715580e-01
  3.9617366e-01
 -1.5310472e-01
 -2.4823375e-01
  5.6762841e-02
  1.8715410e-01
  1.1588976e-01
  9.0626664e-02
 -1.8437573e-01
 -5.7278641e-02
  4.3903556e-02
 -8.3870985e-02
  1.1620960e-01
  4.5473527e-02
  6.4981097e-01
  1.0829771e-02
 -7.7003222e-03
  2.2512065e-01
 -6.3060716e-02
  1.2555565e-01
  3.0619594e-01
  9.5073581e-03
 -7.7536471e-02
  3.5706502e-01
  2.7816847e-01
  4.1774414e-02
 -1.7438991e-01
  1.1182901e-02
  1.4831406e-01
 -2.5506824e-01
 -2.5081897e-01
 -4.3239597e-02
  1.4011633e-01
  7.9654619e-02
 -2.5226682e-01
  9.2819735e-02
 -1.5675351e-01
  5.6029908e-02
 -1.2384154e-02
  4.2844247e-02
 -1.7376560e-01
  6.5036267e-02
 -1.0283837e-01
 -1.2722920e-01
  1.1024183e-02
 -1.7818166e-01
  8.3414495e-02
 -2.8925698e+00
 -1.1269286e+00
 -5.9277284e-01
  2.5510108e+00
 -4.0284985e-01
  1.4921246e+00
  1.3608689e+00
  1.6965425e+00
 -4.2157605e-01
  6.1040655e-02
  3.9244715e-02
  7.6415643e-02
  2.6036620e-01
 -2.4672885e-01
 -2.2770017e-01
 -2.0325312e-01
 -5.0660741e-01
 -1.3277421e+00
 -1.6617745e-01
  1.3388938e-01
 -7.2513849e-02
 -2.9191794e+00
 -6.5414196e-01
  1.9524157e-01
 -9.2657453e-01
  6.4979124e-01
  4.6392056e-01
 -2.4482359e-01
  8.6725682e-02
  9.9987142e-02
  4.1148400e-01
  2.6841161e-01
  2.1135548e-01
 -1.6320832e-01
 -1.1887810e+00
 -1.5560337e-02
 -2.1766053e-01
  7.4549413e-01
 -1.3557656e-01
  4.3077499e-01
 -5.8800392e-03
  1.0117137e+00
 -5.9848677e-02
  2.8259709e-01
 -5.1463002e-01
  5.8516586e-01
  1.3927859e-01
  1.7731160e+00
 -2.5056394e-02
  1.7945534e-01
  9.8485939e-02
  5.6801192e-02
 -4.1174215e-01
 -1.5891354e+00
 -1.7749379e+00
 -9.0530473e-01
 -8.4669787e-01
 -2.2429547e+00
  4.2890224e+00
  2.1198854e+00
  1.3349159e+00
  1.0432152e+00
 -9.5067632e-01
  7.0035112e-01
 -7.1351521e-02
  1.6674515e+00
 -9.7573888e-01
  6.0749102e-01
  8.2031988e-02
  5.8860308e-01
 -8.1285810e-01
  1.7418021e-02
 -3.8335750e-01
  1.5812557e+00
  1.3250573e+00
 -2.3688832e-01
 -7.4825048e-01
 -1.3007520e+00
  3.1542072e-01
  6.1713368e-01
  3.9243677e-01
  1.4420927e+00
  6.2533259e-01
  1.1574986e+00
 -8.1223756e-01
 -9.5490038e-01
  9.5327944e-01
  3.2465515e-01
  7.0762879e-01
  1.3731053e-01
 -1.1965348e+00
 -5.8016467e-01
 -3.5707730e-01
 -3.5397741e-01
 -1.2759322e-01
  1.4134684e+00
 -9.8008953e-02
 -2.7514014e-03
 -8.6462855e-01
  1.8311867e-01
  2.1752059e-01
 -1.1863527e-01
 -1.5713380e-01
  2.6352759e-03
 -8.0974871e-01
 -5.0471488e-02
  4.2785317e-01
  3.0022800e+00
 -1.1929553e+00
  4.9253721e+00
 -2.3971751e+00
  1.3583431e-01
 -7.0086993e-02
  2.3137681e+00
 -1.2426039e-02
 -1.1446713e+00
 -9.1313750e-02
  1.4271070e+00
 -1.4501120e+00
  4.1743916e-01
  1.0035056e+00
  6.9930959e-01
 -4.1210088e-01
 -5.5042338e-01
  1.5986180e-01
  1.0021579e+00
  1.2803807e+00
  2.3079952e-02
 -9.9044585e-01
  4.0860352e-01
  1.8161163e-01
  1.1154025e+00
  6.2467616e-02
 -1.1345609e-01
 -3.1259099e-01
  6.2257510e-01
  8.9454509e-02
  2.4561447e-01
 -5.6734663e-01
  4.1704163e-01
  4.8248094e-01
 -2.6178503e-01
 -6.5694594e-01
  7.6081866e-01
  5.5500752e-01
 -8.4747517e-01
  5.5388021e-01
 -1.0411396e+00
  1.1904304e+00
 -1.6820121e+00
  5.1728863e-02
 -1.9637730e+00
  7.9040527e-02
  1.2913668e-01
 -1.0031459e-02
 -2.3369110e-01
  1.9291241e-01
  1.0597507e-01
  2.3173907e-01
 -1.9013295e+00
  4.0530643e-01
  1.7025691e+00
 -9.7644599e-03
 -1.0638093e+00
  8.0254328e-01
  3.5940497e+00
 -5.9055179e-01
  1.5723941e-01
 -1.3339924e+00
 -1.0288453e+00
  2.0875600e-01
  6.5093064e-01
 -4.7115561e-02
  4.7026730e-01
  1.4511451e+00
  7.0463145e-01
  6.8742239e-01
  1.4133142e-01
  9.6130455e-01
  1.8059353e+00
 -5.6094694e-01
 -2.9792374e-01
  8.9694375e-01
  9.1096061e-01
  8.4670210e-01
  9.9965882e-01
  4.2716855e-01
 -6.0289675e-01
  6.9199938e-01
  2.0370653e-01
 -1.7920166e-01
  3.2535706e-02
 -1.3817538e-01
  1.7351776e+00
  3.5799882e-01
  1.0862594e-01
  1.2477006e+00
  8.8134688e-01
  4.9767977e-01
  2.9061131e-02
  2.9507983e-01
  1.6361495e+00
  6.7969179e-01
 -2.7620544e+00
  5.1205420e-01
  3.4457365e-01
 -3.6517188e-01
 -2.4587096e-01
 -6.9551215e-02
  3.8239026e-01
  1.5064424e-01
 -1.2094832e-01
 -2.9221693e-01
  4.3770298e-02
  8.4953420e-02
 -6.8379909e-01
  4.9473789e-01
 -4.4161806e-01
  3.7924247e+00
 -1.1437079e+00
  4.4829816e-02
  6.3312024e-01
 -3.3180853e-03
  2.0874240e+00
  1.0615401e+00
  1.1977379e+00
 -3.8621926e-01
 -1.6559996e-01
 -1.1516917e+00
  2.4112096e-01
  1.9705923e-01
  1.0792547e+00
 -9.0114295e-01
  2.6146165e-01
 -2.6361823e+00
  4.8691478e+00
 -1.1512551e-02
 -6.9089390e-02
 -5.6825650e-01
 -5.8571827e-01
 -1.1053321e+00
 -4.7766471e+00
  4.1388264e-01
 -4.1913873e-01
  8.6356646e-01
  1.1890087e+00
  2.3754013e+00
 -1.4382350e+00
 -4.8326292e+00
  2.4198082e-01
 -5.6787163e-01
 -2.8354621e-01
 -1.9350669e+00
  2.9703835e-01
  1.8233956e-01
  1.4971584e+00
 -6.5419668e-01
 -4.0242953e+00
  7.8280628e-01
  1.3851640e+00
  6.1883181e-01
 -5.5801421e-01
 -2.9909191e-01
  8.1378743e-02
  5.1419165e-02
  1.1624073e+00
  1.3093112e-01
 -4.2817649e-01
 -4.5665628e-01
 -3.1909612e-01
  1.4835840e-01
  4.0459700e-02
  5.9364498e-02
  2.2485800e-01
  5.9375238e-01
 -3.4276804e-01
  1.2625067e-01
  2.8270122e-01
  1.4559096e-01
  4.0415350e-02
 -9.8430037e-02
 -2.0017150e-01
  1.3415976e-01
 -2.2294361e-02
 -2.4260704e-01
  4.9447734e-02
 -1.1620604e+00
  6.0272747e-01
 -1.6995677e-01
 -2.7785954e-01
  9.1546071e-01
  5.3766418e-01
 -2.6743525e-01
  4.8369203e-02
  5.9165582e-02
  2.7972424e-01
  1.4974584e-01
 -5.9618048e-02
 -4.5990683e-02
 -1.0964967e-01
  1.3514227e-01
 -4.6196353e-02
  1.9699839e-01
  9.9626459e-02
  3.0121613e-01
 -4.2029783e-02
 -1.1937740e-01
 -2.5440341e-01
  4.9751857e-01
  3.4830430e-01
  4.3703052e-01
 -3.1913525e-01
 -6.6985659e-02
 -3.7904099e-01
 -1.2624446e-01
 -7.8968607e-02
  5.1629018e-02
  2.4900539e-02
 -1.5907848e-01
  1.0431306e-01
 -2.5722909e-01
  1.7140558e-02
  3.6270821e-01
  6.4213321e-02
 -1.1237448e-01
 -1.0038398e-01
  2.0467401e-01
 -3.6383849e-02
  2.8108266e-01
 -1.0117190e-01
 -1.9286408e+00
 -3.1328651e-01
  3.6434304e-02
  1.9379833e+00
 -1.4042753e-01
  3.2422972e-01
 -1.1409957e+00
  2.1082164e-01
  2.3697019e-01
 -1.4980605e-01
  1.1029506e-01
  1.0093739e-01
  1.3840039e-01
 -1.4098890e-01
  1.1203093e-01
 -1.0771394e+00
  2.0934494e-01
 -5.3542084e-01
 -4.3625336e-02
  1.1326423e-01
 -7.4467085e-02
 -2.4096692e-02
 -1.8538707e-01
  1.8782809e-01
 -4.6709418e-02
 -1.2403520e+00
 -3.9941892e-03
  1.3817810e-01
  1.8794769e-02
 -2.0036051e+00
  4.8036795e-02
  4.0058769e-02
 -2.2916196e-01
 -6.8305820e-01
  5.8014221e-02
  4.5852002e-02
 -2.6500840e-02
  3.1085297e-01
 -1.1801710e-01
  1.9572613e-01
  1.4579442e-01
  3.5306033e-01
  2.5943297e-01
 -1.3421057e-01
  1.0143291e-01
  1.4953710e-01
 -7.6167971e-02
  2.0633841e-01
  9.5769048e-02
  2.3237836e-01
 -5.2341104e-02
 -4.8438889e-01
  1.0738060e-01
  1.7417456e-01
  9.4787769e-02
 -1.2227654e-01
  4.1055804e-01
  1.2618805e-01
  2.2357413e-01
 -8.0357468e-01
 -2.0391060e-02
  4.5897577e-02
  1.1028342e+00
  1.2746567e-01
 -3.2753178e-01
  7.3631071e-03
  1.0554359e-01
  1.1591315e-01
 -2.2439156e-01
  1.7930554e-01
 -1.2573715e-01
 -4.5411754e-02
  1.5803394e-01
 -1.7836542e-01
  1.4889885e-01
  1.2358204e-01
  5.3584903e-01
  2.2951645e-01
 -1.1211014e-01
  1.4316051e-01
 -5.3693473e-02
  5.4679591e-02
  2.7308890e-01
 -7.5366735e-02
 -2.0067063e-01
 -9.3082944e-03
 -9.3039453e-02
 -1.4023708e-02
 -5.8958989e-02
  8.2889810e-02
  6.1557390e-02
 -2.1735955e-02
  1.7872231e-01
 -1.5418450e-02
 -9.4004564e-02
 -6.6841274e-02
 -9.4143942e-02
 -4.1252553e-02
 -1.6031340e-01
  1.3101844e-01
 -8.2106791e-02
  8.2085326e-02
 -2.4391562e-01
 -1.3758451e-01
 -5.2539903e-01
  1.8888734e-01
  6.6886169e-01
 -1.3425509e+00
 -2.7247809e-02
 -5.8373101e-02
  5.7642758e-01
  1.4558566e-01
  7.9023249e-02
  2.9824784e-01
  1.2576289e-01
 -1.6391265e-01
  1.2743457e-01
  2.7746442e-01
 -3.9489850e-01
 -1.5279779e+00
  7.0102412e-01
  6.8942142e-01
 -7.7993445e-02
 -3.1476638e-01
  3.7990847e-01
 -4.0177878e-02
 -6.8480277e-01
  4.3875563e-01
 -1.9883657e-02
  6.8107653e-01
  4.3770945e-01
  8.2605503e-02
  9.9105179e-02
  5.0356829e-01
  6.8604273e-01
  1.0664549e-01
 -1.6557768e-01
 -1.6400118e-01
 -1.2301242e+00
 -3.0069673e-01
 -4.8692212e-02
  4.8076046e-01
  2.6986659e-01
 -8.6300957e-01
 -2.8530267e-01
 -3.1144175e-01
  4.6566209e-01
 -3.0457130e-01
  4.0420797e-01
 -1.0299419e-01
  4.9830444e-02
 -1.3885920e-01
 -5.1555362e-02
 -3.0180949e-01
 -3.8395207e-02
  3.5682192e+00
  5.6385528e-02
  7.5018716e-01
  1.4639997e+00
  7.0977938e-01
 -1.6586791e+00
 -2.2351305e+00
 -1.8047016e+00
 -3.9412799e-01
  1.0082570e+00
  1.1335257e+00
  4.2253275e+00
  1.4996254e-01
 -1.6036129e+00
 -1.5398897e+00
 -1.4115745e+00
 -1.2656375e+00
  4.2698619e-01
 -1.0275400e+00
  1.0489781e+00
  8.0097920e-01
 -8.2843274e-01
  3.1632154e+00
  1.8700175e+00
 -1.1163960e-01
 -3.1259429e+00
 -1.5460334e+00
 -1.1713668e+00
  2.5258813e+00
 -1.5874349e-01
 -5.4353029e-01
 -2.1352952e+00
  7.2956258e-01
 -8.4822214e-01
 -3.4435952e+00
  5.5175459e-01
  7.2349912e-01
 -1.7728138e-01
  6.3781625e-01
  2.8331310e-01
 -1.5214334e+00
  7.7309543e-01
 -2.1543345e+00
 -7.0505255e-01
 -1.7140532e+00
  5.2652681e-01
  7.6861566e-01
 -1.7031641e-01
 -2.3298930e-01
 -9.9525625e-01
  1.1799102e-01
 -2.6427926e-02
  6.2517360e-02
  2.1827224e-01
 -1.9410623e+00
  3.4939725e+00
  8.4411150e-01
  3.8946833e-02
 -7.2625715e-01
 -8.3911300e-02
 -7.4706948e-01
  1.5306463e+00
 -2.8852627e+00
 -6.2488818e-01
 -5.6612438e-01
 -4.8144194e-01
  4.1286743e-01
  5.2772564e-01
 -6.0340673e-01
  1.0147170e+00
  6.6443926e-01
 -1.9348611e+00
 -8.3274052e-02
 -4.2138419e-01
 -1.0321770e+00
 -5.4705870e-01
  4.4629619e-01
 -4.8231813e-01
  1.0419748e+00
  7.1392745e-01
  5.0248885e-01
 -1.6731883e+00
  5.7688451e-01
 -1.0073397e+00
 -1.7601801e-01
 -5.3086823e-01
  9.4474471e-01
  1.3528621e+00
 -3.1000635e-01
 -3.8947847e-01
 -8.2323320e-02
  7.3481679e-01
 -5.0315750e-01
  3.0078498e-01
  2.5052178e-01
  2.4182153e-01
  4.2237514e-01
  2.0654239e-01
  5.3090870e-01
 -4.1620773e-01
 -8.4735227e-01
  3.0792633e-02
 -5.1564723e-01
 -1.2696202e-01
 -1.0510164e-01
  5.7842880e-02
  3.3110569e-03
  8.1066197e-01
 -1.6041093e-01
 -2.8715357e-01
  7.8023237e-01
 -1.4080851e+00
 -1.2251738e+00
 -4.6233317e-01
 -8.8434929e-01
  6.8552566e-01
  2.6020366e-01
  1.0776231e+00
 -8.3542347e-01
  6.8439962e-03
  4.8763999e-01
 -8.5582787e-01
 -4.2975736e-01
  2.0241202e-01
 -7.2727591e-02
  1.7059046e-01
 -2.9232618e-01
 -1.9891042e-01
 -2.2510162e-02
  3.3593255e-01
 -9.9263054e-01
 -5.4922108e-02
  4.7648898e-01
 -1.4513789e-01
 -3.0042417e+00
 -7.3979849e-01
  4.3299913e-01
 -9.9873953e-03
 -6.0539949e-01
 -3.1120813e-01
  1.0173277e-01
  6.7130363e-01
 -3.0248711e-01
 -3.5183730e+00
 -4.1590455e-01
  5.2197915e-01
 -3.1392199e-01
  2.2516586e-02
  4.2744491e-01
 -1.2552674e-01
  5.2540630e-01
  3.7990516e-01
  9.1410524e-01
 -2.6279157e-02
  3.6587599e-01
 -4.4456312e-01
  3.5142747e-01
  7.4054964e-02
 -5.4684186e-01
 -6.0547266e-02
  1.0992590e-01
  1.9318040e-02
 -1.8493183e+00
  3.2264233e-02
  1.1048696e+00
 -1.1543540e+00
  5.8525473e-01
 -1.8623974e+00
  1.4720395e-01
  3.8506097e-01
 -6.5056819e-01
  7.2555232e-01
  1.5822127e+00
 -1.6630837e-01
  4.0112153e-02
  9.9521899e-01
  3.5937610e-01
  2.6795784e-01
 -7.9882222e-01
 -8.3279157e-01
  1.8428979e+00
  4.6165323e-01
  7.9035145e-01
 -1.1943389e-02
  1.0640121e+00
  2.8367603e-01
  4.3708539e-01
  7.2279346e-01
 -5.9088349e-01
  2.7218561e+00
  1.1166251e+00
  1.3807121e-01
  1.8937771e+00
  3.8114114e+00
  2.3791027e-01
  1.1838764e+00
 -8.4946150e-01
 -8.9801502e-01
  9.2896312e-01
  1.1871357e+00
 -1.9422550e-02
  1.0403368e+00
 -6.6457674e-02
 -7.0806136e-03
 -5.7105994e-01
 -5.0272614e-01
  9.2813390e-01
 -1.3859079e+00
 -8.1229076e-04
  7.1182740e-01
  1.7797047e-01
  6.0439539e-01
 -2.0275841e+00
  3.3739105e-01
  2.2063667e-01
  4.4197941e-01
 -3.9309952e-01
 -1.6549462e-01
 -1.2830436e-01
 -2.3751032e-01
 -7.9591639e-02
 -3.9749723e-02
 -5.5910474e-01
  1.4934446e-01
  3.5975155e-01
 -1.6226652e-01
  2.6475606e+00
  5.3253848e-02
  8.3940551e-02
  8.7927096e-02
  2.9265570e-02
 -7.6715536e-02
 -1.3247032e-02
  2.8349018e-01
 -4.2093995e-01
 -4.7280777e-02
 -1.9949730e-01
  9.6853130e-02
  9.3215205e-02
 -2.0326984e-01
 -2.0318785e-01
 -2.2900763e-01
 -1.3537908e-01
 -3.1781578e-01
  1.7107192e-01
 -9.2468038e-02
 -8.2400545e-02
  2.5879532e-01
 -2.6233354e-01
 -2.0786840e-01
  7.6030225e-02
 -4.9975801e-01
  1.0634178e+00
  1.7637347e-01
  1.3008595e-01
  1.4510514e-01
  1.8598603e-01
 -2.6084146e-02
 -1.2017034e-01
 -3.2393947e-01
 -9.7367235e-02
 -3.2244451e-02
 -2.2134151e-01
  3.0153450e-01
  4.8881691e-02
  1.8067712e-01
  1.1020469e-01
 -1.0321444e-01
  2.9811174e-01
  6.8776146e-02
 -1.1315627e+00
 -3.4148198e-01
  2.3189878e-01
 -6.8256515e-03
 -6.7152023e-01
 -4.5133989e-02
 -7.5729215e-01
  1.3266110e+00
 -1.4140472e-01
  3.7675381e-02
  3.3228913e-01
 -9.3464501e-02
 -1.2472673e-01
  1.6712148e-01
  1.0832755e-01
  7.6797187e-02
 -1.1735772e-01
  2.5934294e-01
 -1.5849952e-01
 -3.8539715e-02
 -6.8731554e-02
 -4.2489495e-02
  2.0788255e-01
  1.3646957e-01
  2.5579887e-02
 -3.7230876e-01
  2.1738470e-01
  3.7430033e-01
 -2.6111199e-02
 -4.6446690e-01
 -1.1950431e-03
  3.6681775e-02
 -1.4130174e-01
 -5.3163391e-02
 -1.8528888e-01
 -1.2976910e-01
 -8.5907913e-04
 -1.3332456e-01
 -5.5600878e-02
  7.6439029e-01
  3.1021231e-01
  2.2900444e-01
 -2.3100123e-01
  1.1185139e-01
  5.1614370e+00
 -4.2509302e-02
 -2.5547603e-01
 -3.9016443e-01
 -7.0269711e-02
 -9.5102972e-01
  7.0300490e-02
 -4.4362869e-02
 -4.6204627e-02
 -2.8338093e-01
 -2.9667594e+00
  4.3516132e-01
  7.5072354e-01
  1.8919704e+00
  9.4190694e-02
 -1.3330067e+00
  1.3454648e+00
 -1.1467943e+00
  1.0658268e+00
 -3.4232158e-02
  6.7632192e-01
 -2.3981962e-01
  1.8479130e-01
  7.0288455e-01
 -2.6271680e-01
  5.5407488e-01
  5.4276568e-01
 -4.7503185e-01
 -3.0941945e-01
 -3.2833368e-01
 -1.6146468e-01
  5.3478185e-02
  5.8704728e-01
  2.9577661e-01
 -5.5999700e-02
  5.0453079e-01
  2.0813520e+00
 -1.7033498e-01
  5.3844411e-02
  8.6887106e-02
 -2.9413629e-01
  5.4340601e-01
 -5.1978350e-01
 -3.6675641e-01
 -4.5721117e-02
 -1.2987912e-01
 -8.0445248e-01
 -1.2526932e-01
  3.5892878e+00
 -5.3204232e-01
  7.9088593e-01
  2.4535529e-01
 -1.1325632e+00
 -4.8220873e-02
 -4.7253409e-01
 -1.6415289e-02
  1.1202905e-01
 -1.1137810e+00
 -5.7735026e-02
  8.6121015e-02
 -1.4465095e-01
  1.7747808e+00
  3.6488453e-01
 -1.1870869e-01
 -6.9813736e-02
  1.3615572e-01
  1.2425532e-01
  1.0845855e-01
  1.2251047e-01
 -2.2415553e-01
  4.0191236e-01
  1.2906055e-01
 -1.6680148e-01
  1.9093618e-01
 -2.0065103e-01
  1.6590327e-01
  8.6657214e-01
 -4.8963609e-01
  1.6823733e-01
  4.0130982e-01
 -3.6412364e-01
  8.0086894e-02
 -3.7449218e-02
  1.0102647e-01
  9.3232743e-02
 -7.0721768e-02
 -1.0638951e-01
  2.7895674e-01
  1.4821772e-01
  1.7530347e-01
 -6.0349606e-02
 -2.0352770e-02
  2.0558897e-01
  3.3735272e-01
  2.7786219e-01
 -1.8786255e-02
  3.2515410e-02
  1.4526100e-01
  1.8284948e-01
  5.5843722e-02
 -2.6104400e-02
  5.9201539e-01
  5.9390616e-02
  1.6815069e-01
 -4.5889375e-01
  9.6877772e-01
 -2.7359426e-01
 -1.5573861e-01
  5.2920785e-02
  8.9617930e-02
  3.9809102e-01
  2.0587613e-01
  7.7499591e-02
 -2.6796162e-01
  2.0551971e-01
 -3.3181638e-02
  9.3372345e-02
 -3.6287978e-01
  9.6586861e-02
 -1.2600318e-01
  1.8319324e+00
  6.4053941e-01
 -3.0211949e+00
 -1.1921306e+00
 -4.0274829e-01
  1.5687196e+00
  3.4662335e+00
  3.2790072e+00
  8.9051105e-02
 -1.4546490e+00
 -1.5705425e-01
 -2.1642976e+00
 -3.6807653e-01
  4.6273112e-01
  2.7648754e-02
  1.9982773e+00
  1.4114373e+00
  4.8963261e-01
 -1.1069980e+00
  7.4171638e-01
 -1.8720844e+00
  4.3286702e-01
 -4.3069124e-02
 -9.7558159e-01
  4.0357237e+00
 -1.5551670e+00
 -2.5377593e+00
  5.1036668e-01
 -1.4663815e-01
 -8.4835971e-03
  2.4417787e+00
 -2.4547975e+00
  4.1696906e-01
  5.7838564e+00
 -1.7679832e+00
 -7.4793565e-01
  5.6926250e-02
  1.4030123e-01
 -1.4641277e+00
  5.3375578e-01
 -1.1923399e+00
  3.6065036e-01
  3.4103162e+00
 -7.2395819e-01
  7.2511870e-01
 -2.6323187e-01
  1.6896909e-01
  1.8690987e+00
 -4.0794328e-01
 -2.7276072e-01
  1.4430175e+00
 -5.5759352e-01
  5.2894688e-01
 -2.2626872e-01
  9.4743945e-02
 -6.4752162e-01
  2.5092992e-01
 -5.1417989e-01
 -2.3561478e+00
 -3.1843287e-01
  3.8697973e-01
 -4.6764971e-03
 -7.5331315e-02
 -2.1694441e-01
  3.2116801e-01
 -2.6716977e-02
 -1.2825742e-01
 -1.0517290e+00
  4.6358138e-02
 -4.2623408e-02
  8.2949251e-02
  8.1648216e-02
  1.5006943e-01
  6.5914875e-01
  6.3222207e-02
 -1.1207341e-01
 -5.0453043e-01
 -1.2704103e-01
 -1.5267707e-01
 -2.8458092e-01
  7.1752690e-02
  2.3904660e-01
 -2.2979658e-02
  3.2843438e-01
 -2.8110266e-01
 -2.9655042e-01
 -5.9031937e-02
  9.0605825e-02
 -1.4986657e-01
  1.7029646e-01
  3.2559010e-01
 -3.2726798e-02
 -1.5619399e-01
 -5.3615189e-01
 -4.8394182e-01
 -2.1236716e-01
  1.7818131e-01
 -1.9456238e-01
  1.5654251e-01
  3.8550675e-02
  1.5647770e-01
 -1.6526993e-01
 -1.6143110e-01
  4.4818986e-02
  2.3700064e-01
 -3.8308769e-01
 -5.7501894e-01
 -2.1082850e-01
 -1.7792348e+00
  7.3443848e-01
 -8.3387053e-01
 -2.5138168e+00
 -2.8667624e+00
  1.7653065e+00
 -6.1687309e-01
  4.8483548e-01
 -8.2888633e-02
 -9.4487393e-01
  2.1726792e-01
  4.7354278e-01
  5.7025731e-01
  5.9826726e-01
 -7.2350211e-02
 -1.7094781e+00
  1.2910266e-02
  1.2904015e+00
  2.3010711e-01
  1.1294957e+00
  8.2050377e-01
  3.6483960e+00
  9.2529052e-01
  1.6607713e-02
  3.4100693e-01
  1.3208283e-01
  7.0480549e-01
 -7.7189738e-01
  5.8776015e-01
  3.5168260e-02
  9.9377358e-01
  7.7244234e-01
 -3.5457230e-01
  6.0060138e-01
 -1.2831661e-01
  7.1159619e-01
 -2.1552733e-01
  4.7667539e-01
  1.0465245e-01
  7.8740233e-01
 -3.1081027e-01
  2.4648221e+00
 -2.9903421e-01
 -1.1642202e-01
 -7.6315892e-01
  2.3011120e-01
  5.0229245e-01
  2.4404673e-02
 -7.6917285e-01
  9.6427523e-02
 -6.7081445e-01
 -3.2731857e-02
 -8.5170484e-01
  2.4620934e+00
 -6.2306982e-01
  2.3575099e+00
 -1.7640601e+00
  4.8272768e-01
  5.0569038e+00
 -8.3712220e-01
 -9.8850477e-01
  5.1693618e-01
  1.1038495e+00
  1.1231414e+00
  5.9318513e-01
  6.7840928e-01
  1.3828310e-01
 -2.4191336e-01
  6.0391854e-02
 -8.3428144e-01
  2.3172602e-02
 -7.3156804e-02
 -6.1275089e-01
  2.2513774e-01
 -3.7577334e-01
  4.0894923e-01
  5.1540881e-01
 -3.0656642e-01
  1.1195788e+00
  9.5122717e-02
  1.1699268e+00
  3.5719308e-01
  3.8092956e-01
  4.5587093e-01
  6.9994628e-01
  2.4628954e-02
  6.7889993e-03
  1.4066364e-01
  1.6776745e-01
  9.2677109e-02
 -4.7943538e-01
  3.8063043e-01
 -4.4313698e+00
  2.9020277e-01
 -3.1797367e-01
  1.3607213e-01
 -2.2155261e-01
 -2.0030451e-01
 -5.8949363e-01
  2.8681287e-01
 -1.1785974e-01
  1.5809642e-02
  3.0310331e-02
 -2.3231147e-01
  1.4861932e-01
 -1.5029281e-02
  5.6252398e-02
 -2.2298805e-01
 -2.9108313e-01
 -2.1226434e-01
  1.4128110e-01
  2.2685753e-01
  1.2437836e+00
 -6.1985546e-01
 -3.9800695e-01
  9.6317329e-02
 -9.0539031e-02
 -7.6608941e-02
 -2.4461818e-01
 -1.9153525e-01
  4.7497883e-02
  3.1518281e-01
  4.2757507e-02
  9.8203339e-02
 -2.1923280e-01
  6.7112136e-01
 -1.1009008e-01
 -6.3646361e-02
  3.6429021e-01
  3.7768778e-01
  1.3569207e-01
 -1.5863739e-01
  4.0882000e-01
 -3.3825511e-01
 -1.4939138e-01
 -2.1343967e-01
 -1.9073790e-01
  4.5261931e-01
  7.3003687e-02
  2.8367093e-01
  1.7150798e-01
  7.2942056e-02
  1.6060266e-01
  1.3357002e-01
  1.4306001e-01
  4.3682751e-01
  3.2174963e-01
  1.3896126e-01
 -1.2364490e-01
 -6.4583838e-01
 -2.3188218e-02
 -3.3018708e-01
  1.2533302e-02
  1.9657444e+00
 -8.9461908e-02
  3.5400158e-01
 -1.7179289e-01
 -1.2806691e-01
 -1.2100931e-01
 -9.8692238e-02
  9.6578836e-01
  3.7447059e+00
 -2.1515332e-01
  2.4712243e+00
  1.8422171e+00
 -9.8162514e-01
 -2.9178743e+00
  9.3531150e-01
  1.0867739e+00
  1.6335263e+00
 -8.5508293e-01
  1.8711878e-01
 -1.0700330e+00
 -1.2665273e-01
 -1.4745805e+00
 -2.1465387e+00
  4.2765233e-01
  4.7385910e-01
  1.4739261e+00
  3.3524904e-01
  1.4360231e+00
  2.0982498e-01
 -2.9774408e+00
 -7.6420414e-01
 -6.1826700e-01
 -2.9726157e-01
 -2.5436282e-01
 -4.3881416e-01
 -1.4290745e+00
  3.3502623e-01
  9.4135508e-02
 -7.0551090e-02
  2.6739833e-01
 -5.9268039e-01
 -1.4107487e-01
  1.3375890e+00
 -5.9509820e-01
 -6.7754173e-01
  2.4771637e-01
 -3.9558613e-01
  2.9958818e+00
 -9.8944926e-01
 -6.4537246e-03
 -2.0893766e-01
  9.1828638e-01
  4.0714692e-02
  5.9599993e-03
  7.1976846e-03
 -3.6031657e-01
  6.9213700e-01
  6.9783982e-03
  1.4696704e-02
  1.6795148e-01
 -3.2929868e-01
  1.9929384e+00
  3.2641125e+00
 -9.7021943e-01
  2.4446645e+00
 -4.2962875e+00
 -6.8746942e-01
 -5.2834046e-01
 -2.6073165e+00
  9.5490223e-01
 -1.5470399e-01
 -4.0176696e-01
  4.5722926e-01
  5.4711729e-01
 -1.2613007e-01
 -2.2112486e+00
 -1.1948845e+00
 -1.6561295e-01
 -3.0669382e-01
 -4.2640400e-01
  6.5198034e-01
  3.2583285e-02
 -8.1393200e-01
  6.5769124e-01
 -1.9964632e-01
  2.8577191e-01
  8.8593113e-01
  9.4894469e-01
 -4.0821713e-01
  5.7608998e-01
 -3.1632841e-01
  7.4533038e-03
  1.9215858e-02
 -2.6007044e-01
 -1.2289711e+00
  3.6329609e-01
  1.0113969e+00
  3.0055124e-01
 -5.0615516e-02
  6.4191705e-01
 -5.0338045e-02
  1.9856232e-01
 -2.7706830e-02
 -2.4428244e-01
  2.9919949e-01
 -2.7736655e-01
 -4.3844196e-01
 -2.9523119e-01
  1.1577136e-01
 -3.5619780e-01
 -3.1586850e-01
 -1.5286908e-01
 -3.7580222e-01
 -1.3048941e-02
  7.9897243e-01
 -5.4969776e-01
 -1.7314894e+00
 -1.1246715e+00
 -6.4950210e-01
  1.2469975e+00
 -8.6162853e-01
 -4.0902746e-01
 -3.3686799e-01
  2.2978733e+00
 -9.3490487e-01
 -8.1123340e-01
  7.6149285e-01
 -1.1709356e+00
  1.3778183e-01
  1.7882869e-01
  1.1339540e+00
  4.7507855e-01
  2.1556749e+00
 -8.3205259e-01
 -1.1002550e+00
  5.6521320e-01
  1.2934605e+00
  1.6343393e+00
  6.5496802e-02
 -1.0486584e-01
 -1.2968879e+00
 -2.3977518e+00
 -1.0163817e+00
 -1.4052106e+00
  3.6868119e-01
 -2.8607693e-01
  3.7250468e-01
 -8.7092274e-01
  6.0934043e-01
  2.2500372e-01
 -1.8860934e+00
  1.0332599e+00
 -5.1607198e-01
 -6.8249106e-01
  1.2169346e+00
  7.6345605e-01
  2.9756868e-01
  1.4492974e+00
  4.3950382e-01
 -1.2060076e+00
 -5.1469451e-01
  1.8781459e+00
  5.1947224e-01
 -2.3996226e-01
 -7.7102470e-01
 -5.8681303e-01
  1.0802585e+00
 -4.3105370e-01
 -1.2104850e+00
  1.1811000e-01
 -8.9502138e-01
  9.2783928e-02
 -3.9370310e-01
  1.4312072e+00
  7.4589245e-02
 -2.8310865e-01
  2.0373195e-01
  3.9436030e+00
  2.4046101e-01
 -2.1444054e-01
  2.4038468e-01
  3.3325699e-01
 -2.9106748e-01
 -4.3473166e-01
 -6.9981366e-02
  7.6406956e-01
 -6.3575530e-01
  2.4640895e-01
  8.0970060e-03
 -2.5326636e-02
  2.8537688e-01
  1.9710688e-03
  1.8514472e-01
  2.9827416e-01
  2.3592691e-01
  6.4658350e-01
 -2.3262453e-01
  5.1464045e-01
  1.9984241e-01
 -3.0511659e-01
  1.1570388e-01
  2.4188644e-01
  1.1905582e-01
  1.0810948e-02
  5.6060779e-01
  1.0565864e-01
  1.7082840e-01
 -2.2583060e-01
  3.2270163e-01
  1.0276411e-01
 -3.3645399e-02
  1.6308002e-01
  2.2907345e-01
  1.7355170e+00
  2.0628415e-01
  1.0587858e-01
 -6.7156188e-02
 -1.4074402e-01
 -1.3222629e-01
  2.2393835e-01
  3.7777907e-01
  2.7228320e-02
  1.9614792e-01
  4.7476612e-02
 -2.6460209e-01
 -1.1425285e-02
  1.1431371e-01
  1.1112589e+00
 -2.4921300e-01
  4.7504853e-02
  3.0204177e-01
  3.5786863e-02
 -2.0650974e-01
  4.9615443e-02
  3.3088394e-02
 -1.2849973e-01
  1.9359364e-01
 -2.9743323e-01
  2.6314808e-03
 -1.7672813e-01
 -3.8954845e-01
  5.3090882e-01
 -3.2350937e-01
  2.3062867e-01
  1.3919614e-01
 -2.5842899e-01
 -7.5738376e-01
 -1.3503176e-01
 -1.4770779e-01
  3.1262986e-02
 -3.3719099e-01
 -5.4977554e-01
 -7.7803306e-02
 -3.6491048e-02
 -8.5275477e-01
  8.8922709e-02
  8.7813896e-01
  1.2104091e-01
  3.2284859e-01
 -9.6060529e-02
 -7.4378394e-02
  9.9239163e-03
 -1.7429201e-01
  2.5375080e-01
 -1.3741173e-01
 -1.8076061e-01
  4.8905984e-02
 -3.7963009e-01
  4.8188757e-02
  3.1403229e-01
 -1.4165404e-01
 -2.5886711e-01
 -3.8191341e-02
 -3.0513687e+00
 -3.9653909e-01
  1.7165815e-03
 -1.1827383e-01
 -3.2552975e-01
 -1.0508984e+00
  4.4283989e-01
 -8.4724063e-01
  1.3507612e+00
  6.1370265e-01
  1.7827201e+00
  6.6371447e-01
  4.8677787e-01
 -3.6014315e-01
 -7.9974645e-01
  6.2891491e-02
  3.7497571e-01
  3.5812673e-01
 -2.2280543e-01
  4.1047689e-01
 -1.5800543e-01
 -1.1342455e-01
  1.8264606e+00
  1.4284694e-01
  2.0045507e-01
  1.0068161e+00
  8.4202334e-02
 -6.1246532e-01
  1.4520693e-01
  1.7173749e-01
 -8.4707081e-01
 -9.7632632e-02
  4.5833805e-01
 -2.0393509e-01
 -2.0221536e-01
  2.5995642e-01
  2.6978388e-01
  3.7127993e-01
  2.3705705e-01
  5.9612381e-01
  6.7238444e-01
  2.4502388e-01
 -5.5380267e-01
  2.8681415e-01
  4.6740723e-01
  1.8183647e-01
 -3.3379219e-02
  2.1357179e-02
  2.2376165e-02
 -3.6598101e-01
 -4.8079881e-01
  5.5744034e-01
  1.6884385e-01
 -8.7002449e-02
 -1.4776546e-01
 -1.6188903e-02
 -2.4420744e-01
  6.5165214e-02
 -4.7806364e-01
 -1.0914069e-01
 -6.5340692e-01
 -2.4801308e-01
 -4.9241152e-02
  1.3313726e-01
  1.0438412e-02
  1.5130131e-01
 -4.8417091e-01
 -1.0265821e-03
  8.5761279e-02
 -3.4223574e-01
  1.2035835e-01
 -2.9282294e-02
 -4.6320558e-02
  2.0419884e-02
 -1.9187209e-01
 -2.7236678e-02
  1.3419715e+00
  9.5480138e-01
 -6.1872965e-01
  7.2835200e-02
 -1.2953123e-01
  2.2183335e-01
 -5.8038428e-02
 -4.4579583e-01
 -1.7846951e-01
 -4.6065208e-01
  1.2192519e-01
 -6.0061681e-01
 -2.7646890e-01
 -5.2110985e-02
 -1.0834838e-01
  2.9384470e-01
 -1.2077978e-01
  2.9656848e-01
 -4.5241153e-01
 -4.9383961e-02
  1.0648269e-03
 -1.2781887e-01
 -5.9190430e-02
 -9.9163629e-02
  2.2892945e-01
  7.6726325e-02
 -1.2279500e-01
 -1.4920071e-01
 -2.0905907e+00
  7.8032631e-03
  1.1839812e-01
  3.7855048e-02
  4.2068276e-01
  1.1445619e-01
  1.4000161e-01
  2.5174618e-03
  4.0191004e-01
 -1.1561976e-01
  1.1072214e-02
  3.4857452e+00
 -7.8587735e-01
  1.4874236e-02
 -2.5256014e-01
  1.0115442e-01
 -3.5437834e-02
 -1.5674267e+00
 -7.2298139e-02
  1.3607538e-01
 -4.5037430e-02
 -2.2283232e-01
 -1.1129154e-01
  8.8886827e-02
  3.7320029e-02
 -1.0788850e-01
 -2.0053574e-01
  4.0132278e-01
  1.5100236e-01
 -6.0764529e-02
  1.9848377e-03
 -2.0197688e-02
  7.7619642e-04
  6.7381158e-02
  2.2150411e-01
 -1.5019782e-01
 -4.5445446e-02
  1.4651692e-01
  1.8424159e-01
 -2.1925206e-01
 -1.6310699e-02
  8.6578017e-01
  1.2595102e-01
 -5.6112736e-02
 -3.9003558e-02
  6.2731244e-02
  6.7260618e+00
 -5.7676073e-02
 -8.2430756e-01
  2.0892188e-02
  1.8984695e-01
  4.8543211e-02
 -5.1452100e-01
 -7.3052153e-02
  2.4257758e-01
  1.1578692e-02
  3.7334222e-01
 -1.3675046e-01
  3.2116961e-01
 -7.3712759e-02
 -2.1954471e-01
 -8.3528876e-02
  5.2403733e-02
  4.0799186e-01
 -3.3860209e+00
  2.1224713e+00
 -1.7494433e+00
 -3.9068468e+00
  1.2937686e-01
  1.1670458e+00
 -2.0650458e+00
  5.6983586e-02
 -1.4702067e+00
 -1.5311515e+00
 -7.0443892e-01
 -7.9434818e-01
  1.3284060e-01
 -2.2040762e-01
  7.1189773e-01
  1.1458673e+00
 -6.5498400e-01
 -7.2859997e-01
  1.8417247e-01
 -7.0964694e-01
  1.8083337e-01
 -7.8570348e-01
 -9.1548979e-01
  4.6751362e-01
 -9.0641356e-01
  4.2313597e-01
 -1.7037969e+00
  3.5105485e-01
 -3.4884852e-01
  4.5097336e-01
  1.3636966e-01
  6.1199176e-01
  1.2731561e-01
  2.7807000e-01
 -1.9298483e-01
  2.0296396e-01
 -2.2711085e-02
 -3.8654923e-01
  2.8573877e-01
  1.0391173e-01
  6.6566348e-01
  8.4862041e-01
  6.8733370e-01
 -1.1278565e-01
 -2.6575884e-01
  2.3980387e-02
 -1.2304246e-01
  8.7084927e-02
  2.7962929e-01
 -5.0672650e-01
  1.1275855e-01
 -2.9806923e-02
  1.0829548e-02
  2.3011059e-01
  1.0192558e+00
  3.6132762e+00
  1.4455411e+00
  2.6018484e+00
 -1.7506711e+00
  2.2456803e+00
 -4.8433673e-01
 -4.0876201e-01
 -5.4150760e-01
  9.3434775e-01
  4.5211035e-01
  3.7156010e-01
  1.2565702e+00
  4.4603279e-01
  8.6745387e-01
 -3.5412621e-01
  3.5189775e-01
 -2.2970067e-01
 -2.5918713e-01
  4.0305847e-01
  1.1157876e+00
  1.1005220e+00
  2.5996169e-01
  6.1319482e-01
  5.0629532e-01
 -1.8013081e-01
  2.3039743e-01
  1.1507672e+00
  3.1634007e-02
  6.9931310e-01
 -3.6040074e-01
 -3.6007118e-01
 -3.5208917e-01
 -9.7601098e-01
 -6.8093151e-02
  3.5992160e-01
  2.3914149e-02
  2.0593817e+00
 -4.1743824e-01
  2.6951414e-02
  9.1495317e-01
 -2.2131490e-02
  8.0807674e-01
 -2.8131419e-01
 -1.2122241e-01
  1.4444138e-03
  5.4224640e-02
  3.2170492e-01
  5.4930985e-02
 -3.7980504e-02
  1.5685381e-01
 -1.6344717e-01
  9.0324455e-01
 -1.9225674e+00
 -4.9446762e-01
 -7.5057685e-01
 -1.4064232e+00
 -1.6289351e+00
  4.9701378e-02
 -4.8545858e-01
  6.8932140e-01
  2.1998954e+00
 -1.3590298e+00
 -2.0220649e-01
 -1.0457009e+00
 -8.8801920e-01
 -1.4377620e+00
 -5.2944255e-01
  5.6908625e-01
  1.1605750e-01
  1.6432903e+00
 -1.6797045e-01
  6.6910245e-02
 -4.5373988e-01
 -5.9427557e+00
  7.4851841e-01
  2.4924269e-01
  6.5534657e-01
  2.9682267e-01
 -2.7041671e+00
 -3.5876352e-01
 -1.2503383e-01
 -3.8127702e-01
  1.3893808e+00
 -4.4113249e-01
 -3.5431597e-01
  2.9340681e-01
  6.5698065e-02
 -8.3903468e-01
 -7.9048954e-02
  1.1230212e-01
 -6.7529541e-01
 -1.4182349e+00
 -3.1049705e-01
 -1.3709291e+00
  3.7906700e-01
 -4.2574403e-01
  4.1550852e-02
  1.0206022e-01
  2.3693757e-01
  3.5129853e-02
  2.1662915e+00
 -3.8085288e-01
  6.1995476e-01
 -1.6730620e-01
  4.3567380e-01
 -2.0777466e+00
  1.0799193e+00
 -2.1837301e+00
  3.0477304e+00
 -1.5887197e+00
  2.5012872e+00
 -2.1182564e-01
 -3.5354915e+00
 -1.6589301e+00
  1.7211567e-01
  2.8892571e-01
  9.8057479e-01
  4.3886837e-02
  1.1214281e+00
  2.4969801e-01
 -1.1733685e+00
  2.9292175e-01
 -2.5809351e-03
  2.6255703e-01
  1.2001854e+00
  3.3268499e-01
  9.0777117e-01
  5.0063848e-01
 -1.0575507e+00
 -9.4496943e-02
  7.5811315e-01
  1.5516423e+00
  3.2805860e-01
  1.5007299e+00
  2.8527290e-01
  1.8614209e-01
  8.2819855e-01
 -2.2124076e-01
  2.0200874e-01
  3.2800302e-01
  1.5883107e+00
 -2.8307682e-01
  4.3068707e-01
  3.7988409e-01
  3.5271284e-01
  2.4767368e-01
  4.8577976e-01
  2.4108432e-01
  1.3777140e-01
 -8.1602174e-01
 -3.1098282e-01
 -4.8392674e-01
  3.5018258e-02
 -1.6316687e-01
  1.6195477e+00
  7.1224220e-02
 -3.0840489e-01
 -6.8972737e-01
  4.1997704e-01
 -1.7616419e-01
  4.2845719e-02
 -1.8566769e-02
 -1.1479762e-01
 -4.7256868e-02
  1.5044336e-01
  4.0681463e-01
 -2.7319491e-01
 -1.2390431e+00
  1.1057924e+00
 -4.9207907e-02
  1.3394580e+00
 -1.4010897e-01
  7.7749349e-02
 -3.6441367e-02
  1.7919013e-02
  2.6467270e-01
  7.9083204e-02
  9.8759674e-02
  1.6253723e-01
  5.7281315e-02
 -7.2503664e-02
 -7.7812165e-02
 -1.2389068e-01
  7.5328231e-02
 -1.9393252e-02
  1.6622305e-01
 -6.9959342e-02
  4.1241817e-02
 -1.4371561e-01
 -9.7384550e-02
  2.2255978e-01
 -1.0388627e+00
 -1.9562320e-01
  1.3965948e-02
  2.6941019e-01
 -1.6838874e-01
 -3.0352259e-01
 -9.1974854e-01
 -2.9332223e-03
  3.5244626e-01
  2.2385062e-01
 -1.6767165e-01
 -4.0568780e-02
 -6.7850821e-02
 -1.0027080e-01
  2.7944922e-01
 -9.4186485e-02
 -3.1305626e-02
  1.3401052e-01
 -1.8472172e-01
  6.5587834e-02
 -9.3446058e-01
  5.4719735e-02
  1.9659500e+00
 -1.7244498e-01
  9.5547658e-01
  1.6482354e+00
  1.1796249e-01
 -1.2333653e+00
 -1.6433904e+00
 -1.4898626e+00
  9.9367952e-01
 -1.6329253e+00
  2.1777177e-02
  7.0752418e-01
 -1.1159056e-01
 -2.8808558e+00
 -4.4040650e-01
 -6.9069117e-02
  6.2258691e-01
  8.8665485e-03
 -2.9960418e+00
 -3.6488360e-01
 -1.9338715e-01
 -1.0250753e+00
 -1.2168434e+00
 -1.0658630e+00
 -4.9357203e-01
  1.1274968e-02
  6.6113722e-01
 -1.4059898e+00
  8.9201772e-01
 -5.1449146e+00
  1.9823225e-01
 -3.7632918e-01
 -2.0443712e-01
  2.1406345e-02
 -5.3704584e-01
  1.0977875e+00
 -4.6543261e-01
  2.7592608e-01
 -4.3099236e-01
 -1.2701726e-01
 -3.6159196e-01
 -3.0738065e-01
 -7.7836537e-01
  4.6924993e-02
  3.2595381e-01
  1.8025409e-01
  2.3539965e-01
  4.8719160e-02
 -4.7020504e-01
 -1.5802529e-01
  1.7314395e-01
 -8.6080670e-02
 -2.2653626e-01
 -3.6839306e-01
 -1.6891230e+00
 -5.2182999e-02
  1.9691645e-01
  5.8250785e-01
 -4.7960454e-01
  1.9394819e-01
 -8.6981624e-01
  5.0910157e-01
 -1.8185557e-01
 -4.1785556e-01
 -5.8572646e-02
 -1.5356961e-01
 -4.5690975e-01
 -1.0892572e-01
 -3.1480199e-01
  6.0764021e-01
  3.8249737e-01
  2.7827165e-01
  5.3299171e-01
 -5.2352220e-01
  4.9573997e-01
  8.0213428e-02
  2.9265836e-01
  4.0089110e-01
  2.9804227e-01
 -3.7667513e-02
  1.7267908e-01
 -5.0047857e-01
  3.8373923e-01
 -1.3995656e-01
 -1.2489279e-01
 -3.5556222e-03
  3.4189153e-01
  2.1882139e-01
 -7.7255048e-02
  4.1838604e-01
  9.4144732e-02
  4.0352497e-01
 -3.3556521e-01
  2.1193074e-03
  3.0467886e-01
  4.3351209e-01
  2.6065228e+00
  1.1580703e-01
 -1.1134961e-01
  3.9970305e-02
 -1.3640730e-01
  1.8426870e-01
  4.8299097e-02
  4.0373453e-01
  1.8664110e-02
  2.6571843e-01
 -2.1144293e-01
  9.1758746e-01
 -1.4075264e+00
  6.4133453e+00
  7.2467959e-01
  3.4071362e+00
 -1.1767627e+00
 -4.8177066e-01
  7.4329776e-01
  2.9280915e+00
  5.3969413e-01
  2.4709938e+00
 -9.7635275e-01
  1.6276270e-01
 -7.1616447e-01
 -3.8294449e-02
 -6.1929846e-01
 -1.7800647e-01
  2.8826633e-01
 -2.2877572e+00
  4.6318421e-01
 -1.0766196e+00
 -1.8007794e-01
 -5.6851590e-01
  2.1906464e+00
  7.6747662e-01
 -2.9041433e-01
  3.0658364e-01
  1.8774162e-01
  5.3817723e-02
  9.7058976e-01
 -6.6536558e-01
 -6.9756991e-01
  4.2578748e-01
  3.0557856e-01
 -1.0331136e+00
 -9.1613919e-02
  9.9365813e-01
 -8.9131421e-01
 -6.7445850e-01
 -3.8129556e-01
 -8.5562152e-01
  8.1573480e-01
 -2.8509758e+00
  1.3453835e+00
 -2.4372786e-01
  9.0004396e-01
 -3.2889447e-01
 -2.1918939e-01
  2.3465143e-01
 -3.3736560e-01
  5.5060685e-01
  6.3452572e-02
 -7.2374028e-01
 -1.0798305e-01
 -1.8622546e-01
 -9.4716914e-02
  1.3172889e+00
  1.0218827e+00
  1.6014487e+00
 -2.1769788e+00
 -2.1476641e+00
  2.2105625e-01
  2.6051319e+00
  2.3705642e+00
 -6.6619128e-01
 -1.6669265e+00
 -1.9848777e+00
 -2.0310318e+00
  6.1488110e-01
  2.1193066e+00
 -1.4396011e+00
 -8.1748746e-02
  2.0292666e+00
 -5.2752453e-01
 -7.0916784e-01
 -2.0885637e+00
 -2.2146823e+00
 -6.5253568e-01
 -2.7736237e+00
  4.1935480e-01
  6.0468888e-01
 -3.6228889e-01
  6.6634201e-02
 -4.6929131e+00
  4.8418558e-01
 -7.0536280e-01
  1.4336870e+00
  3.1277041e+00
  1.7345695e-01
 -5.3227651e-01
  1.2710986e-01
  5.7811183e-01
  6.1640191e-01
 -1.1575482e+00
 -2.1759734e+00
  4.1494921e-01
  6.3777214e-01
  1.9975395e+00
  2.3216636e+00
  2.0101140e+00
  1.6261663e+00
  3.0006015e-01
  1.5974724e-01
 -2.3991585e+00
 -1.4969325e+00
  1.3496833e+00
  1.0796764e-01
 -2.0328333e+00
  1.5879509e+00
  2.5838981e+00
  2.5263938e-01
  1.3617489e+00
 -2.9589880e-01
 -3.6308584e-01
 -3.3012441e-01
 -1.1735308e+00
  1.4657955e+00
 -2.4478610e+00
 -1.6360012e-01
 -1.2411650e+00
  7.0543212e-01
 -1.8008993e+00
  1.0381063e+00
 -3.7942290e-01
  1.1874536e+00
  3.4863331e+00
  1.9744332e+00
  1.1645504e+00
  3.4601321e+00
 -3.3200903e+00
 -9.6021789e-01
 -7.2451705e-01
 -1.4258035e+00
 -8.3625215e-01
 -8.8093001e-01
 -1.2163513e-02
 -5.9759337e-01
 -4.3310219e-01
 -6.8871349e-01
 -1.8435231e-01
  1.3665226e+00
  3.7282076e-01
  1.8219792e+00
  4.7652519e-01
 -1.0089333e-01
 -5.3718925e-01
  1.0266044e+00
 -7.3029649e-01
 -5.8983169e-02
 -2.8798169e-01
  6.4184630e-01
  7.5119711e-03
  6.8045354e-01
 -2.7028518e-02
 -1.7630734e-01
 -8.4921211e-02
 -9.8266184e-01
 -2.5228878e-02
  2.2380514e+00
 -4.6894592e-01
  2.4695519e-01
  4.3092155e-01
  1.9216431e-02
 -3.0826485e-01
  2.6418948e-01
  9.7131282e-02
 -7.0230681e-01
 -2.8260529e-01
 -6.3911535e-02
  3.5649595e-01
  1.4887859e+00
 -2.4357416e-01
 -2.8493455e-01
 -2.1795864e+00
 -6.8775260e-01
 -4.6715226e-02
  6.0658019e-02
 -4.2622134e-01
  1.8116019e+00
  1.1504804e+00
  2.2821303e-01
  9.4517124e-01
  8.2570575e-02
  1.3263258e-01
  4.1498471e-02
  1.9992088e-01
 -5.5710447e-01
  2.6944854e+00
 -6.3544983e-01
  1.2640280e+00
  3.0401332e-02
  7.2773956e-02
  1.0294393e-01
 -7.9023093e-02
 -2.7287209e-01
 -4.6722394e-01
  3.7275577e-01
  1.4840406e-01
  6.4017512e-02
 -9.0461624e-01
 -1.6398048e+00
  1.7517363e+00
  1.0593799e-01
 -1.9706424e-02
  1.8578631e-01
  4.7732252e-01
 -1.8255517e-01
  2.6273565e+00
 -4.9334720e-01
 -1.7379001e+00
  1.6128267e-01
  7.1100429e-02
 -1.5446784e-01
  3.2474759e-01
  1.5274717e-01
 -1.7290740e+00
 -3.2645693e-01
  4.4769067e-01
  4.1760460e-02
  6.2656939e-01
  2.9869452e-01
  2.5065601e-01
  1.2574806e+00
  4.6087971e+00
 -4.5437199e-01
 -1.6255800e-01
 -1.6814287e-01
  1.0933319e+00
 -2.5720248e+00
  2.0978820e+00
 -4.2170563e+00
  7.1284813e-01
  5.2260198e-02
 -2.9521894e-01
 -2.0605446e-01
  5.6586647e-01
  4.7221135e-02
  5.4997932e-02
  9.5491417e-02
  5.0535262e-01
 -2.6433228e-02
  1.1692099e-01
  2.3245039e+00
 -9.2154133e-01
 -2.6603835e+00
 -2.6590714e+00
 -2.1612112e-01
 -4.4026031e+00
  5.6578326e-01
  8.3094263e-01
  8.0458093e-01
 -4.4384587e-01
  7.1000272e-01
 -2.0285528e-02
  4.1103107e-01
 -1.2808092e+00
 -3.9935014e-01
  3.1055522e-01
 -5.9953666e+00
  2.2209241e+00
  2.1777971e+00
 -8.9655704e+00
 -2.3027089e+00
  3.3485248e+00
 -6.9380218e-01
 -8.3576776e-02
 -1.0186714e+00
 -1.1198156e+00
 -7.4778575e-01
  1.0770849e-01
  1.5525141e-01
  1.4741207e+00
 -3.0438444e-02
  3.2663336e-01
 -1.7995037e+00
 -1.6617310e-01
 -7.6441532e-01
 -1.5700750e+00
  2.7029924e+00
  3.2314274e-01
  6.7918599e-01
  9.2484766e-01
  5.2548891e-01
 -2.3926735e+00
  1.7257103e+00
 -1.3830426e-01
  4.0559721e-01
  5.7842553e-01
  1.8910094e-01
  6.1499959e-01
  3.3895710e+00
 -2.1548159e+00
  9.3320554e-01
  1.0265574e+00
 -1.2078464e+00
 -2.8572299e+00
 -7.5549781e-01
 -9.8661935e-01
  4.0383441e-03
 -1.6408606e+00
 -4.4593886e-01
  2.6855931e-01
  3.1847364e-01
 -1.0887759e+00
  1.4833120e-01
 -1.3011033e-02
  3.4675779e+00
 -1.3365965e+00
  1.5742815e+00
  8.1471139e-01
  1.1455321e+00
  2.5536180e-01
 -1.7342387e-01
  5.4855353e-01
  2.7655393e-01
  1.8534185e+00
  2.7090803e-01
 -2.2565041e-01
  9.5735532e-01
  6.7036730e-01
 -4.9044505e-01
 -1.0454046e+00
  2.2810681e+00
 -4.8067927e+00
  1.0879842e+00
  1.2059097e+00
 -3.9140144e-01
 -6.5471476e-01
  3.4552136e-01
 -4.1951829e-01
  5.2398749e-02
  1.4270353e+00
  7.2250567e-02
  1.0499920e-01
 -2.1552344e-01
  4.7914019e+00
  5.5389017e-02
 -6.1720965e-04
 -2.3285270e-01
 -1.7893008e+00
 -1.7647145e+00
  9.9163759e-01
  2.5835142e+00
 -1.2147349e+00
  2.3461256e+00
 -3.0503631e-02
  9.2635566e-01
  1.4093550e+00
  2.5368276e-01
 -4.0056205e-01
  2.8512633e-01
 -1.3524914e-01
 -3.7490466e-01
  3.7289864e-01
 -8.0041158e-01
 -6.5443516e-01
  3.9933828e-01
  1.4882263e+00
  3.3140785e-01
 -1.6983852e+00
  2.5331521e-01
 -6.3482213e-01
 -6.2884659e-01
 -1.9544879e+00
  1.7175075e+00
  5.3072739e-01
  6.5201157e-01
 -4.8001575e+00
 -1.0094160e-01
 -2.9891400e+00
 -1.9553737e-01
  1.5950558e+00
  3.9548227e-01
 -4.5230050e+00
 -3.0624855e+00
 -1.6558119e+00
  1.2518057e-01
 -4.3472391e-02
 -4.8411787e-01
 -3.1865960e-01
 -5.2026522e-01
  3.2841597e-02
  1.3972888e-02
  2.3017204e+00
 -1.9138402e-01
  4.4795108e-01
  9.3911904e-01
  1.8294041e-01
 -2.3051651e+00
 -2.3177915e+00
  2.1836295e+00
 -3.3582978e+00
  9.2762262e-02
 -6.3026565e-01
 -4.1949773e-01
 -1.3140854e+00
  3.8482032e+00
  9.4084185e-01
  1.4951311e+00
 -1.0296535e+00
 -1.3661877e+00
 -2.7096274e+00
  1.0468092e+00
  1.0359010e+00
 -4.1543059e+00
 -2.0626042e-02
 -8.1878102e-01
  2.4919569e+00
  3.5979372e-01
 -1.2829614e-01
 -6.5706253e-02
 -1.8529741e+00
 -1.2589657e+00
  5.4299504e-02
 -1.1382270e-01
  2.4406257e+00
 -8.8105118e-01
  3.8002363e-01
 -1.7671026e+00
  1.9793701e+00
 -1.0069627e+00
 -3.3056480e-01
  4.2093420e+00
 -1.3746932e-01
 -2.5140764e-02
 -6.0280842e-01
 -3.1247127e-01
  3.0280044e-03
  3.2404926e+00
  8.2900393e-01
  6.3778639e-02
 -6.0461825e-01
 -6.9586742e-01
 -3.0754027e+00
 -4.0813837e+00
  3.7943270e+00
  1.1458542e-02
 -3.5089180e+00
 -1.4538507e+00
  3.0203819e+00
  1.0852030e-01
 -2.4953400e-01
 -4.9390653e-01
 -2.2294400e+00
  1.5637215e+00
  2.9497725e-01
  7.6089597e-01
 -2.1866372e+00
  1.1470323e+00
  3.5395321e-01
  2.3979492e+00
 -2.3694758e+00
 -2.2082667e+00
  5.0739074e+00
  1.5257043e+00
  1.1055855e+00
  2.2829591e-01
 -3.5800999e-01
  4.3190803e-02
 -1.0564651e+00
  1.5973983e+00
  1.2244258e-01
 -1.8447104e-01
 -3.8363099e+00
 -1.6844356e+00
 -2.0806341e+00
  4.5168695e+00
  3.0188456e-01
 -8.6399657e-01
 -1.5205022e+00
 -4.4644499e+00
  3.4423187e+00
  9.2475247e-03
 -1.1757604e+00
 -5.3437775e-01
 -1.1672907e+00
  1.8265827e+00
  6.4083803e-01
  3.8857278e-01
 -2.9989502e+00
 -1.0823690e+00
 -9.8003227e-01
 -1.5806421e+00
 -2.2225903e-01
  2.6593572e-01
 -1.8541840e+00
 -6.8432653e-01
  6.6885892e-03
  2.5013623e-01
  5.0205517e-01
  5.0535385e-02
  1.3619325e+00
  1.1479915e+00
  2.9285359e-01
  4.0934575e-01
 -3.2706614e+00
 -2.5901240e-01
 -5.3020322e-01
 -2.1218407e+00
  1.7195338e+00
  2.4265480e+00
 -1.1850535e+00
 -9.8328352e-01
  1.1239296e+00
  2.3153506e-01
 -2.8521219e-01
  1.2769561e-01
  1.6348482e+00
  3.6006242e-01
 -7.2205073e-01
 -2.0277572e+00
 -1.5362133e-01
 -5.7736003e-01
  1.5409992e+00
  3.8167651e+00
  1.0797219e+00
  3.1685531e+00
  1.9128112e+00
  2.0921865e+00
  7.9459816e-01
  1.7185171e-01
  1.3611169e-01
  2.8908947e-01
  1.1473751e+00
  1.8772645e-01
  7.5993069e-02
  4.6248041e-02
  1.6189080e+00
  7.2906255e-03
 -3.1017002e-01
  1.5167277e+00
  1.1914394e+00
 -1.2924838e+00
 -1.8899399e+00
 -4.2946320e-02
  3.6735604e+00
  2.1932791e-01
 -2.9610050e-01
 -2.6076004e-02
 -3.9344213e+00
 -1.3029469e+00
 -7.9289913e-01
 -1.4704869e+00
 -9.8129123e-01
  1.3680787e+00
  2.1215029e+00
 -1.6389756e-01
 -4.8202138e-02
 -1.1972016e+00
  2.2747314e+00
 -3.6288989e-01
 -7.9097050e-01
  2.0778517e-01
  6.0577726e-01
  5.7161641e-01
 -1.6675333e+00
  1.1622806e+00
  4.0991679e-01
 -3.1038246e-01
 -3.3596375e+00
 -7.7943486e-01
 -1.0086863e+00
  8.2762688e-01
  1.6606139e+00
 -2.3559394e+00
  7.3348961e+00
  3.9055830e-01
  2.8275015e-02
  1.7413637e-01
 -7.5067836e-01
 -4.1393813e-01
  4.4165051e-01
 -1.7261494e+00
 -8.5531658e-01
 -1.3948210e+00
  9.2284441e-01
  4.7450343e-01
  2.1974995e+00
  1.1731791e+00
  1.1272137e+00
 -7.4733347e-01
 -2.5564241e-01
  1.7851299e-01
 -6.3770711e-01
  1.1856975e-01
  5.6372201e-01
  6.6996700e-01
  3.4401236e+00
  4.7859216e-01
 -8.3188668e-02
 -5.0167662e-01
 -4.3695778e-01
 -4.8907462e-01
 -1.6080250e-01
 -4.2003831e-01
 -6.5907502e-01
  1.5071706e+00
 -1.2034250e+00
 -7.8192717e-01
  9.5673120e-01
  4.0141770e-01
 -1.9492653e-01
 -1.0066973e-01
  4.1142735e-01
 -5.0747979e-01
 -2.8291580e-01
 -1.3101875e+00
 -1.6735257e+00
  1.0934079e+00
  1.2368202e+00
  1.4123247e+00
  6.6902840e-01
  2.8781579e+00
 -6.7913699e-01
 -1.3577625e-01
 -1.0813913e+00
 -2.6414739e-02
  3.7454289e-01
 -4.1277356e-02
 -1.0410304e+00
  1.3767910e+00
 -7.7404815e-01
 -5.4877150e-01
 -1.6531621e+00
  2.3668624e-01
  1.4954443e+00
 -4.4793853e-01
  3.3111634e+00
  1.4208107e+00
 -9.1784239e-01
  5.6075704e-01
 -4.3333998e+00
  4.6256268e-01
  4.0174317e-01
 -1.2807362e-01
 -1.4308716e+00
  4.1102260e-01
  1.9043502e-01
 -4.1494954e-01
 -4.5437541e-02
  1.7539355e+00
  5.4052491e-02
 -7.3710144e-01
  1.1624941e+00
 -4.5262948e-01
 -6.6900229e-01
  1.0554553e-02
 -2.4708810e+00
 -2.8471917e-01
 -6.5753937e-01
  4.4962269e-01
 -4.2031753e-01
  8.2909122e-02
  2.7174804e-01
  1.5776944e+00
  2.4925058e+00
  1.3944904e+00
 -4.6821505e-01
  2.0873821e+00
  5.4710412e+00
 -5.2887993e+00
 -5.9594095e-01
  4.9291971e-01
 -1.9911678e-01
  3.5829741e-01
  1.6386253e-01
 -3.6820393e-02
  3.5850201e-02
 -1.8227567e-01
  7.6248102e-02
  1.9005995e-02
 -7.9440862e-02
 -1.3930415e-01
 -7.6497905e-02
 -8.5148150e-01
  3.7094423e-01
 -2.2841365e+00
 -2.9150157e+00
 -2.8652209e-01
 -2.1695569e+00
 -5.4645008e-01
 -8.5269815e-01
  7.7338718e-02
  7.3380870e-01
  9.7836441e-01
  8.4079877e-02
 -9.4566172e-01
  3.6189532e-01
 -1.3029590e+00
 -4.1153336e-01
  5.5073982e-01
 -7.1475828e-01
  5.1699078e-01
 -2.0587268e+00
 -1.9634606e+00
  1.8501377e+00
  8.3527750e-01
  1.2677526e+00
  1.3310994e+00
  1.3342994e+00
 -8.2388794e-01
 -1.6992939e-01
 -2.6381463e-01
 -1.1615943e-02
  2.7928725e-02
 -5.6366551e-01
  3.6492517e+00
 -1.0585258e+00
  1.6733181e-02
 -2.3980354e-01
  1.0166098e+00
  3.8621874e+00
 -7.8478891e-01
 -1.0366744e+00
 -2.4981363e-01
  1.3057049e-01
  2.5353510e-02
  2.6457980e-01
 -2.8209817e-01
  4.4666820e+00
  2.7784720e-01
 -7.6827794e-01
 -1.1279883e+00
 -8.4353083e-01
 -1.4020121e+00
 -6.8553410e+00
 -3.7686825e-01
 -7.0591927e-01
  8.2872695e-01
  1.9925826e+00
  9.8851669e-01
  2.7807415e+00
  9.2302543e-01
 -8.5898004e-02
 -1.5282831e+00
  2.1148312e-01
 -8.9784676e-01
 -1.2123717e-01
 -7.1905053e-01
  1.3219104e+00
  4.3900738e+00
  1.1926789e-01
 -9.6745867e-01
  4.7085929e-01
 -3.9833054e-01
 -3.8808766e-01
  5.1774788e-01
  3.2846928e+00
  2.3581001e-03
  2.2560874e-01
  3.4402248e-01
  1.1049401e+00
  2.1487957e-01
 -2.5894433e-01
 -1.5997387e+00
  6.1040040e-02
  1.2113686e+00
 -4.0483170e+00
 -2.4742141e+00
  1.5679334e+00
 -4.2222211e-01
 -2.4668677e-01
  2.6668116e-01
  3.2005811e-01
 -1.2296195e+00
  1.3612196e-01
 -1.1115576e+00
 -4.5335760e+00
  1.5811193e+00
 -2.5380978e-01
 -7.2429091e-01
  1.7999940e+00
 -2.0825970e+00
 -5.5269974e-01
 -2.2301877e+00
  6.9954008e-02
  2.1277110e-01
 -5.4990751e-01
 -7.8417296e-03
 -7.9257758e-03
  1.8121433e-01
 -3.4835249e-02
 -4.2969495e-01
  2.2369385e-02
  5.5611949e+00
 -9.6736416e-02
 -3.1478530e-01
  6.9009405e-01
 -3.1882501e+00
 -2.2190163e+00
 -9.0795761e-01
 -4.3072280e-01
 -1.3476058e+00
 -6.8756473e-01
 -7.3758525e-01
  1.6361732e+00
  6.3924260e+00
  9.6674001e-01
  1.2924848e+00
  3.7291142e-01
  3.8841166e+00
  1.5769355e+00
 -1.9897615e+00
 -3.0064690e+00
  1.8478042e+00
  4.9453831e+00
  1.3208430e+00
 -7.8270417e-01
  4.6892437e-01
 -3.6110952e-01
 -2.2795998e-01
 -5.1022178e-01
  1.9319770e-01
  1.4403544e-01
  1.6718061e-01
 -1.9097521e+00
 -3.5440326e-01
 -1.1479649e-01
  2.4340388e-01
  6.0808325e-01
 -2.2591746e+00
 -1.2846228e-01
  1.1809714e+00
  4.3253794e-01
 -4.3920797e-01
 -4.1169685e-01
 -2.9473823e-01
  2.0480597e+00
  7.1382457e-01
  6.3357198e-01
  1.7163452e+00
 -3.9367741e-01
  8.3191115e-01
  2.0426006e+00
 -2.8890386e+00
 -5.1615101e-01
  6.7384350e-01
  2.8104651e-01
  2.3631692e+00
  2.8326659e+00
  8.8678139e-01
 -4.1829616e-01
 -4.7450003e-01
 -1.1312254e-01
  2.6127651e-02
  1.4483633e+00
 -2.7318347e-01
  8.7436903e-01
 -3.6639154e-02
 -7.7112362e-02
 -6.6075861e-01
 -5.0206666e+00
  2.1397494e-01
 -1.0413146e-01
  3.1892927e+00
 -1.7462091e+00
 -9.3916625e-01
 -2.1598752e-01
 -3.5948512e-01
  3.6022076e-01
  7.0546323e-01
 -5.0650887e-02
  1.3662406e+00
  9.2165226e-01
  1.5107570e+00
  6.3753200e-01
 -3.6641438e+00
  9.6570128e-01
  8.1867832e-01
  2.2046278e+00
  9.9152684e-01
 -6.4066952e-01
 -3.2880237e+00
 -2.5631514e-01
  4.3510605e-02
  2.6485741e-01
  7.6131225e-01
  1.1004994e+00
  1.4810137e-01
  2.8447826e+00
 -4.9382988e-01
  2.0792805e-02
  3.2408351e-01
 -1.3972661e+00
 -1.3680714e+00
  3.3449240e-02
 -3.4475374e+00
 -7.8148216e-01
 -5.2203190e-01
 -1.9625825e-01
 -7.8266424e-01
 -2.9860711e-01
  4.3616006e-01
  1.5156341e-01
  1.3066452e+00
 -2.9839622e-02
 -2.1624515e+00
  1.0232236e+00
  1.2833912e+00
  1.7741366e-01
 -5.8209419e-02
 -1.8620812e+00
  6.1617923e-01
  1.7967135e+00
  1.6268231e-01
  8.9067541e-02
 -1.4999332e+00
 -1.6429237e+00
  1.5805557e-01
  5.1632404e-01
  9.3898469e-01
 -1.6379458e+00
  6.2684989e-01
  2.7504516e-01
  3.0845702e+00
 -2.9275372e+00
 -1.1552303e+00
  2.2143662e+00
  6.4936090e-01
 -6.3750499e-01
 -1.2403320e+00
 -7.4461204e-01
 -9.2550111e-01
 -1.7388772e+00
  7.3867100e-01
  8.1130171e-01
  2.6641634e-01
  4.8252305e-01
  4.7600806e-01
  4.1750768e-01
 -1.0635269e-01
  7.9423159e-01
  5.9703970e-01
  3.1364977e+00
  1.4831172e+00
  8.9894640e-01
 -5.4813635e-01
  1.5282768e+00
  8.9903854e-02
  4.4611749e-01
  4.3312110e-02
 -5.4773670e-01
 -2.6979253e-01
  1.1398137e+00
 -7.3158658e-01
  2.6064017e+00
  2.5435729e+00
 -1.0794361e+00
  1.2284991e+00
  3.2136526e+00
  2.0959616e+00
  2.7582979e-01
  1.0032471e-01
 -1.2258590e-01
 -9.7024269e-02
 -1.3755396e-01
 -6.0895186e-02
  1.7816648e-01
 -1.5642108e+00
 -7.1893916e-02
  1.4015310e-02
  2.9299822e-01
 -1.3416669e-01
  1.9225680e+00
  2.7732294e+00
 -5.0824445e-01
 -1.2722889e-01
 -1.6769518e+00
 -6.6849597e-02
  1.1090771e+00
 -6.2621683e-01
 -7.8590500e-01
 -3.4643298e-01
 -7.3167950e-01
 -2.4300154e-01
  9.4849539e-01
  1.9417871e+00
  3.2947114e+00
  4.6812072e-01
  3.6951923e-01
 -3.3473279e+00
  2.8898804e+00
 -7.1379036e-01
 -1.3621616e+00
 -3.7270710e-01
 -3.4137172e-01
 -3.9079994e-01
 -4.1704316e+00
  1.0018305e+00
 -5.8240335e-02
  5.9547031e-01
  6.8127294e+00
  7.5788563e-01
 -1.2510139e-02
  9.1613621e-01
  3.7644839e+00
 -1.3643099e+00
 -2.8589985e+00
 -3.0715976e+00
 -4.3020617e-02
  1.7537872e-01
  9.0193158e-01
  2.2410257e-01
 -3.5995412e-01
 -5.8798575e-01
 -5.2225566e-01
 -3.7409994e-01
  5.3119488e+00
  1.2400457e+00
  2.8013992e+00
  1.7437346e-01
 -2.5683875e+00
  5.1291242e+00
  7.2954273e-01
  3.7340550e+00
 -1.0621331e+00
 -4.8660515e-03
  2.1856508e-01
 -3.2363233e-01
  5.2004820e-01
  2.5852168e-01
 -6.7630041e-01
  7.6826580e-02
  3.8687751e-01
  1.2589800e+00
  5.6906939e-01
 -2.6191013e-02
 -1.9499207e+00
  2.4783771e+00
  3.6485702e-01
 -2.0272680e-02
  1.4827423e+00
 -7.4300948e-03
  3.9424467e-01
  2.6135167e-01
 -8.4021348e-01
 -1.1753922e+00
 -1.9139355e-01
  1.0394096e-01
  2.7215466e+00
  1.0648086e+00
  2.0129201e+00
  1.8203152e+00
  7.8408426e-01
  1.4108459e+00
  3.2425408e+00
  1.4473658e+00
  1.2956969e+00
 -8.8864163e-02
  1.1664653e+00
  7.8077644e-02
 -4.8100612e-01
 -4.0039638e-01
 -5.9941089e-01
 -1.4182686e-02
  1.1494546e+00
  1.8059044e+00
  2.0533442e+00
 -2.8589436e-01
  1.5223442e+00
  1.1068372e+00
 -9.7409356e-01
 -7.0727652e-01
  2.7945605e-01
 -7.2623692e-02
 -9.9341989e-02
 -2.6727319e-01
  1.2393539e-01
 -2.4101411e-01
 -3.1313455e-01
 -1.4258720e-01
  1.4144185e-01
  2.0996125e+00
  1.2964891e+00
  1.8460114e+00
  6.5080065e-01
  3.0200726e-01
  1.7358592e+00
  2.3984172e+00
 -7.9695803e-01
  1.1107337e+00
  1.5686361e-01
  1.2225796e-01
 -3.7540994e+00
  3.0982293e-02
 -1.5038021e+00
 -5.1566774e-01
  1.5765859e+00
  3.1909481e-02
 -1.2347159e+00
 -3.1831717e-01
  2.6016767e+00
  1.1515663e+00
 -1.6560162e+00
  1.6301753e-01
  1.0830246e+00
  5.7262100e-02
 -1.6982540e-01
 -1.0142281e-01
 -1.8263942e-01
  8.9906192e-01
 -7.7014975e-02
  3.5727334e-01
  2.5429025e+00
  1.9778196e-02
  2.8991571e-01
  6.5939486e-01
 -5.0505388e-01
  3.3707395e-01
 -4.0050262e-01
 -4.2225939e-01
  1.4372529e+00
 -8.2652509e-02
  1.6003728e-01
  3.3213496e-01
 -2.1354173e-01
  1.9381511e+00
 -8.6393607e-01
 -7.7213585e-01
 -4.5452051e+00
 -1.8370786e+00
 -3.1059029e+00
 -1.0454910e-01
  1.3969508e+00
 -7.7213866e-01
  1.9103284e+00
 -1.8215200e+00
 -1.3421758e+00
 -1.3174339e-01
  3.2711354e-01
  3.7792256e-01
  3.4386066e-01
 -1.3672127e-01
 -5.1209694e-01
  5.3206766e-01
 -1.0573187e+00
  1.3965927e+00
  1.7192836e+00
  1.5464774e+00
 -2.3751783e+00
 -4.3849416e+00
 -4.2687559e+00
 -3.9670649e+00
  1.9441990e+00
  2.9568550e-01
  5.0290775e-01
  6.3465750e-01
 -1.0023265e-01
  3.3985898e-01
 -3.3413258e-01
 -7.7839708e-01
  4.5093384e+00
 -1.9225694e+00
 -2.4115348e+00
  1.1053653e+00
  1.4953825e+00
  1.7886311e+00
  4.1556624e-01
  2.0310089e-01
  9.0850383e-01
 -4.2891252e-01
  3.1976894e-01
 -7.6189619e-01
 -3.2050014e-01
 -1.6473222e-01
 -8.7631094e-01
  2.3373745e-01
 -3.5250881e+00
  3.3887110e+00
  3.8670111e-01
 -5.8884388e-01
 -8.9332521e-01
 -8.2325196e-01
  3.7843878e+00
  1.0266269e+00
 -3.1548360e-01
  2.8883371e-01
  3.4457043e-01
  4.3249124e-01
 -2.2269399e+00
 -2.8858799e-01
 -5.3970426e-01
 -5.5454803e-01
 -1.3242562e+00
  1.9736591e-01
 -5.8435589e-01
  7.1529120e-01
  1.5621282e+00
 -4.8013192e-01
 -1.3855305e+00
  1.5717722e+00
 -1.0709697e+00
 -3.2281703e-01
  2.8230312e-01
  1.7337130e-01
 -1.0512331e+00
  5.0992930e-01
 -6.9593453e-01
 -7.3743038e-02
 -3.7258852e+00
 -5.3037101e-01
 -1.0064299e+00
 -2.7430928e-01
 -3.9163986e-01
 -1.3928980e+00
 -1.9310862e+00
 -3.3238170e-01
 -1.5658104e+00
 -1.9727616e-02
  1.5115924e-01
 -1.1695048e+00
 -1.4255030e+00
 -4.5778844e-01
 -5.2777833e-01
 -2.7467003e-01
 -1.7678027e+00
 -2.6930957e+00
  2.7411547e-01
  1.5287006e+00
 -2.1263707e-01
  1.2042303e+00
  4.9651054e-01
 -1.3389320e+00
 -1.0251801e+00
  4.7464706e-02
 -1.9527255e+00
 -2.3165084e-01
  4.4582419e+00
 -6.8160945e-01
 -9.6488780e-01
 -8.8406080e-01
  7.0644164e-01
 -7.6878911e-01
 -2.6914697e+00
  5.2981067e-01
  3.8224695e+00
  1.4019010e+00
  3.5692248e+00
 -2.8352606e+00
  2.8334436e+00
  8.8827088e-02
 -1.0764442e-01
  9.7498246e-02
 -2.6119712e-01
 -2.1319138e-01
  3.1367041e-02
  9.1645293e-02
 -5.4287940e-01
  5.8757942e-02
 -9.6193708e-02
 -1.4749534e+00
  4.0391884e+00
  6.2187356e-01
  2.6847160e+00
  3.0016632e+00
 -8.7542564e-02
 -3.5996589e-01
 -1.5949219e+00
 -4.9886298e-01
 -1.2520498e-02
 -3.0397141e-01
 -1.9347529e-01
 -8.4416282e-01
  1.8617376e+00
 -1.3778976e+00
 -2.0050120e+00
  9.4057024e-01
  2.1470504e+00
  1.5449553e+00
  2.0774265e-01
 -1.0422859e+00
 -5.4434056e+00
  1.1187426e+00
 -2.1456829e-01
  6.1765534e-01
 -1.1378776e-01
 -4.0075514e-01
 -8.4332055e-01
  8.2538074e-01
  4.6886001e+00
  2.3136751e-01
 -5.1320095e-02
  1.4329056e+00
 -2.6741660e+00
 -2.1271939e+00
 -1.2434411e-01
  2.0343761e+00
 -7.2699112e-01
 -1.1723167e+00
 -1.3015947e+00
 -1.1627806e+00
  1.3240796e+00
 -4.4634029e-01
  1.5253183e-01
 -1.0154328e+00
 -6.3644195e-01
 -4.4918376e-01
 -3.8462572e+00
 -1.3411979e-01
  3.0989376e-01
  1.3052500e+00
  4.2791905e+00
  3.9067361e+00
  2.4059616e-01
  7.6546979e-01
 -4.0038857e-01
 -1.0737846e-01
 -2.1801972e-01
  9.4056636e-02
 -5.8301157e-01
 -1.0361864e-01
  1.0580651e+00
  1.8538771e+00
  2.8939334e-01
 -3.8736017e+00
 -1.5940225e+00
  1.9168054e+00
 -7.4296242e-01
 -6.6064268e-01
 -4.1492027e-01
 -4.0430284e-01
 -1.0746793e+00
 -4.6582422e-01
 -7.7526581e-01
 -9.0619808e-01
 -1.4759855e-01
  2.8807553e-02
  3.3282080e+00
  1.0460304e-01
 -2.3261781e+00
 -3.6329827e+00
  1.5596993e+00
  2.6931586e+00
 -1.8091435e+00
  4.5301223e+00
 -8.8103998e-01
  3.5370667e-02
 -2.9028249e+00
 -5.0262523e-01
  1.6588692e-01
 -1.0635998e+00
 -4.6859550e-01
 -5.3999639e-01
  2.3051524e+00
 -3.2012973e+00
 -6.2764859e-01
 -1.7005129e-01
  2.0568395e+00
  1.9024582e-01
 -2.3298593e+00
  8.2582372e-01
  1.5056006e+00
 -2.0757803e-01
 -1.2226702e+00
 -2.1837860e-01
  1.7806247e-01
  5.8027573e-02
 -6.1783653e-01
 -5.9155756e-01
  1.2184282e-01
 -1.9759363e+00
 -1.3788148e+00
  8.2411408e-01
  1.4947935e+00
 -8.4899890e-01
 -3.9992964e-01
  1.2791173e+00
 -1.7695749e-01
  2.0609965e+00
  3.3578620e+00
  1.3286386e+00
 -4.4586582e+00
  4.0300527e-01
 -4.4311157e-01
  1.9523032e-01
 -5.1510205e+00
  4.1982308e-01
  9.9468148e-01
 -3.8136092e-01
  2.6239088e-01
 -4.4418979e-01
 -9.6574855e-01
 -3.3786352e+00
 -2.0167230e-01
 -2.1132809e-01
 -1.5806086e-01
 -1.8833107e-01
  5.5620188e-01
 -1.7621084e-01
  2.7799040e-02
 -1.5393199e-01
 -9.0479136e-01
 -1.0683478e-01
 -9.3148065e-01
 -6.4588422e-01
 -2.3443515e+00
 -9.8989761e-01
 -2.7553055e+00
 -1.7264429e+00
 -3.2909122e+00
  1.2583756e+00
  2.0423162e+00
  1.0429890e+00
  5.4969611e+00
  4.9805632e-01
 -9.1875154e-01
 -1.7898002e+00
  4.9193459e+00
  1.0101291e+00
  1.7163965e+00
  2.2214634e+00
  3.0271413e+00
  2.6460576e+00
  2.5338650e+00
  3.0243502e+00
  6.4679976e+00
  1.7231981e+00
 -7.4859893e-01
 -2.3182508e-01
  3.0445969e+00
  1.3825995e-03
  4.5685217e-01
 -1.9003627e-01
 -3.5095022e+00
  2.6148802e-01
 -7.8854525e-01
 -1.9710665e+00
 -2.1418354e-01
  2.5957727e+00
  8.1840432e-01
  1.3193312e+00
 -1.1405694e+00
  2.0470927e+00
  2.0497468e+00
  8.4216726e-01
 -1.3447487e+00
  1.3081717e-01
 -1.2372370e+00
  9.3525147e-01
 -1.2431664e+00
  2.1216981e-01
  1.3481455e+00
 -1.4946620e+00
 -1.0448991e+00
 -1.3605008e+00
 -2.0163813e+00
  3.6618954e-01
 -2.8463223e+00
 -6.8058580e-01
 -1.4938210e-01
  2.7706471e-01
  1.4349394e+00
  5.4585814e-01
 -3.6681414e-01
  6.6399705e-01
  1.7068615e+00
  9.1594756e-01
 -1.0648848e+00
 -2.9976851e-01
  7.3217815e-01
 -1.0295736e+00
 -6.3883722e-01
  3.6858602e+00
 -1.8428406e+00
  8.7262696e-01
  4.6680546e+00
  7.8405339e-01
 -7.6507699e-01
 -2.3897992e-02
 -3.7412035e-01
  8.2767121e-03
 -2.8548784e+00
  2.8920850e-01
  8.7682492e-01
  3.4857991e-01
 -2.5363462e+00
 -2.4918733e+00
 -4.7505107e-02
  1.6188395e+00
 -3.9818379e-01
  8.5660720e-01
  9.9721974e-01
  4.1767156e-01
 -2.7860129e-01
 -1.4352436e+00
 -3.5557577e-01
  6.8802595e-02
 -1.4573150e+00
 -8.9834058e-01
  6.5379804e-01
 -4.8029101e-01
 -2.2691588e+00
 -2.5210583e+00
  7.3503089e-01
 -3.1436345e-01
 -5.8706802e-01
 -1.4245318e-01
  8.2413459e-01
  4.1471267e-01
 -1.3100235e+00
 -4.7103569e-01
  1.5230973e-01
  4.1608714e-02
 -3.9938590e-01
 -2.2770095e-01
 -1.3791506e-01
  1.5239840e+00
 -2.3130879e-01
 -8.8946283e-01
  1.8111424e-01
 -9.7687095e-01
 -4.6024855e-02
  6.7010403e-01
  1.2019010e+00
  4.4704303e-01
  3.9037275e-01
  2.6156014e-01
  1.7431886e-01
  5.8324015e-01
  1.7581389e+00
  1.1837105e+00
  8.7638891e-01
  1.2807622e+00
  1.4583697e+00
  1.7139908e+00
 -1.5812049e+00
 -3.2518156e-02
 -1.8331948e-01
  1.8103970e-02
 -2.6642889e-02
  9.1058366e-02
 -2.4433526e-01
  2.1661215e+00
 -2.0998767e-02
 -1.0338575e-01
 -2.3543434e+00
 -9.9260576e-02
  2.6778892e-01
 -1.1664201e-01
  1.3048441e+00
  3.8911726e+00
 -1.5431126e+00
 -1.3093796e-01
 -5.0492454e-01
  2.9501271e-01
  5.8889091e-01
 -1.5029514e-01
  6.0531992e-01
 -3.2538515e-01
  9.5722333e-02
  3.9318091e-01
  3.6097935e-01
  1.5380617e+00
  3.5373154e-01
  7.9925209e-01
 -1.1635766e+00
 -1.8970820e+00
 -3.0879793e+00
  1.1621526e+00
 -7.8915828e-01
  5.1007730e-01
  4.9628240e-01
  1.3015805e-01
 -1.2113473e+00
  3.7815231e-01
 -8.8529423e-02
 -3.3244532e-01
  8.4035408e-01
  3.6584556e-01
  5.6302994e-01
 -1.2206159e+00
 -3.6425445e+00
 -2.3918769e+00
  3.0622163e-01
  3.9022151e-01
 -1.3965969e+00
  1.5596861e-01
  4.3182322e-01
  1.3165200e-01
 -8.8907881e-03
  3.9663881e-01
  1.3145652e-01
  1.2208085e-01
 -2.5945106e+00
  3.0424419e-01
  8.8382564e-02
 -9.8832953e-01
  8.9168698e-01
 -3.5724187e-01
 -4.0121989e+00
 -4.4426694e+00
 -1.4531351e+00
  5.0667077e-01
  5.7071048e-01
  2.9276326e-01
  2.9334062e-01
 -8.0449349e-01
  1.5081251e-01
  4.0125218e-01
  1.3128200e+00
  1.7610203e-01
  7.2561282e-01
 -1.7793645e+00
 -6.6875026e-02
  1.6150804e-02
  5.3281677e-01
 -1.0297745e+00
  4.3156096e-01
  6.4877498e-01
  4.2103159e-01
  1.6173820e-01
 -6.7594033e-01
  8.8068888e-02
  5.1353808e-02
 -6.9945180e-01
 -3.1902256e+00
  4.7540650e-01
  5.5037034e-01
  1.9155918e+00
  7.1187675e-02
 -1.6999758e+00
  6.9010192e-01
 -3.4154651e-01
  7.7656692e-01
  4.1730243e-01
 -3.3251095e-01
  4.9187192e-01
 -1.2588108e+00
  1.3927175e-02
  9.6778259e-02
 -3.9245680e-01
 -1.8325907e+00
  1.8697402e-01
  1.2195575e+00
  2.7665753e+00
 -1.4756975e-01
 -8.9817441e-01
  2.6956828e+00
  5.5608636e-01
  4.1566886e-02
  4.4805408e-01
  2.7487493e-01
  3.0927995e-01
 -4.6220928e-01
 -4.7852442e-02
  4.5978963e-02
  6.2722735e-02
 -1.3459233e+00
  3.6377272e-01
 -1.9345507e-01
  1.7102325e+00
 -1.2544051e-01
  5.6579846e-01
 -2.4604701e-01
 -2.2109166e-01
  5.4118358e-02
  3.1729928e-01
  6.2582898e-01
  2.0461707e-01
 -9.6332628e-01
  4.2570075e-01
  3.0228236e-01
  1.2082589e+00
  4.2609242e-01
  1.6765293e-01
 -5.1218045e-01
 -2.6434612e+00
 -1.9141592e+00
 -5.0081182e-01
  8.1009096e-01
 -1.2360845e+00
  1.6097189e+00
  2.5208326e-02
  1.5513979e-01
 -4.8748787e-02
 -4.4900015e-02
 -1.8021306e-01
 -1.4714113e-02
  2.4773672e-01
 -1.2739421e+00
 -1.6968055e-01
  3.3536848e-01
 -8.3451706e-01
 -1.2155147e+00
 -2.0901425e-01
 -3.0331604e+00
 -1.0322288e+00
  8.7653446e+00
  4.7545752e-01
  5.2938861e-01
  2.3025310e-01
 -8.5244435e-01
 -6.6749649e-03
  1.4766726e-01
  1.0798393e+00
  3.1925297e+00
 -1.4101484e-01
 -1.3732229e+00
  8.8452208e-01
 -2.6833025e-01
  1.8316822e+00
 -2.4509889e-01
  9.4420022e-01
 -1.5871258e+00
  1.2858376e-01
  4.8469529e-01
 -9.6239701e-02
 -1.2680275e+00
 -5.3792429e-01
 -2.3633985e-01
 -8.3517909e-02
  4.3858960e-01
 -4.8064905e-01
  9.5544285e-01
  2.5396094e+00
  5.0444186e-01
 -1.8886708e+00
  2.6229814e-02
  1.6881764e+00
  3.8436630e-01
  4.2651084e-01
  8.6676113e-02
  2.5804564e-01
  6.7689335e-01
 -1.8467398e-01
  1.3911606e-01
  1.0171970e+00
  3.7610707e-01
  3.6175960e-01
 -1.1656224e+00
  6.1606103e-01
 -1.0731782e+00
 -7.0901400e-01
 -9.6134984e-01
 -2.1273838e-03
 -1.2978177e+00
 -1.8549241e-01
  7.3064792e-01
  2.1094112e-01
  1.3432817e+00
 -4.0459311e-01
 -1.6245192e-01
  7.5691785e-03
  3.4110124e+00
 -2.3933586e-01
 -3.7034222e-01
 -4.9154580e-01
 -7.5615084e-01
  8.2938385e-01
 -3.3000451e-01
 -1.6778574e+00
 -6.7832969e-02
 -7.3430851e-02
  5.3601223e-01
  1.3917308e-01
 -2.2879620e+00
  7.5751401e-02
  9.4022423e-02
 -1.4559276e+00
  2.4958780e+00
 -3.0800766e-01
  4.6634391e-01
 -2.4950820e-01
 -1.1119583e+00
  1.6543883e+00
 -1.7783463e+00
 -4.2816871e-01
  3.5696256e-01
  1.6110501e-01
  9.1484988e-01
 -4.2299613e-01
 -5.6774235e-01
 -6.3793993e-01
  5.8422971e-01
  4.8045701e-01
  1.6166735e+00
 -7.3656511e-01
 -1.6518968e+00
  4.8909336e-02
  3.2411841e-01
 -1.4335108e-01
  1.7992651e-01
  8.8155377e-01
 -1.5605685e-01
  4.5758434e-02
  4.4152346e-01
 -3.9323121e-02
 -2.3289263e-01
  2.4397673e-01
 -1.2580056e-01
  2.5601068e-01
  8.1286305e-01
 -8.1420600e-01
 -5.4591537e-01
  4.5792565e-02
  2.7039343e-01
 -4.1037998e-01
  2.5746176e-01
  1.5129118e+00
 -4.8447409e-01
 -3.0639872e-01
 -1.6792508e+00
  1.4836301e-01
  2.5706685e+00
 -2.1603053e+00
  3.4117740e-01
 -2.0223272e-01
 -3.6302224e-01
  2.3896706e-01
 -7.1086451e-02
  2.4905322e-01
 -1.8406798e+00
  1.6601344e+00
 -1.7170279e+00
  1.7637569e+00
  7.6830888e-01
  5.6405477e-03
 -5.1826715e-02
  1.2603657e-01
  2.3923194e-01
 -2.7374274e-01
  1.1385410e-01
  1.6786471e-01
 -4.7933748e-01
  1.4927125e-01
  1.3388178e-01
 -1.0839617e-01
 -4.1498968e-01
  2.0944734e-01
  3.0794093e-01
 -4.0650578e+00
  1.1516418e+00
 -2.4474417e-01
 -1.5822201e+00
 -4.9530882e-02
 -1.3284729e+00
 -1.3205677e+00
  1.4197080e-01
 -1.3747033e-01
  1.1634568e+00
  1.2667029e-01
 -3.9105651e-01
 -1.3624427e+00
  8.6271167e-01
  1.1034170e+00
  8.6390746e-01
 -1.7544079e+00
  1.0280929e+00
 -4.0557551e-01
 -5.7067711e-02
 -3.1474586e+00
  8.1379598e-01
 -8.5651714e-01
  2.2063984e-01
 -7.8008294e-02
  9.6631962e-01
 -9.7423397e-02
 -1.3921067e+00
 -3.0245122e-01
 -1.8496383e+00
 -9.4542050e-01
  3.5842957e+00
 -8.1425905e-01
  2.3193225e-01
 -5.1586945e-02
 -1.4120282e+00
 -8.3085366e-02
  2.9630676e-01
 -5.3139848e-01
  1.4783691e-01
 -1.6918178e-01
  1.2350140e+00
  9.8910734e-02
 -3.3086056e-01
 -7.1730340e-01
 -8.0691314e-01
 -2.1277022e+00
  2.1503222e+00
 -2.2394159e+00
 -4.3773574e-01
 -4.3790191e-01
 -7.0398653e-01
  2.8673434e-01
  2.5609136e-01
 -1.8240613e+00
 -4.1504391e-02
 -5.9332609e-01
  1.5107430e+00
  8.3667821e-01
  5.1986831e-01
 -1.3616551e-01
  8.2620680e-01
 -1.7650570e+00
 -1.5705875e+00
 -2.8464489e+00
 -1.7194362e+00
  1.9667798e-01
 -8.5187143e-01
  1.0430320e-01
 -5.6578422e-01
 -1.6848074e+00
  1.0563476e-02
  2.5987312e-01
 -2.7584145e+00
  1.5369567e-01
 -3.4883064e-01
  1.7371254e+00
  1.8437966e+00
 -1.1409806e+00
 -1.3225825e+00
 -5.2601129e-02
 -3.2540400e+00
 -5.8186102e-01
 -8.9912415e-01
  3.5152441e-01
  1.9513195e+00
 -3.2051489e-01
 -1.6635518e-01
 -1.6903429e-01
 -1.7541620e+00
  5.1690644e-01
  8.6820519e-01
 -6.8054922e-02
  3.1534512e+00
 -3.9496232e-02
 -1.4971248e+00
  1.4114046e+00
 -2.1464643e+00
  1.3383913e-01
 -6.5696400e-01
 -2.9395330e-01
  1.1442845e+00
 -1.1809151e+00
  1.4627275e-01
 -1.2742162e-01
 -7.7298987e-01
  1.6360072e+00
 -2.6387382e-01
 -1.8624563e+00
  6.6838539e-01
  1.3549286e-02
 -5.3155953e-01
  1.0008700e+00
 -7.1771294e-01
  2.1571711e-01
  5.3154230e-01
  1.0497059e-01
  1.6637351e-01
  4.1280970e-01
  9.3273692e-02
  5.7088003e-02
 -1.7610055e+00
  1.3478786e+00
  1.5711945e+00
  1.8164435e-01
  1.8385245e-01
  3.4978323e+00
  9.9075186e-01
 -1.6558328e+00
 -1.7476149e+00
 -1.4610009e-01
 -1.3787490e-01
 -3.6789663e-02
 -2.8380914e-02
  1.3597971e-01
  9.3236230e-02
 -5.0552599e-02
 -8.1553787e-02
  2.0980422e-01
 -5.2158568e-02
 -3.0909517e+00
 -6.3258777e+00
 -4.1207141e-01
 -5.8226309e+00
 -3.8301146e-01
 -3.6265712e+00
 -2.0065767e-01
  1.1085550e-01
 -7.3600046e-02
 -2.1752250e-01
  3.7411869e-01
  4.8191302e-02
  1.0066015e+00
 -4.2831149e-02
 -9.1255730e-01
  2.0742538e+00
  2.9338887e+00
  1.7216416e-01
  1.0379928e-01
  1.6728057e+00
  2.6451414e+00
  3.1581671e+00
  2.6882872e-01
  2.5985348e-01
  6.7724228e-02
 -2.8713271e-02
  1.0131321e-02
  2.1844400e-01
 -8.3898328e-02
  1.9019558e-01
 -2.3834291e+00
 -1.8973970e+00
  2.5168955e-01
 -5.0467211e-01
 -1.0834208e+00
 -1.2361871e+00
  2.6541748e+00
  7.2930968e-01
  5.9833485e-03
 -2.1326119e-01
 -1.1075314e-01
  3.3266068e-01
  1.4940086e-01
 -2.3754023e-03
 -1.8975985e-01
  1.1155297e+00
 -4.5585158e-01
 -6.6918278e-01
 -9.6517736e-01
 -2.7978928e+00
 -3.1056309e-01
 -1.8889869e-02
 -3.1149998e+00
 -1.3911667e+00
 -5.3442169e-02
  3.8992733e-01
  4.8334903e-01
 -7.2180837e-01
  1.6996889e-01
 -1.6918924e-01
  6.8265814e-01
  6.4362180e-01
  2.0948396e+00
  2.3139431e+00
  1.5167633e+00
 -7.9873705e-01
 -2.6182408e+00
 -3.4039719e+00
 -3.2366068e+00
 -1.4014703e+00
  1.2926947e-01
  4.0906496e-02
 -3.9733306e-01
  8.1736737e-01
  1.9795661e-01
 -9.4076373e-02
 -3.4448004e+00
 -6.5290481e-01
  5.1696887e+00
 -2.2276912e+00
 -4.9547064e-01
  1.9980783e+00
 -1.4317511e+00
  7.6636797e-01
 -1.6481833e+00
 -1.9082553e+00
  1.5334739e-01
 -2.0821196e-01
  2.5108308e-01
 -5.5825782e-01
 -6.6391222e-02
 -1.5424918e-01
  6.8107271e-01
  8.2622451e-01
  7.9510850e-01
 -4.1017900e+00
 -3.1326418e+00
  2.0047374e+00
  5.8348075e-02
  1.4986296e-01
  1.2138544e+00
 -2.5970435e-01
  1.7904457e-01
  3.6948222e-01
  7.2299862e-01
 -1.5840913e-01
  8.8722247e-04
  1.2283458e-02
  1.1062173e+00
  8.0829149e-01
 -3.8998222e-01
 -1.7669039e+00
 -2.4855771e+00
  4.9822566e-01
  8.0586702e-01
  1.2256689e+00
 -2.4434617e-01
  9.7306782e-01
 -7.6153642e-01
 -5.7094164e-02
 -1.3332483e-01
 -5.8002758e-01
  1.5393269e+00
  1.3014191e+00
  1.4359343e+00
  5.3029853e-01
 -5.0425708e-02
 -1.3960738e+00
 -1.3897856e+00
  7.6590663e-01
 -1.9888164e+00
  5.4058582e-02
  6.2419176e-01
 -6.7149311e-01
  4.6707462e-03
  4.0270045e-02
 -5.3038277e-02
 -3.6308724e-01
 -5.8515389e-02
  1.2264541e+00
 -7.3063761e-02
 -2.0646951e+00
  8.9737296e-02
 -3.5758385e-01
 -5.7206696e-01
  1.0110929e+00
  5.0554399e+00
  1.1828814e+00
 -6.7752890e-02
 -1.0859542e+00
  8.8761115e-01
 -3.5164163e-02
 -2.8911999e-01
 -7.3866725e-01
  1.2378364e+00
  6.8504941e-01
  7.3518723e-01
 -1.0582316e+00
 -7.9260820e-01
 -1.4587852e+00
 -3.1486323e-01
  3.6589315e+00
 -1.9660261e+00
 -2.5312459e+00
 -2.7770600e+00
 -1.2017242e+00
  8.4998989e-03
  2.9464710e-01
  1.0245860e-01
 -1.7055745e+00
  4.5577053e-02
  1.7613485e+00
  2.4059594e-01
  1.0794461e+00
  4.5837191e-01
 -1.0271099e+00
 -9.0568721e-01
 -2.6953229e-01
  1.9888091e+00
 -1.5241650e-01
 -8.9778677e-02
 -5.6509548e-01
  1.4624068e-01
 -1.7380653e-01
 -2.7287227e-01
  1.1348722e-01
  1.3181274e+00
  2.4769951e-01
  2.5310925e-01
  1.5477110e-01
 -7.4110055e-01
 -1.2210938e+00
  2.3764174e+00
  1.0969230e+00
  1.6023910e+00
  2.6552272e+00
  2.7447073e+00
 -1.7042841e-01
  1.9069874e-01
  1.2309863e-01
  3.1250793e-01
 -9.1834389e-02
  6.1345088e-01
  2.9113638e+00
  9.8581386e-01
 -9.1605771e-01
 -8.6278033e-01
 -1.0765120e+00
 -3.3766481e-01
 -1.7422109e+00
 -1.4863679e-01
  8.3611888e-01
  5.6631625e-01
  8.7014842e-01
 -4.1756891e-02
 -2.6673231e-01
 -7.5731657e-02
 -5.5152488e-01
  6.7911178e-01
  6.1126798e-01
  1.1707972e+00
 -2.4379265e+00
  5.4507643e-01
 -1.1768446e+00
 -7.1817517e-01
  1.2988997e+00
  1.7900076e+00
  1.2016042e-02
 -7.7131546e-01
  7.2537118e-01
  4.6941094e-02
  5.1880567e-03
  7.9307526e-02
 -3.8879052e-01
  7.4190021e-01
  2.8276461e-01
 -1.8929362e-01
 -2.6030726e+00
  1.2437028e-01
 -9.5607358e-01
 -2.7368879e-01
  1.7373866e-01
  2.3901007e+00
  7.8093821e-01
  2.0872250e-01
  4.4405001e-01
  9.2032239e-02
 -1.1402360e-01
 -3.1662546e-02
 -6.1996830e-01
 -2.2086757e-01
  7.1894306e-01
 -1.7267941e-02
 -1.2768787e+00
  3.9162645e-01
 -1.2987679e+00
  1.0999392e+00
  9.0043920e-01
  4.6411845e-01
  1.7611300e+00
  1.1139773e+00
  3.4170693e-01
  1.3711604e-01
  1.7077905e-01
  2.3674726e-01
 -5.5277491e-01
 -1.2403704e+00
 -1.7444450e-02
  1.4915628e+00
  3.8292262e-01
  7.8272080e-01
 -1.0180594e-01
 -8.0383188e-01
 -5.6525224e-01
  2.3209894e+00
 -1.0415285e-01
 -4.6483865e-01
  1.4163638e+00
  2.8809903e-02
 -3.8101714e-02
 -4.0155984e-02
  4.0978514e-02
 -2.8898343e-01
 -1.6299192e-02
 -2.6074354e-02
 -4.0153253e-01
 -2.0157453e-01
 -2.7233854e-02
 -2.1802926e-02
 -1.0782531e+00
 -1.2721121e+00
  1.5730566e+00
  1.8980318e+00
  5.2835259e+00
 -1.6466737e-01
  1.0019085e+00
  4.9619046e-01
  2.9382370e+00
 -2.6569408e-01
 -1.9291925e-01
  1.2657492e+00
  1.8735415e+00
 -7.8512627e-01
  7.6308203e-01
  1.2903484e+00
 -7.5351216e-02
 -5.9679441e+00
  1.8055884e+00
  6.4731741e-01
 -1.8900810e+00
  7.6681487e-02
 -4.7074240e-01
 -1.0994792e+00
  1.2360109e+00
 -7.1587086e-01
  3.2360028e-02
  4.3197730e-01
  3.3936462e-01
  3.9364812e-01
  1.0368429e+00
  9.3369490e-01
  2.3526981e-01
 -2.1356529e-01
  5.0974953e-01
  2.4231610e+00
 -2.7033083e+00
 -1.2710054e-01
  1.2714186e+00
  5.1196373e-01
  1.7798270e+00
  7.8391768e-03
 -1.1439832e-01
  4.6870640e-01
 -2.2679491e+00
 -7.9197749e-02
 -6.2429291e-01
 -2.1318707e+00
 -1.4758344e+00
 -7.0333010e-01
  1.6170576e+00
 -2.6012951e-01
  8.3499438e-01
 -4.3993193e-01
 -4.1574907e-01
 -1.2429466e-01
 -2.1231556e-01
 -1.1724235e+00
  1.6164048e-02
  1.1224174e+00
  1.6229903e+00
  5.3711981e-01
  1.0223600e+00
 -3.2106790e-01
  2.1934245e+00
  1.6424272e+00
  3.0902332e-01
 -1.7419127e+00
  5.5595104e-02
 -3.5585648e-01
  1.1200069e+00
  3.0402330e-01
  1.3905267e-01
 -4.7315049e-01
  4.0694989e-02
  5.9736764e-01
  1.4204887e-01
  1.4758140e-01
  2.3098226e-01
  1.2965856e+00
 -1.3829508e+00
 -9.9603403e-01
  2.8229669e-02
  4.0350825e-02
  5.8711088e-01
  9.1457143e-02
  3.3596042e-01
  4.4231641e-01
  2.6773961e+00
 -2.6700698e-02
 -1.4041731e-01
  2.4830756e+00
  1.0244120e-01
  6.6043329e-01
 -5.0448555e-01
  1.4339856e+00
 -1.7228630e+00
 -1.6756548e-01
 -3.7057710e-01
  4.6456343e-01
  7.8015131e-01
  1.7761900e-01
  9.4292201e-02
 -1.8177637e-01
  1.7113825e+00
 -7.0940727e-01
  1.0025712e-01
  9.5917255e-01
  3.3213493e-01
 -4.7125269e-02
  6.3938123e-01
  3.7085810e-01
 -1.8514783e+00
 -1.0035713e+00
  7.3199165e-01
 -3.2016687e-02
  7.7637780e-01
 -5.6386501e-02
  6.5867740e-01
 -1.0031787e+00
  8.7308311e-01
 -4.5307404e-01
  7.0452470e-01
  4.7282588e-01
  5.8643204e-01
  1.7027484e-01
 -2.8954494e-01
 -2.4628408e+00
  4.4903740e-01
 -2.7991359e+00
 -2.9175251e+00
 -5.8270723e-01
 -7.4893612e-01
  6.2395763e-02
  1.9581822e-01
 -3.1853210e-02
 -3.3748570e-01
 -2.1755216e-01
  1.9008970e-01
  3.7211888e-02
  5.6419258e+00
  2.7949283e-01
  2.8578675e-01
  4.9524674e+00
  2.2116797e+00
 -9.1950363e-01
 -9.3187612e-01
  3.0518374e+00
 -3.5212145e+00
  2.9992754e-02
  4.0644154e-01
 -5.9420222e-01
  4.8831290e-01
 -3.7357756e-01
  1.9456087e-01
  6.7416918e-01
  9.8889810e-01
 -4.9186277e-01
 -1.0087508e+00
  1.0175155e+00
 -1.6256938e+00
  1.5049709e+00
 -1.9923148e+00
  2.8617693e-02
 -3.6237247e+00
  8.5839108e-02
  7.4063942e-02
 -1.1001928e+00
  2.6672098e-01
 -8.1725562e-01
  4.0127346e-01
 -1.3192491e-01
  9.7532350e-01
  5.6032354e-01
 -1.1841331e+00
  7.1110851e-01
  1.9329172e+00
 -6.5450758e-01
 -1.0121918e-01
  1.0006694e+00
 -8.8937163e-01
 -5.2002996e-02
  2.9531005e-01
 -1.9228278e-01
  4.5993660e-02
 -7.2010821e-01
  7.3292881e-02
  2.4884857e-01
  6.0117137e-01
 -1.8480130e-01
 -7.7632320e-01
  1.4676507e+00
  2.3699636e+00
  3.3940604e+00
  2.1410058e+00
 -3.1618714e-02
 -2.2228718e+00
 -7.7769977e-01
  2.1520832e-01
 -5.4439497e-01
  6.9027513e-01
 -7.8334385e-01
  4.9257097e-01
 -2.8796309e-01
 -1.2259098e-01
  3.3867452e-01
  2.1751209e-01
  1.5372354e+00
 -3.2688357e-02
  4.3922043e+00
  4.9723253e+00
  1.8930838e+00
  1.4648528e+00
 -2.7700588e-01
  1.0034298e-01
 -2.9909915e-01
 -2.4565531e-01
 -4.5537779e-01
  5.3700525e-01
  4.6102071e-01
  8.1493664e-01
 -3.0746847e-02
  5.1378858e-01
  5.0132163e-02
  2.7952066e-01
  2.0659752e+00
  2.5844488e+00
  2.9324532e-01
  1.6484306e+00
  7.2316386e-02
  3.5342214e-01
 -9.8288375e-01
  4.4976598e-01
  5.1462126e-01
  2.0236123e-01
  3.0141547e-01
 -2.3125286e-01
 -3.2832351e-01
  5.7200092e-01
 -4.7173280e-01
  1.8887790e-01
 -1.4464421e+00
  1.1593614e+00
 -3.3505017e-01
  3.5841289e-01
 -1.7340714e-01
  4.8744482e-01
 -5.3538555e-01
 -1.8261112e-01
  3.1073505e-01
  3.3919024e-01
  2.4651858e-01
 -5.1776761e-01
 -8.6638452e-03
  1.9481692e-01
  4.6552345e-03
  3.3496648e-01
 -9.5679963e-01
 -1.2947382e-01
 -8.2782879e-02
 -2.9016432e-01
  3.6125895e-01
 -2.0417531e-01
 -2.9913020e-01
 -4.5221148e+00
  4.4896591e-01
  3.9563572e-01
  4.2287976e-02
  2.4463071e-01
 -5.5038458e-01
 -2.0209854e+00
 -3.0123081e+00
  3.4816235e-01
  1.0696714e+00
 -7.0856661e-01
  9.9800181e-01
 -2.5593424e-01
 -1.5597724e-02
  1.9631118e-01
 -2.6603289e-02
 -3.1988776e-01
 -1.6751358e-01
 -4.7724286e-01
 -7.3935022e-03
  8.8553116e-02
 -8.2677819e-02
  2.1863408e-01
  4.3524316e-01
 -2.8169408e-01
 -2.3990488e-02
  2.5745721e+00
 -1.5276136e-01
 -2.8895845e+00
  4.3847951e-01
  1.2553252e+00
  1.0854380e-01
 -1.6501729e+00
  5.3662592e-01
  1.8130784e-01
 -3.5329220e-01
 -1.0750903e+00
 -2.6304194e-01
 -2.7721396e-01
  6.9761503e-01
  2.1080909e+00
 -2.4417424e+00
  3.7213916e-01
 -9.1686839e-01
  1.5594643e+00
  3.9580971e-01
  1.9977000e-01
 -6.8978012e-01
  8.3069575e-01
  1.1787175e-01
  1.8562922e-01
  7.5667548e-01
  1.3049127e+00
  1.2843712e-02
  5.6281526e-02
  1.9209995e+00
 -5.2359074e-01
  1.2511455e+00
  2.2860445e-01
 -1.8558909e+00
  6.9482493e-01
  2.4793269e-02
  4.5524827e-01
 -1.5538086e-01
 -7.7790320e-01
  1.9074207e-02
  7.2732031e-02
 -1.1470252e-01
 -1.3745239e+00
 -2.2800472e-01
  1.7309906e-01
 -1.9018912e+00
 -3.8345933e-02
  1.8928847e-01
 -2.8612559e+00
  2.2525940e+00
  1.9440298e+00
  2.6680806e-01
 -1.6185939e+00
  1.4665252e-01
  1.3519554e+00
  6.7747551e-01
 -2.8310525e-03
  4.9385554e-01
  4.5018440e-01
  3.6736256e-01
  6.8756139e-01
 -2.1041548e+00
  1.4933864e+00
 -1.3281013e+00
 -6.8453324e-01
  1.7989345e+00
 -1.7293378e+00
  8.5436754e-02
 -4.8515242e-01
 -7.4913460e-01
  1.0726684e+00
 -3.0557263e-01
  2.6857939e-01
  9.1587019e-01
 -2.6022532e+00
 -4.4255066e-01
  5.4150498e-01
 -1.1746473e+00
 -2.1069020e-01
 -1.7677732e+00
 -2.1033917e-01
 -2.1532659e-01
 -2.9229560e+00
 -6.8533629e-02
  1.5400481e+00
 -6.4896815e-02
  1.4294086e+00
  4.1216478e-01
  1.9971797e-01
  9.2867136e-02
 -1.5291505e+00
 -2.0131956e-01
 -4.7762281e-01
  5.9458828e-01
 -2.2089656e-01
  6.8937379e-01
  1.0312039e+00
 -1.8624718e+00
 -4.6453571e-01
  1.1345955e-01
  1.4719842e-01
  4.7298938e-01
  2.6956835e-01
  4.1991293e-01
  4.3051532e-01
  4.0895766e-01
  2.9258391e-01
  2.3067750e-01
 -5.2943379e-01
  6.7656904e-01
  5.8148456e-01
  4.8177171e-01
  1.2313996e-01
 -1.1257098e+00
  6.4652652e-01
 -1.2650794e+00
  1.1243346e+00
 -1.8913472e-01
  6.2151378e-01
 -2.6556718e-01
 -6.7907238e-01
 -1.0821302e+00
  1.0337814e+00
 -5.0823516e-01
  1.7483102e+00
  1.4128280e-02
 -3.7701979e-02
  2.5489814e+00
 -1.3467591e-01
  2.6793430e+00
 -1.6329373e-01
 -1.2122075e-01
  2.6693302e-01
 -9.2277296e-02
  4.1894293e-01
  4.1130060e-01
  3.0938908e-01
  1.1047685e-01
 -1.5667014e-02
 -9.3247384e-02
  7.0660061e-01
  9.4099283e-01
 -1.0788836e+00
 -1.1879418e+00
  5.4988730e-01
 -6.9260204e-01
 -4.3689485e+00
 -4.4393837e-01
  6.2518477e-01
 -5.0451513e-02
  4.5472649e-01
 -4.4460344e-01
 -3.4529579e-01
 -1.1973182e+00
  2.0081761e+00
  4.2132449e-01
  1.5485258e+00
 -2.9318430e+00
 -3.3803146e+00
  1.8230098e+00
 -1.4221190e+00
 -1.9147342e+00
 -2.0076826e+00
 -8.8554776e-01
  1.4298582e+00
 -3.7067494e-01
 -1.1138039e+00
 -3.4368214e-01
 -6.2637132e-01
  6.1235750e-01
  1.6858413e+00
  7.3739576e-01
  3.2605952e-01
  6.9698024e-01
  2.6236026e+00
  1.3232300e-01
  8.1876087e-01
 -9.9411225e-01
 -1.4455022e+00
  5.4904819e-01
  3.1676489e-01
  6.9246686e-01
 -2.6901871e-01
 -5.2956182e-01
  1.5420084e-01
 -1.0594399e+00
  3.2529196e-01
  4.3386588e-01
  2.9254395e-01
  8.4067887e-01
 -1.3453111e-01
 -1.0828543e+00
 -3.3370817e-01
 -4.2040981e-02
 -3.3319827e-02
 -7.6541066e-01
  9.9351680e-01
 -2.2257927e-01
 -3.0149519e-01
  9.0815894e-02
 -5.0448620e-01
  1.0346551e-02
  9.9686033e-01
 -5.3806841e-02
  1.3912513e+00
  3.3055356e+00
  1.0919468e+00
 -2.4897089e+00
  1.3879747e+00
 -1.1718487e-02
 -4.8339823e-01
 -7.3046070e-01
  9.4717097e-01
 -1.7833887e-01
 -3.2309044e-02
 -3.8194770e-01
 -2.7592966e-01
 -3.2191736e-01
 -1.6303588e+00
  2.3396657e+00
  1.0203980e-01
  1.6794125e+00
 -3.7298702e-02
 -2.2123609e+00
  1.6728395e+00
  3.5067233e-01
 -5.0539249e-03
 -3.8177937e-01
  9.6381408e-01
 -1.9454467e-01
 -1.1444658e-01
 -1.4077049e-01
  7.6438439e-01
 -1.2228657e+00
 -3.3465278e+00
  4.4776630e-01
  5.6136280e-01
  1.0070938e+00
  1.1646903e+00
 -6.1694747e-01
  1.2556715e+00
 -2.4564029e-01
  1.2615697e+00
 -7.6086259e-01
  5.4720289e-01
 -1.7315991e-01
  2.5285560e-01
 -2.9973817e-01
 -5.9233558e-01
 -1.3670096e-01
 -5.6738168e-01
 -4.9595752e-01
  8.7075859e-01
 -5.5759138e-01
 -8.4676987e-01
  3.8811469e-01
  6.5386605e-01
 -1.2898606e-01
  8.2412809e-01
  2.3608254e-02
  2.3608254e-02
  2.3608254e-02
  2.3608254e-02
  2.3608254e-02
  2.3608254e-02
  2.3608254e-02
  2.3608254e-02
  2.3608254e-02
  8.0966197e-02
  8.0966197e-02
  8.0966197e-02
  8.0966197e-02
  8.0966197e-02
  8.0966197e-02
  8.0966197e-02
  8.0966197e-02
  8.0966197e-02
  4.3532174e-02
  4.3532174e-02
  4.3532174e-02
  4.3532174e-02
  4.3532174e-02
  4.3532174e-02
  4.3532174e-02
  4.3532174e-02
  4.3532174e-02
  2.7023820e-02
  2.7023820e-02
  2.7023820e-02
  2.7023820e-02
  2.7023820e-02
  2.7023820e-02
  2.7023820e-02
  2.7023820e-02
  2.7023820e-02
  1.2391190e-02
  1.2391190e-02
  1.2391190e-02
  1.2391190e-02
  1.2391190e-02
  1.2391190e-02
  1.2391190e-02
  1.2391190e-02
  1.2391190e-02
  3.1623803e-02
  3.1623803e-02
  3.1623803e-02
  3.1623803e-02
  3.1623803e-02
  3.1623803e-02
  3.1623803e-02
  3.1623803e-02
  3.1623803e-02
