nep4 2 C Si 
cutoff 6 5 90 48
n_max 4 4
basis_size 8 8
l_max 4 2 1
ANN 80 0
 -2.6466990e+00
  6.1407518e-01
  1.7099103e-01
 -4.6017990e+00
  6.5708673e-01
  9.5280923e-02
  3.9224893e-01
 -4.8434255e-01
  5.7216424e-01
 -1.0551731e-01
  1.7799256e+00
  8.8388252e-01
  6.4613372e-01
 -1.5401285e+00
  2.3813310e-01
  1.4512928e-01
  8.0179644e-01
  2.8659138e-01
 -1.3669522e-01
  6.6551906e-01
  1.8633189e+00
  7.0003550e-03
 -3.5628060e-01
  1.7006111e+00
 -9.0883249e-01
  3.4209841e-01
  2.3807960e+00
 -5.8084041e-02
  5.7247564e-02
  1.1409991e-01
  3.9351988e-01
  2.5416002e-01
 -1.8929775e-01
  5.4079187e-01
 -6.0333967e-01
 -3.4984770e-01
 -6.7273505e-02
 -1.2793019e+00
  1.3073458e-02
 -4.2590377e-01
 -7.8629875e-01
 -3.1471705e-01
  1.1170367e-01
  3.0525264e-01
  3.7907895e-01
  2.4761404e-01
 -9.9887002e-01
  1.0144523e-02
  1.7527048e-01
 -8.5656188e-02
  4.3905079e-01
  1.4798051e+00
 -3.4660045e-02
  2.5402611e-01
  9.1492884e-02
 -1.6057831e-01
  1.3768169e-01
  8.7012857e-01
 -2.4822497e-01
  3.7870914e-01
  1.6208635e-01
  2.9558563e+00
 -2.4390718e-01
  4.2943203e-01
 -4.1141605e-01
  1.3003929e-01
 -1.3842918e-01
 -3.4364864e-01
  2.6869923e-01
  3.4547871e-01
 -1.8039018e+00
  4.7391212e-01
  3.1913514e+00
  2.2859378e+00
 -1.6480525e+00
 -2.3574540e-02
  3.6658591e-01
 -1.1067348e+00
 -9.9027652e-01
  4.3148601e-01
 -4.8755156e-03
  8.4818256e-01
  2.5208369e-01
  1.4035168e+00
  1.0633947e+00
  7.9603046e-01
 -1.7779692e+00
  3.3368888e-01
  2.3597501e-01
 -5.9730947e-01
 -1.1051839e-01
 -1.2484796e+00
  9.0982664e-01
  2.5233819e+00
 -7.4700989e-02
 -8.1251693e-01
 -9.4066966e-01
 -8.0269784e-02
 -2.7818856e-01
 -3.3762458e-01
  2.0090827e-01
  1.7598103e-01
 -6.0978717e-01
 -2.2603747e-01
  1.8096256e+00
  7.2782671e-01
  4.3933222e-01
 -5.2649671e-01
 -7.9657006e-01
 -2.1177766e+00
 -3.4661812e-01
 -1.5370247e-02
 -4.7242507e-01
 -3.6689424e-05
  4.1981432e-01
 -2.7445891e-01
  5.2772015e-01
  6.6533202e-01
  1.4909781e+00
  2.6980728e-01
 -2.2042230e-01
 -2.8336811e+00
 -7.9430128e-03
  3.3307269e-01
  1.4597213e-01
 -1.5333536e-01
 -1.4606862e+00
 -4.9515775e-01
 -1.2904589e-01
 -2.8447363e-01
 -1.8357240e-01
  1.4897393e-01
  6.2589806e-01
 -3.3914074e-01
 -5.4080237e-02
  1.7730317e-01
  1.9347543e-01
  2.5563204e-01
  2.6567438e-01
 -4.1835248e-01
  5.0653163e-02
 -1.7916666e-01
 -1.8938078e+00
  6.8246283e-02
 -8.7582842e-02
  1.4258648e-01
 -1.5849011e-01
  5.7281566e-01
 -6.7688298e-01
  2.6688531e-01
  6.6836201e-02
  3.2903978e-01
 -1.0111932e+00
 -1.1721906e-01
 -4.2640600e-02
 -1.7107186e-01
 -1.2580842e-01
 -3.8125914e-02
  8.3576131e-01
  3.6191106e-01
  6.8306231e-01
 -3.7420461e-01
  1.5662043e-01
 -3.8227994e-02
 -1.0477287e+00
  1.3935579e+00
 -1.1846427e-01
  3.3982281e-02
 -1.3019820e+00
  1.3277653e-01
 -2.9885876e-01
 -2.3963411e-01
 -9.8705626e-01
  3.1859830e-01
 -8.0939204e-02
 -1.0780582e+00
 -4.7115529e-01
 -1.9116583e+00
  1.3983174e-01
  4.4767910e-01
 -8.6587965e-02
 -1.0374027e-01
 -3.6524263e-01
  7.2000051e-01
  1.2477997e-01
 -2.9152018e-01
 -3.0990534e+00
 -1.9081593e-01
 -1.0108640e-01
 -1.5532469e+00
  3.7140942e+00
 -2.7594876e+00
 -6.8229020e-01
  9.3977451e-01
 -2.0107706e-01
  2.4659784e-01
 -2.7911174e+00
 -2.1301129e-01
 -4.9369529e-01
 -3.9392686e-01
  3.5206550e-01
 -4.4773969e-01
  2.4881709e-01
  3.3924669e-02
  8.5347825e-01
  5.3205884e-01
 -2.5154340e-01
  3.1243679e-01
 -4.3233894e-02
 -1.6163200e-01
  1.8127244e+00
 -9.1104299e-01
 -1.7486516e-01
  2.5675979e+00
  9.7362840e-01
  7.3450148e-01
  1.3197820e+00
 -3.6652365e-01
  2.3700442e+00
 -9.0963727e-01
 -2.7803631e+00
  1.2098398e+00
 -1.1636820e+00
 -1.0410576e+00
  1.0943686e+00
  1.0454192e+00
  9.1994798e-01
 -1.7112712e+00
 -1.7775017e+00
  6.1169261e-01
 -1.2256044e-01
 -1.3726764e+00
 -7.3978007e-01
  1.9188263e+00
 -4.3381616e-01
  1.0642916e-01
  2.9811633e-01
 -2.0696740e-01
 -1.1710837e+00
  5.7732530e-02
 -4.2815760e-01
  4.6241757e-01
  2.4970785e-01
 -1.2079608e+00
 -6.7622885e-02
  1.4067138e+00
  1.9300582e-01
 -1.1988235e+00
 -4.7535527e-01
 -8.8938713e-01
  6.0017217e-02
  2.5193287e-02
  7.4637341e-01
  1.6892478e-01
  2.6285860e-01
 -2.6732644e-01
  5.5699396e-01
 -4.5542922e-03
 -7.7586830e-01
  2.0605902e-01
 -1.5036148e-01
 -5.8593098e-02
  1.1425654e+00
  4.8171517e-02
  6.7866224e-01
  3.7268385e-01
  8.4402375e-02
 -7.6399767e-01
  8.4999166e-02
 -9.8685747e-01
  8.6923623e-01
  6.7715935e-02
 -1.6460265e-01
 -2.6233807e-01
  8.4813476e-01
 -3.1749812e-01
 -4.1956916e-02
  3.9353663e-01
 -3.1224519e-01
 -1.4526878e-03
  1.4503428e+00
 -6.2204104e-02
 -9.6872097e-01
  7.4148498e-02
  1.3280933e+00
  2.5420226e-02
  4.3927723e-01
  8.2073104e-01
 -1.8234060e+00
  6.7073721e-01
 -2.2847301e-01
  2.3384124e-02
 -3.5019746e+00
 -3.0603487e+00
  1.6642390e-01
 -5.0886220e-01
  1.1234307e+00
 -9.5383808e-02
 -1.5783329e+00
  8.6424306e-02
  2.9389146e-01
 -7.7153748e-01
 -5.1022065e-01
 -5.5229217e-01
  4.5777550e-01
 -2.0634156e-02
  1.8415459e+00
 -2.4534982e-02
  1.8988860e+00
 -2.5683686e-01
 -5.4846305e-01
 -5.2026099e-01
  2.2257206e-01
  2.5150165e-01
 -1.6939442e-01
 -9.7154063e-01
 -4.9710929e-01
 -1.1768122e+00
 -1.1883554e+00
  1.6023219e-02
  1.5288369e-01
  4.2588606e-01
  7.5447524e-01
  4.6326140e-01
 -7.4281269e-01
 -6.6450641e-02
  6.4170581e-01
 -1.3225847e-01
 -2.2558622e-01
  1.0517690e-01
  5.1846929e-02
 -6.9870734e-01
  1.3077895e-01
 -2.9882905e-01
 -1.4279981e-01
  6.5111339e-01
 -4.7826764e-01
  4.8926450e-02
 -3.8101771e-01
 -6.5264392e+00
  5.2670848e-02
  1.4303936e-01
 -3.5248899e-01
 -1.1589448e-01
 -2.1691592e-01
 -2.7212033e-01
  4.3732914e-01
 -4.6533418e-01
  4.3682862e-02
 -1.5814478e+00
 -1.2591017e+00
  1.6439471e-01
  5.7973665e-01
 -3.9540428e-01
 -6.5598232e-01
 -7.7868581e-01
 -2.1706223e+00
 -1.6954200e-01
 -4.4627821e-01
  5.7330704e-01
 -8.3520550e-01
  3.8963902e-01
  1.7225693e+00
 -9.8911762e-01
  4.1289645e-01
 -2.6244149e-01
 -2.0371847e+00
 -3.7406906e-01
 -2.6089189e+00
  5.7975662e-01
 -4.5371051e+00
 -4.8865211e-01
 -3.1732747e-01
 -3.9533046e-01
 -8.5566747e-01
 -1.2542310e-01
  3.1483796e-01
  2.9919276e-01
  6.4792103e-01
  1.4868242e-01
 -4.0999803e-01
 -5.5560046e-01
  1.5897839e-01
 -6.2354970e-01
  8.7627865e-02
 -3.6449273e+00
  1.4653105e-01
  1.0344867e+00
  9.9534804e-01
  3.7663996e-01
  3.9950544e-01
 -9.0754169e-01
  1.0220332e+00
  7.3846984e-01
 -2.3471908e-01
 -6.8343811e-02
 -5.1930547e-01
 -2.7395241e+00
 -3.6643878e-01
 -1.0950187e+00
 -7.2181123e-01
  1.5671219e+00
  8.4819400e-01
 -1.5038326e+00
  4.6492625e-02
  3.9346229e-02
  9.4838098e-02
  4.2707750e-01
  1.1071186e+00
 -7.6188666e-01
  1.2185674e-01
 -2.7039762e+00
  3.0343783e-01
  4.7854829e-01
 -6.6801059e-01
 -4.6225604e-01
  7.6237714e-01
 -3.9518237e-01
  9.7910464e-01
 -2.0294887e-01
 -1.2333653e+00
 -1.6686383e+00
 -2.8798892e+00
  9.5626563e-01
  1.1088395e+00
  2.1020484e+00
 -1.2539588e+00
 -1.5592077e+00
 -3.9234027e-01
 -7.1488284e-02
 -1.8440828e+00
 -2.2542877e+00
 -1.3097842e+00
  3.1932074e-01
 -1.6639007e+00
  1.8993528e+00
  6.4172804e-02
 -7.3539102e-01
 -1.6461076e+00
 -2.2499549e-01
  1.7686974e-01
  1.3592319e+00
 -8.4784013e-01
  3.4460017e-01
  4.9376962e-01
  3.8910475e-01
  1.5082523e-02
 -2.6534286e+00
  3.8443875e+00
 -5.2367121e-01
 -1.9596682e-01
 -4.4606811e-01
 -2.0512199e-01
  9.2183806e-02
  5.8847332e-01
  5.2898204e-01
 -8.8239238e-02
 -3.4094634e+00
 -1.5016256e-01
  2.0022390e+00
  1.8740521e-01
 -8.0572528e-01
  6.6004455e-01
  2.4161184e+00
  1.5873328e-02
 -9.8915559e-01
 -3.9214548e-01
  1.6033258e+00
  1.0861695e+00
 -1.0556486e+00
  1.9272673e+00
  2.3020480e+00
  3.1233993e-01
 -2.5530303e+00
 -2.5674576e-01
 -1.4151745e+00
 -2.5310748e+00
  7.4780649e-01
  1.3618014e+00
  9.6727729e-01
 -1.0002291e+00
 -8.6612284e-01
  5.7819206e-01
  3.5779002e-01
  6.9187027e-01
  2.0596702e-01
  2.2717724e-02
  2.0678979e-01
  5.1986091e-03
  7.9115164e-03
 -2.3557390e-01
  1.3287854e+00
  6.3730800e-01
  7.5423646e-01
  4.1694112e+00
  5.3299832e-01
 -6.8061721e-01
 -6.6714764e-01
  1.4435939e+00
  1.6563271e-01
  1.3552794e-01
 -2.1735017e+00
 -7.3153359e-01
 -4.2124754e-01
 -2.8173575e+00
 -3.5021045e+00
 -4.7835383e-01
 -2.6368468e+00
 -1.1619521e+00
 -5.2985376e-01
  7.0622069e-01
 -1.3218719e-01
  3.8442561e-01
 -3.3952775e+00
 -2.3005855e+00
  4.5561859e-01
 -2.5265014e+00
  2.3385320e-02
  1.0978794e+00
 -6.9113553e-02
  9.4058797e-02
  7.6112860e-01
 -3.0896419e-01
 -3.2435030e-01
  1.3932136e-01
 -1.5553435e+00
 -1.1520727e-01
 -2.9625485e+00
  4.1048974e-01
 -4.3274730e-01
 -7.6243269e-01
  3.2085305e-01
  2.6513156e-01
  8.4420168e-01
 -1.3852409e-01
  5.3860950e-01
 -6.7557335e-01
 -2.0064704e+00
 -1.7904249e-01
  6.9544695e-02
  1.3603967e-01
 -2.9626009e-01
 -6.9623893e-01
 -6.3953131e-01
  1.2025220e+00
  5.0014722e-01
 -5.6943491e-02
  1.0424896e+00
  3.9685023e-01
  1.9212279e-02
 -3.9520606e-02
  1.9714385e-01
 -4.4154039e-01
 -2.8873244e-01
 -3.5220113e-01
  5.4806900e-01
  3.5488838e-01
  6.2793404e-01
  4.7094840e-01
  3.9876398e-01
 -8.6285472e-01
  4.2033954e+00
  2.1992068e+00
  1.4560976e+00
  1.4394289e+00
 -1.1515316e-01
  1.8340176e+00
  1.9666797e+00
  2.9508099e-01
 -2.0605567e-01
  2.7112680e-02
 -1.7703850e+00
 -4.0182620e-01
  1.6099924e+00
 -5.8491010e-02
 -3.6425003e-01
  1.5315431e+00
 -1.7798022e+00
 -1.8751845e+00
 -8.3575833e-01
  8.5003543e-01
  7.3676246e-01
 -3.3670726e-01
 -1.0984313e+00
  4.4550914e-01
 -3.9025271e-01
 -1.3772373e-01
  1.2916510e+00
  1.2649544e+00
  5.0824948e-02
 -2.5866118e-01
  9.1958288e-03
  7.1379530e-01
 -6.2493328e-02
  6.6483639e-02
  7.7550806e-02
  3.5243309e-01
  5.9850746e-01
 -1.2845913e-02
  8.4266968e-02
 -1.4226015e-01
  7.5653064e-01
 -3.0618437e-02
  2.2991435e-01
 -3.8131323e-02
 -8.7652497e-02
 -4.8418730e-03
  1.2556806e-01
 -9.0705700e-02
  3.0594504e-01
 -1.5983218e-01
  4.3864000e-01
 -2.6113436e-01
  5.4066563e-01
 -3.1203827e-01
 -3.7069548e-02
 -1.4610054e-01
  1.8439089e-01
  4.3854940e-01
 -8.8850625e-02
 -1.1435021e-02
  2.2515279e-01
 -3.4199160e-01
  2.4172603e-01
  2.1925902e-01
  2.6670855e-01
  2.7528511e-02
 -7.7685678e-01
  2.7950984e-01
  3.4915131e-01
 -1.6439768e-02
  3.6566772e+00
 -3.7316678e+00
 -2.1337602e+00
  3.4649670e+00
 -6.0549366e-01
 -3.2654434e-01
  1.5940350e+00
  1.3837522e-01
  4.0150696e-01
  1.2123915e+00
  1.1004232e+00
  2.8151610e-01
 -3.8246077e-01
  6.6926467e-01
  2.8506947e-01
 -6.5690148e-01
  3.4332204e-01
 -1.6265936e+00
  3.4987509e-01
 -1.0529380e+00
 -7.5105101e-01
 -5.8644092e-01
 -1.9741021e+00
  5.6548309e-01
 -5.7026786e-01
 -3.8092187e-01
  3.3782119e-01
 -4.4081220e-01
  3.0233614e-02
  3.7279144e-01
  2.6757696e-01
 -4.4939139e-01
 -4.4464197e-02
 -3.4522350e+00
  1.8501092e+00
 -1.2557982e-01
  4.1572884e-01
 -1.1475475e+00
 -3.2833121e+00
 -4.1483444e-01
 -1.4775774e+00
  2.5906113e-01
  2.2979023e-01
 -1.0369762e+00
  3.8255113e-01
 -4.0098381e-01
 -3.6928456e-02
  1.2584156e+00
 -4.7695291e-01
 -4.5961389e-01
  2.3906043e+00
 -5.3814375e-01
 -2.8809311e-02
  3.2861292e-01
 -2.4996935e-01
 -6.5259808e-01
 -4.3850836e-01
 -6.1779183e-01
  5.6821966e-01
 -3.1819299e-02
  1.9698972e-01
  1.8627878e-01
  3.3725641e+00
 -7.7124119e-01
 -9.4704187e-01
 -2.9775470e-01
 -1.6190089e-01
 -5.8179849e-01
  1.8697280e-01
 -1.8181707e-01
  6.9801188e-01
 -7.3732549e-01
  2.1820633e+00
  1.9131668e+00
 -7.0424742e-01
  1.1302070e-01
  2.1129031e+00
  2.2579134e-01
 -4.1019688e+00
  1.0985602e-01
 -2.7476043e-01
 -4.4226244e-01
  1.3582568e+00
  2.0687479e-01
  5.3283393e-02
  9.5368230e-01
  1.2516464e-01
  8.6232299e-01
 -1.0225028e+00
  7.8608163e-02
 -8.4797573e-01
  1.1324220e+00
  2.1357937e+00
  3.6855432e-01
  7.6545829e-01
 -6.4101033e-03
  7.0052308e-01
  6.0515141e-01
 -8.1397876e-02
 -2.0097654e-01
 -5.0707690e-02
  1.6786292e-02
  2.6014996e-01
 -1.0764527e-01
 -7.2010607e-01
 -7.2823668e-01
  1.0804752e+00
  7.7422869e-01
 -1.9197440e+00
 -7.1147919e-01
 -5.9633887e-01
 -9.9974252e-02
 -2.5264654e-01
  7.2737199e-01
  5.8175731e-02
  1.3529652e+00
  3.2975405e-01
 -7.0877206e-03
 -4.5718253e-01
 -1.0918152e+00
  1.8296912e+00
  4.2539355e-01
  1.4315878e+00
 -3.6188948e-01
  9.4502461e-01
 -3.5273826e-01
 -3.4420758e-01
 -1.1655152e+00
 -2.0815916e+00
  2.1943864e-01
  2.0667060e-01
 -3.1533787e-01
 -5.7107341e-01
  6.0121059e-01
 -1.4438194e-01
  1.8251249e+00
  5.2833778e-01
  5.8679987e-02
  1.7554946e+00
 -1.1705785e+00
  5.5708742e-01
  4.3933666e-01
  1.6215137e-01
 -5.4964459e-01
 -1.5255551e-01
 -2.7317571e-02
  6.4559591e-01
  3.7270272e-01
  1.9691439e-02
  4.5669362e-02
 -4.2248166e-01
 -2.5586990e-01
 -2.8047349e-02
  6.2594694e-01
 -1.1320069e-01
 -4.2206195e-01
 -5.1336938e-01
 -3.1598368e-01
  4.9623258e-02
  8.2125551e-01
  1.9595663e-01
  2.7478203e-01
 -3.2770345e-01
 -3.2897049e-01
 -2.2918146e+00
  2.8097653e-01
  4.5826173e-01
  1.9519554e-02
  1.2008528e-02
  1.1225332e-01
 -6.3538694e-01
  5.8815587e-01
  1.6133857e-01
 -4.7137639e-01
  1.0408838e-01
 -1.1419013e+00
  1.0219768e-01
  1.2480501e+00
 -1.1923251e+00
 -3.1312120e-01
  3.1991389e-01
  3.9432887e-03
 -2.8009722e-01
  2.1029103e-01
 -2.8627786e-01
 -7.3960948e-01
  7.2429800e-01
  4.0984711e-01
 -2.2376254e-01
 -3.2524177e-01
  4.7730958e-01
 -3.0193746e-01
 -4.9056124e-02
 -1.1769151e-01
 -2.4776748e-01
  7.3639423e-02
 -3.2955120e+00
 -3.2498655e-01
 -4.4688410e-01
  9.8684371e-02
 -3.7324521e-01
 -3.5641396e-01
 -3.5696709e-01
  1.5687190e-01
  6.3751990e-01
 -1.5386064e-01
  2.5859213e-01
  2.4342499e+00
  3.5752931e-01
  6.0359246e-01
 -2.0557912e-01
  5.3161418e-01
 -1.0125008e+00
 -2.5797448e-01
 -4.5703346e-01
 -4.1774115e-01
 -2.7935055e-01
  5.8432668e-01
  4.0297508e-01
 -5.3452224e-01
  7.0833558e-01
 -1.9998896e-01
 -2.7990648e-01
 -1.1748655e+00
  6.2470144e-01
  5.9041196e-01
 -3.9575136e+00
 -3.2485595e-01
  6.7159033e-01
 -1.9631496e-01
 -3.7944162e-01
  1.4243072e+00
 -6.9652379e-01
 -2.7843428e-01
 -1.4619859e-01
 -3.7459496e-01
  3.8376006e-01
 -5.4417926e-01
 -2.8261113e-01
 -3.6217874e-01
 -1.3011388e-01
  6.8400949e-02
 -1.0580861e-02
 -1.0226370e+00
 -3.7544584e-01
 -2.1830356e-02
 -1.0684485e+00
  7.2062010e-01
  7.6479596e-01
 -3.4167438e-03
 -2.5165713e+00
 -8.9165950e-01
  5.3371079e-02
  1.4052454e+00
  3.0858192e+00
 -1.2963010e+00
 -1.5437535e+00
 -1.8683624e+00
  1.7440821e-01
 -4.3701711e+00
  3.5162716e+00
 -1.8849711e-01
 -3.5721040e+00
 -2.3552728e-01
 -2.2517881e+00
  1.3155832e+00
  8.9659876e-01
 -2.9390891e+00
  6.2517595e-01
  2.8717247e-01
  6.2748951e-01
  1.3252680e-01
  6.7278236e-01
  6.6347706e-01
 -2.1682127e-01
 -2.7420434e-01
  6.0018098e-01
 -5.3106714e-02
 -2.1267514e-01
 -2.8612712e-01
 -1.3716003e-01
  3.4511787e-01
 -6.3574785e-01
  5.9152466e-01
 -6.1528879e-01
 -1.5569009e-01
  9.0792167e-01
 -6.2065922e-02
  6.9514400e-01
  1.5141478e-01
 -1.3666657e-01
  3.4613332e-01
  5.3743291e-01
  5.4222895e-05
 -1.4981277e+00
  2.3985147e-01
  1.6341938e-01
  4.8981646e-01
  5.3253144e-01
 -4.9392965e-01
 -8.3329320e-01
 -4.3577760e-02
  5.7796337e-02
  8.7112445e-01
  3.3134875e-01
 -2.5247115e-01
 -3.3339384e-01
  2.4298273e-01
  3.3380133e-01
  8.6678219e-01
 -6.2636420e-02
  7.9532391e-01
  1.2336698e+00
  3.9248776e-01
  1.7339842e-01
 -5.3464943e-01
 -3.9874092e-01
 -7.8232652e-01
  1.7519239e-01
  4.4730207e-01
  7.7185351e-01
  1.3067085e-01
 -1.0810689e+00
  4.7053310e-01
  1.6885580e-01
  1.8654051e-01
 -1.6033476e-03
 -1.8299061e-01
 -6.6562913e-02
 -1.2654169e+00
  7.8234442e-02
 -2.5781350e-02
  6.9905438e-02
  1.7251463e-01
 -5.1981360e-02
  2.8641653e-01
 -4.2273331e-02
 -5.1873382e-02
  3.2009374e-02
 -1.2808229e-01
  1.5611278e-01
 -7.0747703e-01
 -5.6628966e-01
  5.1066655e-01
  9.9961436e-01
  1.8522947e+00
  1.1669260e+00
 -4.8070213e-01
 -3.2253706e-01
 -3.2417923e-02
  1.0647662e+00
  8.0452234e-01
 -8.9206368e-01
  2.0284622e+00
 -7.3960358e-01
 -9.3168473e-01
 -6.9458902e-01
 -7.8110963e-02
  5.4897040e-02
  2.7109125e-01
 -5.0428450e-01
  7.9951560e-01
 -4.4940224e-01
  7.8281738e-02
 -3.7640560e-01
  6.8174738e-01
  5.4443741e-01
  8.3341964e-02
  4.5677799e-01
 -1.3495222e+00
 -1.2040865e+00
 -9.1979301e-01
  2.4334271e-01
 -5.8876645e-02
  1.3079064e-01
 -1.6755505e-01
 -1.8807199e-02
  1.2436532e+00
 -8.5371144e-02
 -4.3725917e-01
  7.5500950e-02
  1.9207577e+00
 -1.1590596e-01
 -1.3988018e-01
  6.5457672e-01
  8.4483516e-01
 -7.8038275e-01
  3.1700060e-01
  4.7954145e-01
 -1.0316901e-01
  1.4512821e+00
 -3.1332183e-01
  4.0532075e-02
 -4.7987255e-01
  7.1302161e-02
 -2.8360203e-01
  3.5718880e+00
  4.1088775e-01
  1.5915065e-01
  4.8226690e-01
  7.0693421e-01
  2.6939946e-01
 -7.7411014e-01
 -1.1186738e+00
 -3.1101045e-01
 -1.4681743e-01
 -3.7609217e-01
 -2.6162989e+00
 -2.7522010e-01
 -2.5303066e-01
 -8.4322172e-01
  5.5769348e-01
  3.7551281e-01
  4.7905603e-01
  5.5595309e-01
 -8.4996171e-02
  3.4018525e-01
  6.7429304e-01
 -6.5356183e-01
 -1.0286294e+00
 -4.9684849e-01
 -3.2929930e-01
 -2.5023368e-01
 -4.3593481e-01
  3.3240810e-01
 -2.5261852e-01
  6.4464134e-01
  1.1897713e+00
 -2.9951960e-01
 -9.7755063e-01
 -4.7356462e-01
 -4.3580675e-01
 -3.8814235e-01
 -5.9925791e-02
 -5.4895687e-01
 -1.7622192e-01
  1.8813329e-02
  3.5296100e-01
 -3.3571196e-01
  8.9805359e-01
 -1.7978732e-01
 -3.5706449e-01
 -8.5305768e-01
 -3.8580027e-01
  6.8052723e-03
 -5.0349438e-01
 -2.0589730e-01
 -3.0064368e-01
  3.7247610e+00
 -4.6494436e-02
 -1.4459802e-01
 -4.2006820e-01
  6.2291138e-02
  9.0480715e-02
  3.1737819e-01
 -5.0550884e-01
  1.8291521e-01
  5.4185635e-01
  9.4186939e-02
  2.7570710e-01
 -5.9999746e-01
  6.0683925e-02
  2.0400514e-01
  1.0780640e-01
  2.1083145e-01
 -1.0057290e-01
 -7.5479113e-03
 -3.1064790e-01
  5.6503424e-03
  5.7828224e-01
 -1.9452551e-01
 -2.6557531e+00
  2.1446766e-01
  3.0885473e-01
  8.2318097e-01
  5.4653597e-01
 -2.3800269e-01
 -2.1802120e-01
 -2.3296942e-01
  2.0815118e-01
  1.8190810e-01
 -1.8409872e-01
 -3.9896336e-01
 -2.7783132e-01
  3.0120337e-01
 -1.7981140e-01
  2.4059453e+00
  4.4122684e-01
  3.3775550e-01
  1.2638628e+00
  1.2140344e+00
  6.2786347e-01
  6.0130578e-01
 -5.0378684e-02
 -4.1294140e-01
 -5.1254940e-01
 -1.7185327e-01
  3.1516927e-01
  1.3515115e-01
 -3.8388029e-02
  3.2619923e-01
  6.6216090e-03
 -4.3895593e-01
 -3.9066699e-01
  7.6594189e-02
 -8.8064510e-01
  9.5779426e-02
 -1.0086064e+00
  6.5696979e-01
 -4.0966341e-01
 -2.0860596e-02
  5.6712461e-01
 -5.8269578e-01
 -1.2092642e-01
  1.5680587e-01
  8.3390787e-02
  1.0548539e+00
  1.5935962e-01
 -2.0221705e-03
 -3.5814232e-01
  5.6108725e-01
  1.4403477e-01
 -5.2635610e-02
 -8.6104512e-01
 -2.5081107e-01
  8.6708404e-02
  5.5966663e-01
  2.6692646e+00
  9.9178307e-02
  8.0612637e-02
  2.4746881e-01
 -2.8486726e-01
 -4.0884588e-02
 -4.7720462e-01
  5.4994005e-01
  7.8047448e-01
  4.3278447e-01
  7.7869013e-02
 -7.1149957e-01
  4.5066208e-01
  1.6053940e-01
  2.3189291e-01
 -8.4435001e-02
 -3.2262668e-01
  6.4197427e-01
  7.7860600e-01
 -1.4933231e-01
  2.6250875e-01
  2.1929352e-01
  1.4400020e-01
  3.6556086e-01
 -2.6757261e-01
 -1.3253078e-01
  4.2519908e-02
 -2.8749579e-01
 -2.8856018e-01
 -7.5267029e-01
  2.5310692e-01
 -3.0949700e-01
 -4.4401869e-01
 -3.3548355e+00
 -5.7242662e-02
  7.2559494e-01
 -1.6587219e+00
  1.4828099e+00
  2.1705515e+00
  1.0332775e+00
 -1.8192999e+00
  1.5779379e-01
  1.9653872e+00
  1.7319070e+00
  8.8727348e-02
 -1.5187455e+00
 -2.7050260e-01
  4.0057116e+00
  8.4286511e-01
  1.9130932e+00
 -6.9108182e-01
 -1.1748739e+00
 -1.0484745e-02
 -1.4641017e+00
 -9.8373699e-01
  2.4274867e+00
  2.5140159e+00
  1.5323790e+00
 -2.1698518e+00
  5.0957388e-01
  2.1361151e+00
 -2.5039384e+00
  1.6663916e-01
  1.2135401e-01
 -3.3154109e-01
 -3.9284053e-01
  7.6105404e-03
  8.0888575e-01
 -1.1445607e-01
 -3.3232636e+00
  8.1920469e-01
  5.3569824e-01
 -2.6277784e-01
  3.9049345e-01
 -8.2703680e-01
  1.3166853e+00
  3.0789310e-01
 -4.7669250e-01
  6.2947178e-01
  6.8728006e-01
 -4.5389122e-01
  1.5757218e-01
  2.6224118e-01
  2.8314896e+00
 -3.8758039e-01
  1.0325186e+00
  1.5124966e-01
  5.0091016e-01
  9.6764028e-01
 -3.9549464e-01
  1.3805149e+00
 -4.8379043e-01
  4.2350677e-01
  1.6307510e+00
 -1.4991696e+00
 -3.9651340e-01
  6.1076856e-01
 -3.8555506e-01
  2.0853952e-02
 -2.0954648e-01
 -9.2913574e-01
  5.3879154e-01
  9.6046450e-03
 -4.4506542e-02
  1.4199655e-01
 -9.7098134e-02
  8.6752903e-01
  2.1590199e-03
 -1.6005862e-01
 -2.4275100e-01
 -3.1024786e-02
  2.5126636e-01
 -4.5733359e-01
  3.8008663e-01
  7.4037635e-01
  1.6816454e-01
 -1.2133467e-01
 -1.3459778e-01
 -1.4987312e-01
 -1.7639279e-01
  4.4233024e-01
 -1.2577149e+00
 -1.4653638e-01
 -3.5543308e-01
  1.6397373e-01
  2.5993660e-01
  4.1132499e-02
  8.3407037e-02
  3.4384698e-02
  2.2523129e-02
  9.1437712e-02
 -1.6891660e-01
 -3.0531078e-03
  2.1333929e-02
 -5.3305990e-01
  1.8809965e-01
 -1.1195383e+00
  2.7852585e+00
 -7.3294699e-01
 -2.0207956e+00
  2.8006406e+00
 -2.3277547e+00
  8.5466474e-01
  2.8450638e-01
  4.4713596e-01
  1.2533716e+00
 -5.8361721e-01
  3.7587696e-01
 -1.6340678e+00
  2.2140999e-01
  7.6477993e-01
 -1.0696009e+00
 -4.7934979e-01
 -1.1131536e+00
  8.1021285e-01
 -1.0543261e+00
 -7.7868208e-02
  1.7167710e-01
 -1.2302257e+00
  1.8644675e+00
 -8.4819376e-02
  2.7659014e-01
 -4.7933999e-01
  5.7602119e-01
  9.0525024e-02
  7.9783428e-01
  2.1944267e-01
 -1.1999100e+00
  6.5353411e-01
  3.7760055e-01
 -1.4667641e-01
  4.0535125e-01
  3.3567536e-01
  1.9976335e+00
  6.4661521e-01
 -1.3772684e-01
  5.0725734e-01
  2.1343420e-01
  1.5909944e+00
 -1.9407034e-01
 -3.7416942e-02
 -4.7119629e-01
  1.3086019e+00
  3.3807436e-01
 -1.0874370e+00
  1.9851962e-01
 -4.6196437e-01
  7.3942995e-01
  1.2683684e-01
  1.0193692e-01
 -5.3005785e-01
 -3.8968393e-01
  1.8414985e-01
 -5.1540278e-02
 -1.5381711e-02
  1.4283429e+00
 -7.4894589e-01
 -1.5627831e-01
  3.9691818e-01
 -1.6486429e-01
  5.7443403e-02
 -6.9468180e-03
 -2.1212869e+00
  1.6696187e-02
 -2.8222331e-01
  2.8391510e-01
  8.2330570e-02
  4.2265752e-01
  2.3257153e+00
  1.4847048e-01
  1.1247159e-01
 -1.7914467e-01
  1.0715593e+00
 -9.2389053e-01
  6.6998467e-02
  9.3440160e-02
 -1.3257536e-01
 -5.2265637e-02
  1.8583878e+00
 -4.2363623e-01
  1.0456102e+00
 -1.4366624e-01
  1.9267161e-01
  4.2535588e-02
  3.5342565e-01
  1.9247957e-01
  1.7446388e+00
 -1.9132768e-01
 -2.2433784e+00
  2.9943147e-01
  2.5019330e-01
  1.3863233e-01
 -4.9807167e-01
 -1.1917657e-01
  3.8343778e-01
 -2.8589708e-01
  2.3860572e-01
  1.5948455e-01
 -1.3791515e-01
  8.0271557e-02
  2.0341214e-02
 -6.2958288e-01
  5.8029944e-01
  1.0658231e+00
 -8.8488948e-01
  1.0779796e+00
  1.0417848e+00
 -5.0023544e-01
  1.6489384e+00
  3.7400663e-01
  8.0967325e-01
 -6.9374286e-02
  2.6548466e-01
 -1.9764248e+00
  1.1729258e-01
 -3.2639280e-01
  4.1587132e-01
  3.8302335e-01
  1.0114920e-01
 -5.2165526e-01
  2.4251814e+00
 -1.2667564e-01
  2.8507221e-01
 -1.3748906e+00
 -7.4934207e-02
 -1.2782112e+00
 -1.0278476e+00
  1.2042653e-01
  8.0507606e-01
  1.4324522e+00
  1.1294468e-01
 -1.3799435e-01
  1.1807469e-01
 -2.7088009e-02
  1.7754278e-01
  2.2928165e-01
  4.7761094e-02
  3.8938785e-01
  1.5321355e+00
 -2.5152674e+00
 -4.0401500e-01
 -7.6680893e-01
  1.1189067e+00
 -6.9054562e-01
 -1.0127330e+00
  6.3472664e-01
 -1.1473459e+00
 -2.2454785e-01
  1.4443640e+00
  1.1942770e-01
 -1.2655278e+00
 -7.8124404e-01
 -1.6185522e-01
  1.7559571e+00
 -1.4314285e-01
 -2.4145095e+00
 -2.0828099e+00
 -1.3315450e+00
  8.6875296e-01
 -1.8761553e+00
  4.1532874e-01
  3.0724961e-01
 -6.9688064e-01
 -6.3548863e-01
  6.3905901e-01
  8.0403429e-01
 -1.0296987e-01
  7.5716454e-01
  1.2014356e+00
 -1.8128105e-01
  1.0224445e-02
  9.4164185e-02
 -1.2274194e-01
 -2.3535030e-01
  5.8814347e-01
 -4.6408424e-01
 -1.9349502e-01
  3.7263444e-01
 -3.0326846e-03
 -2.9215989e-01
  1.3843508e-01
  2.8041545e-01
 -7.5909537e-01
  1.7562112e-01
 -3.0150595e-01
 -8.8638014e-01
 -4.1167717e-02
  1.1477695e-01
 -4.4689855e-01
 -2.1017551e-01
  2.3658633e-01
 -6.1451405e-02
 -5.9200928e-02
 -2.0770086e-01
  3.8530955e-01
 -4.6852687e-01
 -3.0333990e-01
  2.5815278e-01
 -2.5888786e-01
  1.5223733e-01
 -5.4526561e-01
 -4.4394758e-01
  4.9757965e-02
  1.6452881e-02
  5.1495260e-01
 -9.4137609e-01
 -1.6301374e-01
 -7.2638726e-01
 -7.9852039e-01
  4.8067653e-01
 -1.6649880e+00
 -1.2428298e+00
 -3.4172055e-01
 -1.8120397e+00
  4.1993210e-01
 -7.3864174e-01
  1.3772904e+00
  1.3285518e-01
  1.3688816e+00
  6.1469603e-01
 -6.1607718e-01
 -4.3304089e-01
  1.8907616e+00
 -7.4419719e-01
  1.7271379e-01
 -2.6039133e+00
  9.6928447e-02
  7.4540842e-01
  2.9498715e+00
  1.4546067e+00
 -3.3220381e-01
  5.8871025e-01
 -6.5576544e+00
 -1.2783934e+00
  3.7690598e-01
 -1.2575231e-01
 -1.5458553e-02
  1.4368930e-01
  1.5360953e-01
 -1.0681803e-01
 -2.9648733e-01
  4.2797559e-01
 -7.2179800e-01
  5.0236613e-01
 -1.9493607e+00
  2.3051122e-01
  8.7201046e-03
 -2.0941699e-01
 -2.5885078e-01
 -1.6792250e-01
 -1.0229645e-02
  1.6762906e-01
 -1.6223568e-01
 -4.2274320e-01
  1.9776218e-01
 -3.9449996e-01
  9.0311736e-01
 -2.1848977e+00
 -5.1060581e-01
  5.6834187e-02
 -1.1753482e-01
 -1.8969040e-01
 -2.0838633e-01
 -5.6847006e-01
  2.7529573e-01
 -3.3001454e+00
  7.3897392e-01
 -4.6046428e-02
  1.6438131e+00
 -1.2136474e-01
  2.8154697e-02
 -7.3284819e-03
  1.0627674e+00
  1.8213864e-01
 -3.3438269e-02
 -1.1534356e-01
 -5.7785326e-01
 -1.5264841e+00
 -1.4033587e-01
  7.7938825e-01
  7.7305404e-03
  3.5428914e-01
  1.3928111e-01
  1.9141550e-01
 -2.3958226e-01
 -6.0052490e-01
  3.7352290e+00
 -3.1714949e-01
  2.5263995e-01
  3.5718501e-01
 -1.1485583e-01
 -1.0906241e+00
  1.7979671e-01
  2.9314017e-01
 -2.8815609e-01
 -4.2570558e-01
 -9.4375074e-02
 -1.0042075e-01
  2.9094911e-01
 -1.9265058e+00
  9.6928692e-01
 -8.2702714e-01
 -9.0324260e-02
  4.9024385e-01
 -9.3550244e-03
 -2.0491049e-01
  2.3175159e-01
 -1.8237510e-01
  1.0435107e+00
 -1.6525878e-01
  3.0450645e-01
 -1.2961091e-01
  3.4141114e+00
 -1.1820624e+00
 -1.0538898e+00
  2.1994114e+00
 -1.4076676e+00
 -9.4023347e-02
 -1.0423421e+00
  8.5385388e-01
 -1.2137949e+00
  6.5021104e-01
 -2.1161211e+00
  6.3630611e-01
 -7.5019765e-01
  4.4759345e-01
  3.1708069e+00
 -1.3095505e+00
 -8.9490592e-02
  3.0198319e-02
  9.0851054e-02
 -5.3431165e-01
 -3.6621952e-01
 -5.2571499e-01
 -1.4164959e+00
  2.4266489e-01
  5.5225950e-01
 -7.3138434e-01
 -5.7543600e-01
 -4.8461062e-01
 -8.5148108e-01
  9.0454847e-01
  1.4429896e-02
 -3.6855751e-01
  1.7867896e-01
  5.6099099e-01
  7.4840054e-02
 -5.5792415e-01
  2.6867752e+00
 -4.3841462e+00
 -8.3560604e-01
 -1.1825663e-01
  1.4870718e+00
  1.7036113e+00
  2.6886072e+00
  2.1381173e+00
  7.1733463e-01
 -1.3188989e+00
  1.4241050e+00
  1.6896960e+00
  1.0250343e+00
 -1.3448538e+00
  1.6236906e+00
 -2.7646148e-01
  1.4935493e-01
  1.3318179e+00
 -3.7872967e-01
 -2.2688484e+00
  7.6136237e-01
 -1.8106551e+00
  2.4111621e+00
 -1.4758794e+00
  2.5359336e-01
  6.1059481e-01
 -6.0906428e-01
 -1.2843316e+00
 -2.1801107e-01
 -5.1409668e-01
  5.3735405e-02
  3.1264490e-01
 -5.0929809e-01
 -2.0691311e-02
 -3.2714444e-01
  3.3437136e-01
  5.6497231e-02
 -5.9219790e-01
 -1.3529752e-01
 -6.9228721e-01
  6.6733301e-01
 -7.6897907e-01
  1.5592258e-01
  3.3554978e+00
 -8.0622542e-01
  2.5821936e-01
 -2.6177162e-01
  8.4299184e-02
  5.8541721e-01
  1.1539883e-01
  4.7394058e-01
  1.7773639e-01
 -7.3977649e-02
 -3.3184385e-01
 -3.9557737e-01
  3.0321497e-01
 -3.8815001e-01
 -1.3824308e-01
  3.3007923e-01
  9.9369295e-02
 -8.1878267e-03
  2.4637350e-01
 -3.4796149e-01
  4.0970421e-01
  4.5666692e-01
 -1.1910877e-01
 -1.4048717e+00
 -1.9676150e-01
 -1.0745748e-01
  4.7695971e-01
 -1.4431699e-01
 -1.4371207e+00
 -1.4422658e-01
  2.9992237e+00
  6.2106758e-01
  1.1087062e-01
 -1.0564903e-01
 -3.7679097e-01
  1.0159936e-01
 -4.7897473e-01
 -1.1004881e+00
 -2.6232758e-01
 -4.5162991e-01
 -5.5740271e-02
 -2.8423113e-01
  8.8906014e-01
  1.8711609e-01
 -2.8753385e-01
  1.0758832e-01
 -6.3811138e-02
  6.9784230e-01
 -5.9738934e-01
  1.3522103e-01
 -2.8822221e-02
  8.4306306e-01
  8.9671025e-03
 -1.8114312e-02
 -3.3989701e-01
  4.1342318e-01
  9.2748553e-01
 -1.3227056e-01
 -5.0113362e-01
 -1.8015305e+00
 -3.4195546e-02
 -4.7004882e-01
  2.2113361e+00
 -2.6181140e+00
 -2.1407929e-01
  7.1622825e-01
  1.9499770e+00
  6.6941863e-01
  2.0346543e-01
  9.0731704e-01
  7.0554239e-01
  7.0329821e-01
  1.4752955e+00
  2.2979293e+00
 -2.9053171e+00
  1.9557265e+00
 -5.8947653e-01
 -1.8453535e-01
  1.4881877e+00
  6.8567878e-01
 -4.6269897e-01
 -4.1272096e-02
  1.7785159e+00
  1.2829159e+00
 -2.0124047e+00
 -4.7642821e-01
 -4.4121677e-01
 -4.5668635e-01
  9.2481017e-01
 -5.9502864e-01
 -5.6345510e-01
  2.0579173e-01
 -2.5708479e-01
  4.0197402e-01
 -5.5378246e+00
  1.6869761e-01
 -9.0854496e-01
  1.8661338e-01
  1.4837332e+00
  3.7521347e-02
 -2.4814636e-02
 -2.6347384e-01
 -2.3931179e+00
  2.1827970e-01
 -4.2442849e-01
  8.5312456e-02
 -2.2499904e-01
 -1.7305692e-01
 -2.9655974e-02
 -2.9603118e-01
 -8.2144016e-01
 -3.0647665e-01
 -1.0544527e+00
  1.3816986e+00
 -4.9172294e-01
  4.8195302e-01
 -2.8344420e-01
  4.6403712e-01
 -8.1689286e-01
 -4.3412226e-01
  1.2098569e+00
  1.2012945e-01
  4.0379450e-01
 -3.1772950e-01
 -6.9130588e-01
 -4.1915795e-01
 -8.6510349e-03
  9.2244916e-02
  7.0427907e-01
  8.7487504e-02
  6.1524981e-01
 -1.0880943e-01
  2.9632002e-01
  8.3274081e-02
 -4.6550164e-01
  6.1908322e-03
  3.6018122e-02
 -1.9826739e-01
  4.9306646e-02
  2.5420457e-01
  4.7141454e-01
 -1.1127053e+00
 -5.4188192e-02
 -8.9618093e-01
 -4.4857079e-01
  2.0764580e-01
  9.5294982e-02
  3.0930631e-02
 -5.0280346e-03
 -3.2505459e-01
  1.4326941e-02
  3.3681577e-01
  7.0964611e-01
 -4.8105443e-01
  6.0496902e-01
  2.5489452e-01
 -1.4874372e-01
 -5.9994787e-02
  4.2897230e-01
 -8.3459653e-02
  2.4943300e-02
 -1.3325901e-01
 -4.8658589e-01
  8.7689215e-01
 -4.2232683e-01
 -4.9269360e-01
 -1.7582347e+00
 -3.6297992e-01
  2.0328701e+00
 -1.9068519e+00
 -1.6053171e+00
 -1.3182914e+00
 -1.7090663e+00
 -4.3631807e-02
  1.0993937e+00
  3.6321990e-02
  1.4720055e+00
 -8.2265109e-01
  2.3538170e+00
  1.5975859e+00
  1.4102740e+00
 -2.4899650e-01
  7.4282801e-01
  2.1107824e-01
  8.3794230e-01
  6.8477041e-01
 -3.2116240e-01
  8.6784232e-01
  1.4133650e+00
  1.2858865e+00
  6.0748792e-01
 -3.9990842e-03
  6.7270964e-01
  1.9428304e-01
 -2.8673205e-01
  1.5183175e-01
 -3.8487938e-01
 -2.0093966e-01
 -4.5792687e-01
 -6.1541927e-01
 -9.0045691e-02
  2.1732739e-01
 -1.5666845e-01
  5.5054408e-02
  1.4988302e-01
  6.6468841e-01
 -8.5723633e-01
 -1.8606810e-01
  8.9732245e-02
  5.7472531e-02
 -3.7007844e-01
 -5.8146641e-02
  9.5785208e-02
 -4.2321214e-01
  2.4230281e-01
  3.5574666e-01
  4.2213817e+00
  1.2769249e-01
 -3.3667681e-01
  1.8690439e-01
  7.3008788e-01
 -7.3886532e-01
  5.9556890e-02
 -2.7458079e-02
  4.3346770e-02
  7.8796655e-02
  3.0522248e-01
 -8.3701754e-01
 -1.4278972e-01
 -1.0444593e+00
 -1.4484282e-01
  1.1618948e+00
 -3.6798608e-02
 -1.3910985e+00
  3.1252503e-01
 -5.0163275e-01
  1.0017557e+00
 -9.5268369e-01
  1.4387647e+00
  8.9609325e-01
  1.0109796e-01
 -4.1429046e-01
  4.6697256e-01
 -5.3361154e-01
  6.0997337e-01
  7.1442604e-01
  1.3776672e-01
  4.8036060e-01
  4.1097879e-01
 -2.4068727e-01
  7.2669643e-01
 -4.8359184e+00
  2.3772249e-01
 -3.1173223e-01
  5.6943722e-02
 -2.5626558e-01
  5.0956160e-01
 -3.1129426e-01
 -5.0169903e-01
 -7.4371248e-03
 -2.5813982e-01
  7.6502794e-01
 -5.9100121e-01
 -1.7544423e-01
 -4.9951807e-01
 -6.5242779e-01
  5.5924571e-01
  7.7249706e-01
 -5.5200428e-01
  9.3101412e-01
  8.2795992e-03
  3.5275030e+00
 -2.7518213e+00
 -3.3940896e-02
 -2.2434249e+00
 -3.4515641e+00
 -2.2626317e+00
  5.7340387e-02
 -3.7834048e-01
 -4.4682518e-01
  3.3570746e-01
 -8.2643360e-01
 -2.0875835e+00
 -1.6368783e-01
 -1.9337361e+00
  4.4040784e-01
 -7.3137534e-01
 -1.2867506e+00
 -4.8973668e-01
 -5.4088704e-02
  3.6220932e-01
  2.7046244e+00
  2.4621165e+00
  1.6334264e+00
  6.3084102e-01
 -1.5625020e+00
  7.7663642e-01
 -1.4030507e-01
  4.9407071e-01
  6.0128522e-01
  3.0944654e-01
  7.1195669e-02
  3.9064396e-02
 -4.3497362e+00
 -2.9347083e-01
  4.4931397e-01
 -2.8662872e+00
  1.8586923e+00
  2.5142112e+00
  1.5549022e+00
 -2.8920476e+00
 -6.3160193e-01
 -1.2396538e+00
  4.7592488e-01
 -8.0663747e-01
 -2.7918291e-01
 -2.9002601e-01
  3.7988317e-01
  7.6598424e-01
 -4.1364428e-01
 -3.0943319e-01
 -3.2048237e-01
 -9.9739069e-01
 -2.6334056e-01
 -4.1699490e-01
 -1.4724714e-01
 -8.2845891e-01
  7.9000026e-02
 -9.6877033e-01
 -8.0396883e-02
  4.4985991e-02
  2.6726672e-01
  1.2414555e-01
 -1.4906883e-01
 -6.8062377e-01
  3.1655631e-03
 -5.7519597e-01
 -5.5136013e-01
  2.6907998e-01
  3.2097128e-01
  5.8932573e-01
 -3.2498541e-01
  1.8169990e-01
  3.0403915e-01
  3.6103541e-01
 -4.1328773e-01
  4.4518548e-01
 -7.6052472e-02
  1.1462302e-01
 -9.3506759e-01
  5.2363865e-02
  3.3581963e-01
  2.3970830e-01
  1.4622099e-02
 -1.5341105e-01
 -3.8626882e-01
  3.5172164e+00
  2.8403637e-01
  8.3424270e-01
 -8.6621714e-01
 -4.1861400e-01
  1.7066762e-01
  2.0541089e+00
  1.7103569e-01
 -6.4902705e-01
 -1.7488679e-02
 -1.0303730e-01
 -2.6979899e-01
  1.8977714e-01
  6.5153146e-01
  8.1112885e-01
  2.0095646e+00
  5.1472765e-01
 -3.3071622e-01
  5.9891975e-01
 -3.9556935e-01
  5.6944203e-01
  3.5282370e-01
  2.0754562e-01
  2.0850413e+00
 -5.7013471e-02
 -4.5648509e-01
 -1.3937095e+00
 -9.5123404e-01
 -9.3168807e-01
 -1.2931512e-01
 -1.7054315e+00
 -5.2111065e-01
  7.0004061e-02
 -1.4100795e+00
  1.1621602e+00
  8.0033517e-01
  4.9085543e-01
 -8.8664210e-01
  3.2528701e+00
 -1.9380527e+00
  9.5223433e-01
  3.1982571e-01
 -7.0551991e-01
  2.6976472e-01
  2.9500370e+00
  1.9181010e+00
  2.1017650e-01
 -1.8163674e+00
  7.5439624e-02
 -7.6917100e-01
  1.6219467e-01
 -4.0066764e-02
 -3.1658167e-01
 -6.0167629e-01
 -1.0317895e-02
 -9.3722957e-01
  8.1446394e-02
 -9.7113121e-01
 -7.5456208e-01
  2.8457303e+00
 -1.9464157e+00
 -2.1282635e+00
 -1.4785247e-01
 -3.5416862e-01
 -3.8708547e-01
 -6.4942998e-01
  9.5793061e-02
 -1.2187222e+00
  1.8373135e-01
 -1.0015355e+00
 -9.3380594e-01
  9.2051131e-01
 -5.3732109e-01
 -1.2924656e-01
 -7.2232448e-02
  3.6369126e+00
  7.8655785e-01
  2.3365042e-01
 -3.3507004e-01
  6.5589392e-01
  2.0229447e-01
  9.9680620e-01
 -6.5433109e-01
  1.7314563e+00
  1.2025761e-02
  3.6719522e-01
  1.5212527e-01
  4.6987954e-01
 -9.7027946e-01
 -3.0251167e+00
  2.9535341e-01
 -7.4818486e-01
 -9.8233312e-01
 -9.2467421e-01
 -1.1338046e+00
  2.5525880e-01
 -9.7847814e-03
 -1.6389257e+00
  2.0414428e-01
  4.9785174e-02
 -5.0128090e-01
 -7.5328988e-01
 -8.5087091e-02
  2.4125327e-01
  4.0768391e-01
 -3.9372078e-01
  8.5995787e-01
 -5.1097965e-01
 -9.4965249e-01
  1.0916729e-01
  5.5541164e-01
 -1.1184609e+00
  3.2759917e-01
  4.1775030e-01
 -1.2470109e-01
  4.6585569e-01
 -9.3351595e-02
  2.2969010e-01
 -2.1635517e-02
  3.9030781e-01
 -4.5531183e-02
 -3.4022830e-02
  4.1454002e-01
  9.8169464e-01
 -4.5987698e-01
 -2.5612354e+00
 -2.8122385e+00
 -1.4185330e+00
 -1.0058650e+00
  1.6395539e+00
 -5.1932669e-01
  6.3183552e-01
  2.3905177e-01
 -1.1973104e+00
 -7.1843952e-02
  1.4331894e+00
  9.8851138e-01
  1.4904668e+00
  1.9648060e+00
  8.0528551e-01
 -5.3431976e-01
  1.7264380e-01
 -5.9263140e-01
  2.8286207e+00
 -1.0247595e-01
 -8.5055393e-01
  1.7567109e+00
  6.4051664e-01
 -1.1204667e+00
  1.3134559e+00
  1.8642982e-02
  9.1173393e-01
  4.0719530e-01
 -8.6268079e-01
  1.0300161e-01
 -3.3748659e-01
 -3.8791817e-01
 -2.8575766e-01
 -3.2367137e-01
 -2.9509181e-01
  8.2466267e-02
 -7.6633590e-01
 -1.2953398e+00
  2.1550892e-01
 -1.0988428e-01
 -6.0394382e-01
 -1.8790097e+00
  6.1965144e-01
 -5.3960729e-01
  1.1122837e-01
  1.5274706e+00
  1.6534539e+00
  1.0266956e+00
  5.5694375e-02
  2.5362128e-01
  8.0277824e-01
  2.0093064e+00
  1.0442921e+00
  8.9226209e-02
 -6.2200353e-03
 -2.1823429e-01
 -1.4850646e-01
  4.2143087e+00
  1.3032840e+00
  5.4059440e-01
  2.1089122e-02
  6.1631054e-01
 -3.9789933e-01
  8.9821219e-02
 -4.1640800e-01
  4.3295464e-01
  4.9428922e-01
 -2.0811963e-01
  5.0373554e-01
  2.6946217e-01
  1.9130118e+00
 -1.2569462e-02
  7.6135707e-01
 -1.0295082e+00
 -1.7268923e-01
  4.6161455e-01
 -5.0912184e-01
 -5.8154214e-02
 -8.0246818e-01
  2.0071988e-01
  1.0800993e-01
  3.8523597e-01
  1.3121574e-01
  5.7991648e-01
  1.3568434e-01
 -5.4182839e-01
 -1.0923659e+00
 -1.2626494e-01
 -7.5886321e-01
  3.6585647e-01
  3.6111090e-01
 -2.2418687e+00
  2.9402992e-01
 -3.2712400e-01
  3.4703931e-01
  4.4660833e-02
 -7.5541985e-01
  5.5805624e-02
 -3.3775199e-02
 -1.4670469e-01
 -1.5754591e+00
 -3.4986657e-01
  2.0620440e-01
  2.1149930e-01
  5.8877770e-02
  4.4871154e-01
  8.3559734e-01
  1.4966366e+00
  9.8769492e-01
  2.7865988e-01
  8.3727843e-01
 -2.1981566e+00
  3.8297063e-01
 -2.3330180e-01
 -1.4654197e-01
 -1.3355569e-02
  8.0435157e-01
  4.4919306e-01
  1.2439822e+00
 -9.8542374e-01
 -6.4092612e-01
  5.8758122e-01
  3.8168904e-01
 -1.1359667e+00
 -6.7853045e-01
  7.7663249e-01
 -4.3236849e-01
  4.3102279e+00
 -4.1979021e-01
 -3.0720363e+00
  2.4001083e-01
  7.6844603e-01
  1.3703074e-02
 -1.0228944e-02
 -2.8492482e-02
  6.7588782e-01
 -3.8301003e-01
 -2.1601541e+00
 -8.1781369e-01
  3.6404872e-01
 -1.6872898e+00
  1.8070504e-01
 -1.1062362e+00
 -2.1417938e-01
  3.8088638e-01
  7.5625533e-01
 -3.5311922e-01
  4.0662721e-01
 -7.8257674e-01
 -5.7843757e-01
  9.7997040e-01
  3.0269429e-01
  5.1536554e-01
 -1.9879984e-02
 -6.6769707e-01
  8.6574972e-02
  4.0562600e-01
  4.3934524e-01
 -1.2549168e+00
 -4.2334962e-01
 -1.7039555e+00
 -6.0263783e-01
  4.7866488e-01
 -1.7238095e+00
  3.6681575e-01
  2.3506349e-02
  7.8184468e-01
 -1.1148759e-01
  3.9548226e-02
 -2.1259587e-01
  4.6254387e-01
 -5.7028200e-02
 -6.8802372e-02
 -7.1233228e-02
 -6.4174533e-01
  5.2420127e-01
  1.7960228e+00
  1.9220805e-01
  8.9534658e-01
 -1.8808177e+00
  1.6533829e-01
 -9.1767609e-01
 -1.9961546e-01
  2.2436848e+00
  3.0378434e-01
 -5.7899439e-01
 -3.8784438e-01
 -3.5839990e-01
 -5.6245881e-01
  3.0747306e-01
 -1.6829208e-01
  2.3877284e-01
 -1.7620957e-01
 -8.9014399e-01
  2.1183492e-01
  1.2567863e-01
  1.1810517e+00
 -5.2645284e-01
  9.4892240e-01
  1.8570052e+00
 -4.9224079e-01
 -1.0494159e-01
 -4.4312096e-01
  1.0270276e-01
 -1.8377246e-01
 -1.8728963e+00
 -3.7890196e-02
 -7.1777588e-01
 -5.7422113e-01
 -1.0778900e-02
 -1.5847458e+00
 -8.6514169e-01
  1.9089775e+00
 -1.4996123e+00
 -1.7415473e+00
 -4.3882709e-02
  2.5845220e+00
  1.4867389e-02
  1.8617663e+00
 -1.3532325e+00
 -1.0283035e+00
 -3.2703192e+00
 -1.2737617e+00
  1.1578430e+00
 -7.6977676e-01
  1.2486011e+00
  1.4825182e+00
 -4.7703993e-01
 -5.7518840e-01
  5.8948028e-01
 -2.7443761e-01
  1.4503148e+00
 -7.5834334e-01
 -3.1594076e+00
  1.5402709e-01
 -3.0104184e-01
 -1.1084243e+00
 -5.1485085e-01
 -1.0322438e+00
 -5.7989430e-02
 -6.6671455e-01
  9.8175235e-02
  3.4400913e-01
  1.3734415e+00
 -6.1438918e-01
  1.0624588e-02
 -1.6387153e-02
 -2.0404930e-01
 -7.6628894e-02
 -4.2212993e-02
 -1.9137426e-01
  7.2207081e-01
 -1.8028857e-01
 -4.2576620e-01
 -1.6846550e+00
  6.2511772e-01
 -2.8270352e+00
  3.1328696e-01
  6.3879675e-01
  4.1608372e-01
  6.8491030e-01
 -2.7602589e-01
  3.4605527e-01
 -4.3379909e-01
 -1.7358443e-01
  3.2340795e-01
 -1.5841819e-01
 -5.4620472e-03
 -1.3006654e-01
 -1.3691270e-02
  2.1957549e-01
  1.3009991e-01
  4.0618956e-01
 -3.3784595e-01
  1.5411349e-01
 -8.2372189e-01
 -4.1583973e-01
 -7.2721654e-01
 -1.8561885e-01
  1.5605550e-01
  1.4596245e+00
 -3.4473059e-01
 -4.6680349e-01
 -8.0858934e-01
 -7.3971581e-01
  3.7337443e-01
  1.0917618e+00
  3.1077853e-01
  1.3815967e+00
  2.4518058e-01
  2.1197847e-01
  3.7375399e-01
 -4.4334185e-01
 -5.2234912e-01
 -5.9051782e-01
 -3.8783997e-01
  4.3620098e-02
 -4.6639946e-01
 -6.1415845e-01
 -3.0254585e-01
 -2.4212290e-01
 -9.4703454e-01
  5.1500283e-02
  4.9406576e-01
  1.2954308e-01
  2.0084929e-01
 -2.4397229e-01
 -1.0188864e+00
  7.8804493e-01
  1.1502749e-01
  7.7044266e-01
  7.3770398e-01
  2.5601435e-01
  3.8145000e-01
 -1.3417196e-01
  1.0166636e+00
  2.0226753e-01
 -2.0568332e-01
  6.6249466e-01
 -9.0817362e-01
 -3.7180471e-01
 -1.5722786e-01
 -1.2091414e+00
 -6.2142413e-02
 -4.0496218e-01
 -2.1127696e-01
 -1.9602662e-02
  8.0871993e-01
 -3.2822838e-01
 -6.0012534e-02
  4.3837789e-01
  1.7715510e-02
  9.5256543e-01
 -6.0128365e-02
 -6.1647582e-01
  5.6325287e-01
 -2.5082240e-01
  6.0387510e-01
  5.9786803e-01
  5.1378870e-01
  1.7870973e-01
 -1.0090547e-01
 -1.5149558e-01
  1.5954109e-01
  1.7511477e-01
 -1.3643156e-01
  4.2098707e-01
 -2.9408318e-01
 -2.1874860e-01
  1.4367647e+00
  8.2691461e-01
  1.2050085e+00
 -2.2780647e+00
  2.8779459e-01
 -2.7670538e+00
 -6.0443866e-01
  1.3158443e+00
  6.2661415e-01
 -5.5507040e-01
  6.4610130e-01
  1.1993146e+00
 -2.6246750e-01
  5.9211564e-01
 -6.7073005e-01
 -7.3285222e-01
 -1.0644221e+00
  1.5516858e+00
 -1.0947244e-01
 -2.7202108e+00
  1.1209662e+00
 -7.1716174e-02
  9.1112506e-01
 -5.9063494e-01
 -2.2197392e+00
 -3.3689350e-01
  8.3974704e-02
 -3.1875461e-01
  1.3123104e-01
 -1.6185567e-01
  1.1608277e-01
  2.5082392e-01
 -2.6152483e-01
  1.2378002e-01
  1.0280809e+00
  4.5357388e-01
 -3.0251758e+00
 -1.5156977e+00
  3.6744931e+00
  2.4931735e-01
 -5.1889665e-02
 -4.1851271e-02
 -9.1658412e-03
  2.1710059e-01
  3.9387602e-01
 -6.1176944e-01
 -1.7362685e+00
 -2.1273556e+00
 -1.3849939e+00
  6.6261357e-01
 -7.8373444e-01
  3.6625004e-01
 -7.8614295e-01
  9.5651788e-01
 -8.0049413e-01
 -7.3233908e-01
 -1.3061936e-01
  6.1116666e-02
 -5.4890215e-01
  7.1369857e-01
 -8.2217687e-01
 -6.8248928e-01
  3.9758056e-01
 -1.3493252e-01
 -2.0764849e-01
  7.6354775e-03
 -3.6490706e-01
  2.3325731e-01
 -4.2237830e-01
 -2.7420333e-01
 -1.8040811e-01
  4.4563636e-01
 -4.8991185e-02
  2.2733411e-02
 -3.2268804e-01
 -8.9131519e-02
 -3.2106027e-01
  1.4629935e-01
  2.1195522e-01
  1.2115167e+00
 -7.0156433e-02
 -5.4517061e-01
 -2.3638321e-01
  2.9043132e-02
 -6.3438371e-02
 -4.5614928e-01
  1.5669669e-01
 -7.1002442e-01
  2.3135614e-01
  3.6005750e-01
  4.4582486e-01
 -7.5611109e-01
  1.1307959e-01
  1.5058991e-01
  1.5562502e-01
 -9.9811792e-01
 -4.2304087e-01
  9.2898190e-02
  2.2902282e-01
 -2.0117706e-01
 -2.9520789e-01
 -2.4055710e+00
 -2.5869238e-01
  5.2248436e-01
 -5.8125609e-01
 -1.1178995e-01
  7.0073389e-02
  3.3050728e+00
  8.2369894e-03
 -1.8145247e+00
 -3.3080429e-01
  4.6469012e-01
 -2.4233130e-01
 -2.9042828e-01
  2.1768682e-01
 -3.7428033e-01
 -1.0160796e-01
 -3.3505353e-01
 -4.1985187e-01
 -2.9882646e-01
 -7.8114355e-01
 -1.4936451e+00
  4.0995181e-01
  9.9534696e-01
  8.0393302e-01
  5.6219286e-01
  7.5037867e-01
  4.1567197e-01
 -9.0575302e-01
  2.8493413e-01
 -9.0083145e-02
  1.3595856e+00
 -1.6670637e+00
 -5.5520445e-02
 -2.7456388e-01
  5.2020228e-01
  1.0909127e-01
 -4.1823670e-01
 -9.3897682e-01
 -3.7288469e-01
  2.4627942e-01
  1.3817778e+00
 -4.6927068e-01
 -1.9086474e+00
 -3.8169354e-01
 -9.4401670e-01
  1.0050656e+00
  1.2946901e+00
 -1.9709048e-01
  9.7050816e-01
 -7.6403499e-01
  1.5458044e+00
 -6.4428508e-01
  4.3467510e-02
  3.9216089e-01
  6.5480167e-01
  1.4747012e+00
 -1.5405359e+00
  1.3265738e+00
  2.9690208e+00
  2.4515514e-01
  9.7652334e-01
  7.7946377e-01
  1.3626722e+00
 -1.4660847e+00
  6.4963770e-01
  9.7354472e-02
 -2.0102754e-01
  8.9289516e-02
  3.3500060e-01
  2.5588661e-01
 -2.5859508e-01
  1.3407125e-01
  4.4665676e-01
  6.0364462e-02
  9.3387556e-01
  1.6768314e+00
  2.8811955e+00
 -3.4482029e-01
  4.1742373e-02
  1.4090238e+00
  9.2002922e-01
 -2.0268779e-01
 -2.4450707e+00
  2.6941123e+00
 -2.6878972e+00
  9.9237955e-01
  4.7594732e-01
 -1.5028390e+00
 -1.4209807e+00
  1.4519885e-01
 -1.8100055e+00
 -1.3808692e+00
 -1.4838835e+00
 -1.2895234e+00
 -1.1312361e+00
 -2.1733663e+00
 -2.6604855e-01
 -8.5787910e-01
  6.3641745e-01
  1.2214840e-01
  1.8518696e+00
  2.1318780e-01
  4.4681305e-01
 -5.5283576e-02
  1.7511316e-01
  5.5938655e-01
 -2.8298303e-01
  6.5397590e-01
 -2.4830094e-01
 -1.5424225e-02
  1.1614178e+00
 -7.6455003e-01
  1.6852686e+00
 -9.1105920e-01
 -1.3592331e+00
  1.5121305e+00
 -9.1743646e-03
  1.9030133e+00
 -2.8734426e+00
  1.7205901e+00
  9.8547751e-01
  2.1876986e+00
  3.8407895e-01
 -1.2218668e+00
  1.6385639e+00
  1.9588170e+00
 -3.0133758e+00
  1.2022867e+00
  9.0013552e-01
  3.9073387e-01
  2.5492713e+00
  2.4119641e-01
  2.5122936e+00
  3.4017608e+00
  1.4328014e+00
 -7.8779280e-01
 -2.7101630e-01
 -2.8339222e-01
 -7.3568690e-01
  9.7708690e-01
  1.8125150e-01
 -5.2836543e-01
 -7.8028791e-02
 -4.4963196e-01
 -1.8674366e-01
 -1.6756668e+00
 -1.7294976e+00
  1.5464538e+00
  2.5265154e-01
 -4.4656534e+00
  3.2788989e-01
  5.4648072e-02
  1.0344516e+00
  3.5831316e-03
 -9.4249380e-01
 -2.0867696e-01
 -1.5671240e-01
 -3.3183441e-01
 -5.9792566e-01
 -3.7769604e-01
  5.9690356e-01
  2.4340842e+00
 -3.4264261e-01
  2.3353364e-01
 -5.9029967e-01
 -4.9642926e-01
 -1.1114918e+00
  2.6796460e-01
 -1.5005472e+00
  2.9952830e-01
 -2.3486055e-01
 -5.9138727e-01
 -1.8819458e+00
 -2.1925071e-01
 -8.1941527e-01
 -2.1875424e+00
  5.2290684e-01
  2.0716339e-01
  1.1769480e-01
  3.6080995e-01
  1.3945106e+00
  1.7501374e+00
  6.7220312e-01
 -1.1041759e+00
  2.1117395e-01
 -3.0871686e-01
 -1.7003599e+00
 -1.5887754e+00
  1.1474679e+00
 -2.0577040e+00
 -3.6940330e-01
 -1.2125942e+00
 -6.2633216e-01
 -2.4998636e+00
 -6.0894907e-01
  3.7181443e-01
  1.9667144e-01
 -3.4111357e+00
 -2.3300703e+00
  5.1156592e-01
  5.9161967e-01
  2.5962737e+00
 -1.6356430e+00
  8.3907437e-01
  1.7342470e+00
 -2.5271740e+00
  4.5335999e+00
  1.3762748e-02
 -1.2002720e+00
 -5.9108353e-01
  1.4463521e+00
 -2.3361008e+00
 -8.1452012e-01
  2.2362128e-01
  8.5466856e-01
 -2.3842971e+00
 -1.5039473e+00
 -1.1508698e+00
 -4.6659747e-01
 -2.5204844e+00
 -2.0022340e+00
 -1.6761609e+00
 -1.9677701e+00
 -1.0270359e-01
 -5.5968738e-01
 -9.8209196e-01
 -8.7941384e-01
  6.2769078e-02
  1.1288230e-01
 -1.8889729e+00
 -9.1168743e-01
 -1.0520388e+00
 -1.0082415e+00
  9.2163712e-01
  1.3197975e+00
 -7.9769962e-02
 -9.1485575e-02
 -1.0960629e+00
 -5.3670581e-02
 -5.6470114e-01
 -2.0744901e+00
  3.2291421e-01
 -1.5853223e+00
  7.0274895e-01
 -1.2038879e+00
 -1.0666847e+00
 -3.5855106e-01
  1.4220564e+00
  1.8931711e+00
  9.3429786e-01
 -8.4529981e-02
 -4.5197627e-01
 -2.2337961e+00
 -5.7230669e-01
 -1.0092154e-01
  1.9405763e+00
  1.2080112e+00
 -1.1456122e-01
  2.4466652e-01
  3.2691293e+00
  7.7170140e-01
  2.4600741e-01
 -2.8259623e-01
  1.9548774e-01
 -4.3455224e-02
  1.1032387e+00
  1.1568767e+00
  8.6687797e-01
 -1.3565651e+00
 -5.6658340e-01
  1.7282753e-01
  6.7444825e-01
  1.9414163e+00
 -7.6539350e-01
  2.1615918e+00
  1.4848784e+00
 -6.4850956e-01
  1.3733508e-01
  4.7138995e-01
  6.7751586e-01
  1.3464484e+00
  1.9197947e+00
  7.2351825e-01
  1.5946236e-01
  6.3904327e-01
 -1.9908638e+00
 -7.5646764e-01
  9.9735409e-02
 -9.6694905e-01
 -1.0498622e-01
  4.6881267e-01
  6.3225943e-01
  6.3185453e-01
  1.6646612e-01
  1.9596936e+00
  9.0075415e-01
  4.9406001e-01
 -4.3077663e-01
 -2.7911517e-01
 -4.1684098e+00
  8.6421460e-01
 -1.1303010e+00
 -1.5395018e-01
  1.1075827e+00
 -2.0644690e-01
 -1.2676893e-01
 -1.0475633e+00
 -1.1844926e+00
  1.7181312e-01
 -2.7913836e-01
  1.0401026e+00
 -4.9326310e-01
  6.6936934e-01
 -9.5899886e-01
 -2.4822628e-02
  3.3055097e-01
  1.8619041e+00
 -3.4242910e-01
 -6.4136744e-02
 -2.9265180e-01
 -9.1893226e-01
  2.7750519e-01
  7.4167919e-01
 -4.5734274e-01
  9.6408993e-01
  1.3462123e+00
 -3.7961698e-01
 -3.4354311e-01
 -7.6431918e-01
  4.7405899e-01
  1.2577012e-01
 -1.4648013e-01
  3.7697453e+00
  6.6799921e-01
 -2.5536468e-02
 -1.6577057e+00
  4.7509593e-01
  1.9020036e+00
 -2.7930746e+00
 -1.3322272e+00
 -4.3730125e-01
 -5.9676353e-02
  1.6757779e-01
 -1.8264225e-02
 -4.1317579e-01
 -4.1322261e-01
  1.8374871e-01
 -4.7791224e-02
 -4.4881311e-01
 -3.7937960e-01
  7.2759253e-01
  2.2746722e-01
 -5.4909003e-01
 -3.0316481e-01
 -5.7302320e-01
 -1.4126198e+00
 -6.6055492e-02
  2.5622922e-01
  3.6837049e-02
  6.7201757e-01
 -8.3904378e-02
 -6.2622482e-01
  3.6527449e-01
 -4.7682321e-01
  5.2034837e-01
  1.3617115e-01
  3.5298499e-01
  2.2011016e-02
  2.8547770e-01
  3.3189728e+00
  3.4603727e-01
 -4.2473343e-01
  3.4839753e-02
 -2.2090934e-01
  5.2349710e-01
 -7.2678220e-01
 -1.8562887e+00
  2.0018377e+00
  2.4019248e+00
 -8.2203466e-01
 -4.7498205e-01
  7.3952921e-02
  9.1543275e-01
  5.0677687e-01
  2.9806486e-01
 -3.7771526e-01
 -2.6838353e-01
  1.1043521e-01
  1.6699189e-01
 -4.3021673e-01
  4.1165733e-01
  7.8661048e-01
 -1.1065868e+00
 -2.2514515e-01
 -1.9759591e-01
 -5.0674874e-01
 -9.8207474e-01
  5.9199846e-01
  4.1204125e-01
  1.0384642e+00
 -1.0303435e-01
 -1.6539893e+00
  2.7748671e-01
  7.5368845e-01
  9.1547066e-01
 -1.8160655e-01
  2.4058641e-01
  2.2070039e-02
  5.2198917e-01
 -6.0998136e-01
  3.7966090e-01
  6.3330948e-01
  8.3642922e-02
  3.3620808e-01
 -2.2137291e+00
 -2.8871322e-01
  3.9815485e-01
 -3.6779332e-01
  9.3545640e-01
  6.2095654e-01
 -7.1251154e-01
 -4.5903063e-01
  1.0200561e+00
  8.3332181e-01
  6.7061543e-01
  1.5854554e-02
  1.1349380e-01
 -2.4704260e-01
  8.7032014e-01
  1.6024736e+00
  6.9274569e-01
  7.8501922e-01
  1.5136543e-01
  5.2686709e-01
 -3.9799181e-01
  2.8657717e-01
 -1.0729276e+00
 -1.5864269e-01
 -6.6738397e-01
  1.2540674e+00
  1.1596410e+00
  1.1709455e+00
 -2.1753003e-01
  2.4524246e-01
  1.8559572e-01
  2.4737844e+00
 -1.6588196e+00
 -8.6712164e-01
  7.7561057e-01
 -3.3148776e-03
 -1.8097404e+00
 -3.6091094e+00
 -2.9627037e-01
 -2.1216464e+00
 -1.8924647e-03
 -1.4502516e+00
  1.0174292e+00
 -5.7111585e-01
  1.4965849e-01
  1.9664948e+00
 -5.3299453e-02
 -3.6365026e-01
  7.0747447e-01
 -5.7823306e-01
 -1.7223014e+00
  2.6920428e+00
 -8.6211514e-01
 -6.5885907e-01
 -1.5524575e-01
  4.7619420e-01
  5.8059222e-01
 -5.0236985e-02
 -2.3587942e-01
 -2.8839782e-01
  4.8883346e-01
  1.3105163e-01
  3.1053498e-01
  2.9756260e+00
 -6.5712607e-01
 -2.4521512e-01
  1.3786162e+00
 -7.7300370e-01
  2.5031335e+00
 -5.1272359e-02
 -1.0648936e+00
  7.9121554e-01
 -1.2222100e+00
 -5.2259054e-02
 -9.9788380e-01
 -1.0861379e+00
 -9.6598810e-01
 -3.2657394e-01
  8.4180242e-01
 -5.1472858e-02
 -4.7043538e+00
 -1.4356961e+00
  9.2415553e-01
  1.1624888e-01
  6.0566503e-01
 -1.3483649e+00
  1.0345879e+00
  9.0209216e-01
 -1.8307091e+00
 -2.4826276e+00
 -3.4640102e+00
  1.5960681e-01
  1.2683865e+00
  6.3291836e-01
 -3.2495022e-01
 -1.5412267e-01
 -1.0468385e-01
 -1.2694639e-02
  2.7996093e-01
  1.2424121e-02
 -1.0179220e-02
  8.0022556e-01
  8.6529784e-02
  1.2894909e-02
 -6.5130197e-02
  2.6616451e-01
 -9.0442818e-01
  1.4932475e+00
  6.8596750e-01
  5.6216502e-01
  2.4380505e-02
 -2.7061349e-01
 -2.6453820e-01
 -1.1771077e-01
  1.0188983e-01
 -4.6614233e-01
  7.2405916e-01
 -7.0789003e-01
  1.7476434e-01
  9.8466069e-02
  5.4194085e-02
  7.8839815e-01
  3.8977405e-01
 -5.3000224e-01
 -9.6420132e-02
  6.6388237e-01
 -3.5764804e-01
 -2.9935688e-01
  2.0736746e-01
  3.3455828e-01
  5.9686530e-01
  1.4591800e-01
 -2.5748938e-01
 -3.1314522e-01
  3.7714994e-01
  1.0267524e+00
 -8.2466441e-01
  6.5638125e-02
  2.4335511e+00
  6.9094007e-03
  8.7986726e-01
  1.4591246e+00
 -2.8321562e+00
 -2.9556659e-01
 -6.3329941e-01
  1.5156215e-01
  8.0395454e-01
 -1.0904571e+00
  3.8493106e-01
  4.2563927e-01
 -2.0492496e-01
 -6.7730039e-01
 -7.2997344e-01
 -1.1639285e+00
  1.4941044e+00
 -3.0631971e+00
 -1.4873053e+00
 -2.5413463e+00
 -7.6009083e-01
 -4.8450645e-02
  2.2303905e+00
 -5.3900105e-01
 -3.4664512e-01
 -1.8907505e-01
  1.3794430e-01
  7.7489024e-01
  8.5514462e-01
 -2.9739511e-01
  4.3460602e-01
  4.2242667e-01
 -8.6579663e-01
 -1.1393839e+00
 -1.2432818e+00
  9.2191857e-01
  5.6047499e-01
 -1.5131876e+00
  3.0993330e-01
  1.4162043e+00
 -2.6399842e-02
 -8.2764424e-02
 -3.9719889e-01
 -4.4533342e-01
 -8.2315877e-03
  4.6283504e-01
 -4.8012727e-01
  2.9112491e-01
  2.7065930e-01
  5.0265789e-01
 -1.2216282e-01
  8.1910361e-03
  5.1060104e-01
 -7.1992218e-02
  1.3565001e+00
  5.8293134e-01
 -2.5250083e-01
  6.2113315e-01
 -5.2464265e-02
 -2.8431085e-01
  6.5803218e-01
  3.4292430e-01
  3.8630062e-01
  1.4768061e-01
 -8.9065814e-01
  1.5332252e-01
 -9.1942064e-02
  5.8949137e-01
  9.7022015e-01
 -1.1589556e+00
 -1.5464389e-01
  6.3802195e-01
 -1.2040751e+00
  1.4272361e+00
  7.9590642e-01
 -6.2340176e-01
 -1.3911039e+00
  4.1257663e+00
  6.7648562e-03
 -2.3225565e+00
  4.6498692e-01
 -2.1514623e-01
  4.9539611e-01
 -8.3865207e-01
 -8.6603051e-01
 -2.2378486e-01
 -3.9439547e-01
 -4.2886105e+00
 -4.5173550e-01
 -1.8955357e-01
  1.9217473e+00
 -6.8731350e-01
 -2.5707152e+00
 -3.4578019e-01
  6.7492914e-01
 -7.1034676e-01
  3.2586053e-02
 -8.9844370e-01
  9.8202312e-01
  6.5928960e-01
  3.9753754e-02
 -2.1759397e-01
  1.3560770e-01
  1.6825619e-01
 -9.0788692e-01
 -9.3198007e-01
  6.0600919e-01
  1.3617215e+00
  6.8202011e-02
  2.6903987e-01
  6.4886510e-02
 -6.3038903e-01
 -1.1261054e+00
  7.0574051e-01
 -5.0738871e-01
  5.4016668e-01
  3.0367920e-01
  2.7880111e-01
  1.8846404e-02
  1.7914328e-01
  1.6599746e-01
 -1.0013653e+00
 -1.4348201e+00
 -3.4596658e-01
 -1.2919195e-01
 -6.9161445e-01
 -1.8040216e-01
  6.2059198e-02
  1.3996346e-01
  5.3924334e-01
 -9.0802044e-01
 -6.1559701e-01
 -8.6280394e-01
  4.2307529e-01
  2.8346762e-01
  1.1439112e-01
 -2.1972300e-01
 -3.0795971e-01
  1.6468272e-01
  1.2357418e-01
 -7.3859710e-01
 -9.8577753e-02
  2.1191809e-01
 -4.9014187e-01
 -5.5979413e-01
  3.9287791e-01
  1.7259638e-01
  2.5138441e-01
 -2.3933619e-01
  5.9488237e-01
  3.0076838e-01
 -3.7669757e-01
  9.0260878e-02
 -4.1350901e-01
 -4.7261006e-01
 -1.2142650e+00
 -7.8424141e-02
 -4.5230985e-01
 -9.7463362e-02
  4.8353988e-01
  1.5705882e-01
 -2.1904473e+00
  1.6224590e-01
 -4.9841381e-03
 -2.9399103e-01
  9.1582000e-02
  4.7238048e-02
  1.1930998e-01
  4.5883264e-02
  1.2843881e+00
 -1.3829560e-02
 -3.7284404e-01
 -6.8740241e-02
  2.1729665e+00
  2.4513817e+00
 -1.3481289e+00
 -7.3943418e-01
 -1.9284002e+00
  1.8791945e+00
  1.4565871e+00
 -2.0917998e-01
 -1.9664704e+00
 -2.3741410e+00
  1.0603129e+00
  4.9691322e-01
 -5.8491433e-01
 -1.7525527e-01
  2.4595895e+00
 -2.0897651e+00
 -9.6505952e-01
  7.6855475e-01
  1.3869476e+00
  2.2906914e+00
 -4.6009153e-01
 -8.5423666e-01
 -1.3027058e+00
  2.0070682e-01
  6.4411908e-01
 -1.5464839e-01
 -1.0271188e+00
 -4.5478404e-01
  7.8794199e-01
  6.8223834e-01
 -2.9850501e-01
 -2.7250415e-01
 -2.8367251e-01
  3.5037637e-01
 -5.7859719e-01
  6.1781764e-01
 -5.7143134e-01
  2.7594745e+00
 -6.7883474e-01
  6.2658834e-01
 -1.7506148e-01
  4.8147336e-01
  1.8062715e-01
  9.8130089e-01
 -1.5999083e-01
 -1.8141036e-01
  2.1412617e-02
  1.3573010e+00
  3.1007156e-01
  8.4810162e-01
  7.4032974e-01
 -9.5615286e-01
  7.0297003e-01
 -5.5484438e-01
 -8.0660665e-01
  3.4566736e-01
  6.4686306e-02
 -1.6310452e+00
 -1.1241378e+00
 -5.6442552e+00
  4.5858279e-01
  2.4395515e-01
  2.1399906e-01
  1.9547401e-01
  4.9726996e-01
  8.4088093e-01
 -6.6489279e-01
 -4.0308270e-01
  3.9556183e-02
 -2.6037967e-01
  1.1836914e+00
 -1.5029690e+00
  1.9220266e+00
 -4.9401554e-01
  1.5547901e+00
  1.2726661e+00
 -2.7434373e+00
  9.4317573e-01
  4.7844730e-02
  1.4701465e-01
 -2.1114290e+00
 -3.9156249e-01
 -1.6958444e-01
 -1.4501940e+00
 -8.8430524e-02
 -2.4142692e+00
 -6.2333906e-01
  9.6237469e-01
  1.3670763e-01
  1.1047870e+00
 -2.5998974e-01
  3.7169597e-01
  8.8676578e-01
 -2.1900825e-01
 -6.9025509e-02
  2.7012274e-01
 -5.4126996e-01
  1.2538451e-01
 -2.3980290e-01
  1.5312453e-01
  3.1755000e-01
 -1.7502747e-01
  1.1917040e-01
 -4.3944427e-01
  4.6965727e-01
  5.9674138e-01
  1.1077878e+00
 -2.8758830e-01
  3.5256678e-01
 -9.7895950e-01
  1.4010693e-01
  7.6442994e-02
  3.1763777e-01
  1.4530566e+00
  4.2244652e-01
  1.0100359e-01
  1.7752145e-01
  3.7888384e-01
  6.3302624e-01
 -2.9001698e-01
  3.1413054e-01
 -6.5317118e-01
 -1.0660160e-01
  1.9884580e-01
  7.5491309e-02
 -9.3227848e-02
  6.2383914e-01
 -3.2784057e-01
  4.0988457e-01
 -2.5315773e-02
 -1.9120696e-01
  2.3361318e-01
 -2.5787773e-02
 -5.7349789e-01
 -3.5687067e-02
  1.8702728e+00
 -7.8937727e-01
 -1.9889735e-01
  2.3810448e-01
  9.1151692e-02
  8.1441194e-02
 -6.4448975e-02
  8.5760367e-01
 -4.3878990e-01
  1.5494592e+00
 -1.8917225e-01
  7.5680077e-01
  5.9219682e-01
  4.3526933e-01
  1.6090565e+00
  7.9564375e-01
 -6.0087031e-01
 -7.2359048e-02
 -2.3791797e+00
 -5.9842831e-01
  4.2273727e-01
  2.1416600e+00
 -2.9812500e-01
  9.0486944e-01
 -4.2349038e-01
 -1.3514234e+00
 -7.2562212e-01
 -2.6159117e+00
  3.9180976e-01
  3.7804896e-01
  2.1700172e-01
 -1.4701977e-01
 -2.3249590e-01
 -9.6995749e-02
 -2.1313755e-01
  1.7612326e-01
 -2.0610577e-01
  4.4110796e-01
 -1.0561431e-01
  1.7965612e-01
  8.4483695e-01
  8.1963527e-01
  1.0446951e+00
 -5.9211200e-01
  2.9329393e+00
 -1.0368168e+00
  2.3561323e+00
 -3.6196482e-01
  2.3883303e-01
  6.7496693e-01
 -3.0681920e-01
 -6.1458933e-01
 -5.8570558e-01
 -5.7435495e-01
 -1.9915283e+00
  1.5394975e+00
 -2.1159537e+00
  1.0052724e+00
  5.2559596e-01
  3.5125370e+00
  2.2063371e-02
  2.1730375e+00
  1.0710675e-01
 -6.8624067e-01
  6.4019620e-01
 -3.0589730e-01
 -1.0172348e+00
  2.3181276e-01
  5.4454088e-01
  1.0614882e+00
  6.1011117e-02
  1.0464494e+00
 -8.0525085e-02
  3.7810466e-01
  2.1325814e-02
 -7.8188783e-01
 -1.4631798e+00
 -1.7579864e+00
  1.8708669e+00
  8.0099694e-02
  5.6207937e-01
  1.4944155e+00
  9.4639385e-01
 -2.0112275e-01
  2.3386192e-01
  4.6047285e-01
  5.9502602e-01
 -1.5516399e+00
  2.8799412e-01
 -3.0289137e+00
 -2.2978124e-01
  3.0047185e+00
 -4.6207589e-01
 -9.3706943e-02
  5.0499463e-01
  4.2443588e-01
  1.9513094e-01
 -7.5628090e-01
 -2.1065678e-01
  4.2900449e-01
 -8.4042656e-01
  3.5894799e-01
  1.7843319e-01
 -2.4726559e-01
 -3.4511629e-02
 -1.6758857e-02
 -3.2028999e-02
 -9.1780677e-02
 -2.0198007e-01
 -6.0685837e-01
 -1.4295265e-01
  8.7036651e-01
  4.1932857e-01
 -8.0187589e-01
  2.7877781e-01
 -5.5941713e-01
 -5.2749187e-01
 -2.0603149e-01
  2.9212264e-02
 -6.9722779e-02
 -3.4415282e-02
 -2.6749748e-01
 -5.4117167e-01
  1.7790198e+00
  3.8418867e-02
  3.5934350e-01
  1.4596591e+00
  2.9656187e-01
 -1.9977373e+00
  1.0773505e+00
 -1.4981359e-01
 -5.4339188e-01
  1.9770062e-01
  1.0850759e-01
  1.5796095e-02
  1.1301641e+00
 -1.1241311e-01
  1.8916661e-01
  1.1969496e+00
  4.4613838e-01
 -1.3800772e-01
 -5.1049706e-02
  2.7264329e-02
 -6.9738798e-02
 -8.6510576e-02
 -2.2433671e-01
  1.1517166e+00
  2.0390451e+00
 -2.7310640e-01
 -1.0189998e+00
  1.8051902e+00
 -2.2762257e-01
 -8.7306701e-02
  7.7450293e-01
 -7.5781144e-02
  7.9385865e-01
 -3.3802176e-01
  2.7584565e-01
 -6.1495055e-02
 -1.3296438e+00
 -3.4707847e-01
 -2.7411821e-01
  2.3411645e-01
  6.6925472e-01
 -4.4841909e-01
  7.8930587e-01
 -4.6541116e-01
  7.0994818e-01
 -1.9075610e-01
 -2.3199980e-01
  8.1521638e-02
  4.9027187e-01
  3.7667269e-01
 -3.1741819e-01
  2.2373922e-02
  3.3617780e-01
  2.6289151e+00
  1.2919688e-01
 -2.3029040e-01
 -5.4098481e-01
  7.9591997e-02
  1.2422926e-01
  3.7347329e-01
  6.0480303e-01
  4.6229560e-02
 -2.7207804e-01
 -2.7158746e-01
  8.7717973e-02
  2.4624802e-01
 -9.6144807e-01
  2.4675834e-01
 -3.6800402e-01
  4.4770071e-01
  3.7633511e-01
 -8.3040342e-02
  2.0634694e+00
 -2.4751446e+00
 -6.3447988e-01
 -3.5795161e-01
  1.1727954e+00
 -3.1579638e-01
  4.5338264e-01
 -9.7158581e-01
 -2.8474838e-01
 -1.5364765e-02
  2.6574772e-04
  1.4069812e-01
  6.0808355e-01
  1.8823801e-01
 -9.7441846e-01
  8.7696344e-02
  2.8333783e-01
  7.2423756e-02
 -2.8538066e-01
  5.5160322e-03
  5.7773620e-01
 -9.1083086e-01
  3.5624155e-01
  7.5410491e-01
 -4.8175344e-01
 -8.2866363e-02
 -1.6831630e+00
 -7.6554522e-02
  2.3666208e-04
  4.3899316e-01
  2.1827800e-02
 -8.9477664e-01
  4.2698085e-01
 -2.9987145e-02
 -4.0997109e-01
  4.4040754e-01
 -1.1933778e-01
 -2.4743782e-01
  1.2715288e-01
  4.2093733e-01
 -2.7570888e-01
 -1.9818095e+00
 -3.4591633e-01
 -3.4916766e-02
  6.2935233e-01
 -1.4135720e-01
 -2.7148059e-01
 -3.2995644e-01
 -8.5419044e-02
 -1.2336192e-01
  4.9309835e-01
  2.2622695e-02
 -9.3431480e-02
 -1.3432144e-01
  1.2050042e-01
  2.5362271e-01
  4.9419829e-01
  9.5860742e-02
  2.3764332e-01
 -1.1569106e-01
 -6.1163366e-01
  1.0224241e-01
  1.4322692e-01
  3.0652598e-01
 -2.7747175e-01
  5.7675976e-01
 -7.7222854e-01
  1.0208242e+00
 -6.5304101e-03
 -3.3252150e-01
  4.0340170e-02
 -6.2298632e-01
  1.8547367e-01
 -8.2832105e-02
 -7.8529394e-01
 -4.3397874e-01
 -5.1060015e-01
 -1.7119433e+00
  3.6563140e-01
  1.3684158e-01
  1.4795497e-01
 -1.8883663e-01
 -5.1846874e-01
 -9.6855700e-01
 -1.8010749e-02
 -1.5605940e-02
  1.5793055e-02
  1.5059680e-01
  3.9806271e-01
 -2.3566987e-01
 -8.0255598e-01
 -2.6250693e-01
 -2.6630685e-01
  1.7599514e-01
 -2.1994154e-01
 -1.5993376e-01
 -5.6946397e-01
 -1.2335230e-01
  2.5296351e-01
 -2.7282202e-01
 -1.6170539e-01
 -3.8306075e-01
 -1.1920956e+00
  7.5961299e-02
 -2.7092335e-01
  1.8220242e-02
 -2.2551014e-01
  3.6684445e-01
 -4.5468238e-01
 -1.6459940e-01
 -6.8155843e-01
 -3.4739849e-01
 -4.7727108e-01
 -3.1889174e-02
  2.1666604e-01
  3.6873770e-01
  2.0387238e-01
  4.3268940e-01
 -2.3526052e-01
 -1.7985834e+00
 -2.7658418e-01
 -5.8249418e-02
 -1.2880754e-01
  2.3729606e-01
 -5.8723760e-01
 -9.3068981e-01
  3.6307275e-02
 -1.9323111e-01
  1.1140863e+00
  6.6636640e-01
 -2.7820142e-02
 -2.0839713e+00
  7.4158065e-02
  1.6962365e+00
 -9.5579684e-01
 -7.4895382e-01
 -1.6517843e+00
  1.6231523e-01
  3.7308472e-01
  6.7352188e-01
 -5.8194077e-01
  1.8143275e+00
  6.5719908e-01
  9.4312735e-02
 -6.8069226e-01
 -8.1747204e-01
  9.5210415e-01
  1.8154253e+00
  2.3560309e+00
  2.1867528e+00
 -5.6714034e-01
 -3.8016772e-01
 -2.1383886e-01
  3.8186637e-01
  1.8271605e+00
  2.2068904e-01
 -6.5252787e-01
 -2.4053547e-01
  2.0560780e-01
  7.8053236e-01
  1.3336382e+00
 -1.5371761e-01
  1.2905239e+00
 -7.8676021e-01
 -8.7731308e-01
  2.4114652e-01
  2.9937801e-01
  1.8703334e+00
  1.3073396e-02
  5.3883475e-01
  2.2343996e-01
  1.3492911e+00
  4.1399464e-01
  2.2045480e-01
  1.2291505e+00
  5.2674636e-02
 -5.9341967e-01
 -2.7592632e-01
 -9.9252808e-01
  2.0712882e-01
  1.1186501e-01
 -1.4942369e-01
 -4.0960223e-03
  3.9575079e-01
 -2.1418507e-01
 -1.2983958e-01
  3.4704912e-01
 -3.4880236e-01
  3.6924437e-01
 -8.3052002e-02
  3.4112239e-01
  5.4694265e-01
  1.8025024e-01
  3.9932749e-01
 -1.2018868e-01
 -4.4573840e-02
  2.5950303e+00
  4.1456166e-01
  3.1458862e-02
 -1.2184974e+00
 -2.5676811e-02
 -6.7444849e-01
  1.0556106e-01
 -5.3788569e-02
 -3.8325991e-02
 -4.0715054e-01
 -6.7648941e-01
 -3.3715549e-01
  5.3262663e-01
 -5.2498955e-02
  5.9645665e-01
 -1.4706126e-01
 -7.7459878e-01
  7.7904803e-01
  9.3821257e-02
 -1.9902347e-01
  2.6989257e-01
 -9.9299985e-01
 -9.6020252e-01
 -8.1224125e-03
 -1.4618208e-01
  2.5835276e-01
  5.4267842e-01
 -2.4572819e-01
  4.5482534e-01
  4.0195638e-01
 -6.8601018e-01
  3.4175074e-01
 -2.2841053e-01
 -2.4504285e-02
 -1.1765423e-01
  6.1815661e-01
  4.4940427e-01
  4.7071815e-01
 -1.0354262e-01
 -3.1593900e-02
  2.1228594e-01
 -2.7797201e-01
 -9.2985445e-01
  1.5513146e-01
  2.2145401e-01
 -3.1537477e-02
 -1.1883043e-01
  1.0362116e-01
  5.2287823e-01
  3.1832579e-01
 -4.0737581e-01
 -6.7658156e-02
  2.9303992e-01
 -6.7033881e-01
 -4.6356040e-01
 -8.0164915e-01
  2.3957685e-01
  1.9232382e-01
  1.1164614e+00
 -1.8207898e+00
 -9.1143288e-02
 -2.7484041e-01
  1.0973097e-01
  6.2514728e-01
  1.1817028e-01
  5.9818495e-02
  2.2247609e-01
 -3.1486902e+00
 -3.0396947e-01
 -1.7173986e-01
 -7.0640333e-02
  3.4540299e-01
  1.8701792e-01
 -4.6711725e-01
 -6.1901563e-01
 -6.7975289e-01
  3.6706758e-01
  7.5423431e-01
 -6.3348830e-01
  2.0896302e-01
  1.0184917e-01
 -7.3784614e-01
 -4.4538024e-01
  6.7949629e-01
  4.5762811e-02
  5.7294643e-01
 -2.1663187e+00
 -3.0185878e-01
 -1.4553373e+00
  1.5237920e-01
  4.5833939e-01
 -1.2265677e+00
  4.0331832e-01
 -3.0326879e-01
  6.4208710e-01
 -2.6645139e-01
 -4.1800511e-01
 -3.1504548e-01
  3.5054866e-02
 -1.2000579e-01
  1.2024023e-01
  2.8946897e-02
  1.1065767e-01
  3.1598598e-01
 -1.6576576e+00
 -1.0450271e+00
 -9.6012138e-02
  3.3219545e+00
 -1.0675740e+00
  9.2096061e-01
 -1.2408103e+00
 -5.8214849e-01
 -4.5245826e-01
  3.4138539e-01
  1.8835037e+00
 -7.8155327e-01
  4.5982033e-01
 -9.0092957e-02
 -3.5324812e-01
  1.3240677e+00
 -1.1736536e+00
  6.7857426e-01
 -6.1688286e-01
  1.3257422e+00
  2.2913327e+00
  7.0845419e-01
 -3.7900737e-01
 -7.5444549e-01
 -9.0550023e-01
  9.9470682e-02
 -2.7741456e-01
  6.4096105e-01
 -2.0902120e-01
 -1.3599008e+00
 -3.0093062e-01
  7.4428242e-01
 -3.2922247e-01
  6.5368813e-01
 -4.8488978e-02
 -7.4168336e-01
  1.3162729e-01
 -1.9507851e-02
 -1.3717802e+00
 -3.0561545e+00
 -7.0713109e-01
 -5.6154460e-01
  1.1228089e-01
  1.0743504e+00
 -7.5963676e-01
 -7.2306711e-03
 -1.9148001e-01
 -2.0128182e-01
 -2.7125409e-01
 -4.6669343e-01
 -7.2507250e-01
 -2.0900812e+00
  5.4134852e-01
 -9.4251001e-01
 -3.3913119e+00
 -6.2112778e-01
  3.4450108e-01
 -1.2321599e+00
  4.7081909e-01
  1.0644099e+00
 -5.8616561e-01
 -1.9257462e-01
 -1.0234578e-01
  3.9908859e-01
  6.0795504e-01
  1.0144888e-01
 -5.6325275e-01
  3.5333395e-01
  5.0360042e-01
  1.0005107e-01
 -1.0851787e+00
  1.3807348e+00
  4.0782687e-01
 -2.7978108e+00
  3.0724603e-01
 -4.4689197e-03
 -2.4269223e-01
  5.1329422e-01
 -1.0479854e+00
 -1.2689033e-01
 -4.5846984e-01
 -3.6222034e-03
  1.1070851e+00
  7.4649012e-01
  1.5572196e+00
 -1.0728868e+00
  6.5460610e-01
  8.6213630e-01
  5.1244307e-01
 -5.9121888e-02
 -1.2091841e+00
  3.4204412e-01
 -4.1982594e-01
  6.0680725e-02
 -6.3344702e-02
 -4.1570851e-01
 -9.6629184e-01
  9.4504282e-02
 -9.9137492e-02
 -9.0138316e-01
 -9.1009542e-02
 -2.5171506e+00
 -2.1746902e-01
  3.0654946e-01
  3.7380520e-01
  3.9525726e-01
  4.1880795e-01
  1.2595854e+00
  5.2748388e-01
  9.8472714e-01
  1.5610565e-01
  4.3631122e-01
 -1.6960047e-01
  4.5829287e-01
  2.0385770e-01
  1.7279258e-01
 -1.2599637e-01
  1.2255859e+00
 -8.7044917e-02
 -5.0366539e-01
 -3.5119152e-01
  2.0191455e-01
 -1.5299944e+00
  1.9425172e-01
 -1.4077406e+00
 -1.9275443e-01
  4.7067481e-01
  6.8660325e-01
  8.9569312e-01
  5.9260193e-02
  2.6063347e-01
  5.6860286e-01
  4.6241067e-02
  2.2235805e-01
  9.9630758e-02
  3.0286044e-01
  1.9155885e-01
 -2.4847168e-01
  4.1078344e-01
 -1.7139165e-01
 -4.1271022e-01
  5.1871544e-01
  4.3879169e-01
  6.2665659e-01
 -6.8491125e-01
 -1.2174821e-03
 -5.4064810e-02
  4.2021620e-01
  4.3987378e-01
 -8.5932286e-03
 -2.0672388e-01
  5.2262854e-02
 -8.9300102e-01
  2.9310256e-01
 -1.7305550e-01
 -3.2376754e-01
  4.7601098e-01
 -6.2206052e-02
  8.3153054e-02
  1.0582119e+00
  2.3100078e-01
 -9.7192794e-01
 -4.5873818e-01
  3.6688912e-01
  5.0017822e-01
  2.2048737e-01
 -3.5697335e-01
 -3.0734923e-01
  1.1668937e+00
  2.3869438e-01
 -2.6680398e-01
  2.5343710e-01
  1.7743486e-01
  1.7882620e-01
 -1.4239468e-01
  4.6453185e-02
 -3.5041097e-01
  4.1391766e-01
  1.5979598e-01
  1.0606495e+00
 -2.8064546e-01
 -6.8570894e-01
  7.6147243e-02
  2.7285311e-01
  5.9068161e-01
 -4.1110426e-02
  3.9944571e-01
 -8.6810732e-01
 -5.0289744e-01
 -1.0262587e+00
 -8.1043261e-01
  1.2312433e+00
  8.2814461e-03
  4.2884076e-01
  2.7993560e+00
  8.8649517e-01
 -3.3431926e-01
 -1.0226064e+00
 -7.9211533e-02
 -2.9890126e-01
  1.2486783e-01
  2.1198037e-01
  1.2018971e+00
  2.4235503e-01
  1.8967201e+00
  6.4400092e-02
 -8.5892208e-02
  8.1744999e-02
 -5.9942538e-01
 -1.9798365e-01
 -5.5545866e-02
 -1.2746490e+00
 -1.2727956e+00
  3.0193446e+00
 -2.4407721e+00
 -1.3563091e+00
  7.8475904e-01
  3.8429886e-01
  9.5050544e-01
 -1.3195086e+00
  1.1167885e+00
  8.1393647e-01
  5.7332563e-01
 -9.2349100e-01
  3.0283654e-01
 -1.4125381e+00
 -3.1569376e+00
 -4.1307154e+00
 -5.2155173e-01
  2.9003949e+00
 -4.2931703e-01
 -3.9610440e-01
 -6.3910812e-01
  2.1814785e+00
 -1.5528541e+00
 -1.9032394e+00
 -6.2991643e-01
  4.5157412e-01
  1.7229860e-01
  9.3551540e-01
 -3.5886285e-01
  4.6767509e-01
 -2.8973401e-01
  2.5150415e-01
 -3.4630898e-01
  3.0996752e+00
 -1.5406235e+00
  9.6997482e-01
  3.8445884e-01
 -2.2086868e+00
 -5.9501016e-01
 -1.4974325e+00
  4.0239534e-01
 -1.9936471e+00
 -9.1883177e-03
  1.6167130e-01
  4.2176935e-01
  7.1647684e-03
  4.6364960e-01
  6.6541606e-01
 -1.1058091e-01
 -4.5140547e-01
 -1.3154563e+00
 -6.4343327e-01
 -1.8617220e-02
  8.7623250e-01
  2.4844453e-02
 -2.2922742e-01
  4.9799636e-02
 -7.6253295e-01
  2.7192235e-01
  1.5663630e-01
  3.0076066e-01
  2.9567829e-01
  2.7388234e+00
 -2.0686758e+00
 -1.3750000e-01
  3.3813778e-01
  2.4478030e-01
  2.3385435e-01
  1.2499056e+00
 -1.7595554e-02
  1.2238953e+00
 -1.4598715e+00
 -1.5188477e+00
 -7.4891470e-02
 -4.0837665e+00
 -7.5153035e-01
 -3.1529501e-01
  1.1146110e+00
 -5.3120881e-01
 -1.1555310e+00
  8.2962239e-01
  1.3387529e+00
  6.9849330e-01
 -3.1362754e-01
 -2.0124509e+00
 -8.7126739e-02
 -8.3041543e-01
  2.7309010e+00
 -6.6153526e-01
 -3.3854145e-01
  2.6946702e+00
 -1.8886194e+00
 -1.3052311e+00
  1.2215815e-01
  1.6229957e-01
  7.7879483e-01
 -2.1168863e-02
  7.0871180e-01
  3.2370353e-01
 -2.0527287e-01
  1.3375518e-01
  1.3972314e-02
  1.9611822e-01
 -2.8634884e+00
 -1.3426600e+00
  3.4483159e-01
 -4.1401997e-01
 -1.0890906e+00
 -1.4557616e-01
 -1.1477716e+00
  6.0228914e-01
  2.1989400e+00
 -1.4102373e-01
  3.1957942e-01
  9.6280330e-01
 -4.4614929e-01
  6.6984929e-02
  1.3787551e+00
  8.6848074e-01
 -1.8093731e+00
 -4.5921710e-01
 -8.2680613e-01
 -1.1334823e+00
 -1.8906388e-01
 -1.5603677e+00
 -2.7483132e-01
  1.5712596e-01
  1.6726633e+00
  4.2042446e+00
 -5.0957078e-01
 -2.1413629e-01
 -2.2035983e-01
  1.2222882e-01
  3.3155462e-01
 -2.9824389e-02
  1.1660966e-01
 -5.9605670e-01
 -5.2228338e-01
 -1.4936966e-01
 -1.1355445e+00
 -1.1166511e+00
  1.5386645e-01
 -5.0787085e-01
  2.4634898e-01
 -8.4116244e-01
 -3.5385570e-01
 -1.3436590e+00
 -5.9957664e-02
 -7.5979418e-01
 -4.3208271e-01
 -4.0505528e-01
  2.8669384e-01
 -3.8052499e-03
 -1.2002519e+00
 -4.2410716e-01
 -6.6999233e-01
  1.1950786e+00
  7.1564782e-01
  1.0237497e+00
 -1.0233557e+00
  7.7754692e-03
  5.7005769e-01
  2.0976329e+00
  1.1601966e-01
 -4.2988437e-01
  1.7960985e-01
 -5.4295942e-02
 -1.2184633e-02
 -1.6362637e-01
  1.6957292e-01
 -5.7715297e-01
  1.5302433e-01
  6.5332359e-01
  1.9877812e-01
 -1.3521640e-01
 -1.3044529e+00
  6.3226926e-01
  3.6091572e-01
  6.6886924e-02
  1.6401023e-01
  1.7945302e-01
 -2.2346352e-01
  2.1346349e-01
  7.0154417e-01
  3.3980501e-01
 -3.3744895e-01
  3.0585549e+00
  6.5959573e-01
 -5.0909990e-01
 -3.1791478e-01
  1.0356001e+00
 -1.3564391e+00
 -4.9424034e-02
 -2.3412456e-01
  1.0261586e-01
 -5.4222798e-01
  1.3667986e+00
 -5.1475835e-01
 -5.8442909e-02
  7.6853621e-01
  7.3449694e-02
  1.4563626e-01
  1.7038652e-01
  3.5245258e-01
 -1.4236393e+00
  1.6131939e-02
  1.0206591e-01
  1.0350285e-02
  1.3541634e+00
  8.8376629e-01
 -1.9406438e-01
 -8.4867847e-01
  5.6478816e-01
 -1.1614119e+00
 -7.2174239e-01
 -1.8181947e-01
  2.0194263e+00
 -2.3594522e+00
  1.1497997e+00
 -2.3965225e+00
 -1.0000266e+00
  8.8487661e-01
 -4.8114237e-01
  2.9661477e-01
 -1.1603032e+00
 -1.2124274e+00
 -1.4288560e+00
  1.3227071e+00
  8.3293378e-01
 -5.7462859e-01
 -3.5206696e-01
  8.5354172e-02
  9.7948122e-01
  6.0118312e-01
  8.6528048e-02
 -4.2237867e-02
 -7.9753083e-01
 -6.5646893e-01
 -4.5692238e-01
 -4.8329294e-02
 -2.5394827e-01
 -3.1088799e-02
  2.4508402e-02
 -1.1091781e+00
 -2.7003493e+00
 -1.8869551e+00
 -1.3406866e+00
  3.3029742e+00
  4.4916922e-01
  1.5102681e+00
 -1.2047292e-01
  1.2929558e+00
  2.6489604e+00
 -3.3611608e-01
 -1.7041552e-01
 -9.0694404e-01
 -2.0353228e-01
  7.5932905e-02
 -1.0218650e+00
 -6.1136961e-01
 -3.5627916e-01
 -4.2777196e-01
 -1.0288777e+00
  2.2762504e-01
  1.5310451e-01
 -1.0960288e+00
  1.1404850e+00
  2.6290538e+00
 -2.1790683e-01
  3.8576698e-01
 -2.1846032e+00
  1.3727209e-01
 -2.3387755e-01
 -5.2403063e-01
  3.9472270e-01
 -1.8434757e-01
 -4.1421425e-01
  1.1346953e-01
 -3.0669817e-01
 -2.7535909e-01
  6.1994141e-01
  2.9905358e-02
 -4.4596952e-01
 -4.0837654e-01
  1.1815838e-01
 -2.9230008e-02
 -1.1540470e-01
  1.4947653e-01
  4.0484306e-01
  4.2684358e-01
  3.2753387e-01
  4.4012049e-01
  1.7517620e-01
  1.0538558e-01
 -5.6678444e-01
  2.5988644e-01
  5.8281675e-02
  1.5936458e+00
  1.5586276e-01
  6.6664803e-01
 -1.8492413e-01
  3.3438107e-01
 -1.0819661e-01
 -3.3954072e-01
 -3.3177605e-01
 -3.4496066e-01
  2.1179566e+00
  7.9973169e-02
  3.5650042e-01
 -1.1122344e-01
 -4.7826385e-01
  1.0107819e+00
 -3.6202900e-02
 -1.7882259e-01
 -1.7661624e-01
  8.0633956e-01
 -9.1496086e-01
 -4.3014199e-01
  2.7086818e-01
 -8.7831039e-03
 -2.3705710e-01
 -8.9620657e-02
  8.2877898e-01
 -1.1046785e-01
 -3.0215847e-01
  2.6901111e-02
 -7.8878246e-02
 -1.6191627e-01
 -3.2277130e-02
 -4.8170763e-01
  1.6330223e-01
  7.8029059e-02
 -9.5491208e-02
 -4.6839976e-01
 -2.6523140e-01
 -1.0232749e+00
  5.3909898e-01
 -5.8097005e-01
 -4.0523177e-01
  3.6351103e-01
  8.5275841e-01
 -1.0342398e-01
 -2.6913118e-01
 -5.2484673e-01
 -3.9464742e-01
  3.2452386e-02
 -1.8932453e-01
 -2.6302701e-01
  6.3653447e-02
  9.8141533e-01
  2.1505049e-01
  1.2208660e+00
  8.5428828e-01
 -6.0996872e-01
  8.6022906e-02
 -8.2000673e-01
  1.6911161e+00
  5.0873315e-01
  5.0161135e-01
  6.4721060e-01
  7.1524101e-01
 -3.0393311e-01
 -2.6886711e-01
  8.0569494e-01
 -7.7211243e-01
  7.6833487e-02
 -2.4627650e-01
  3.2385615e-01
  6.1185026e-01
  6.1584538e-01
  1.9301167e-01
  6.7777328e-02
  2.7474689e-01
 -1.9154787e-01
 -1.6616360e+00
  3.4452003e-01
  1.0606491e-03
  4.0947086e-01
 -3.9136428e-01
  3.1661704e-02
  3.2704324e-01
  4.2969689e-01
 -5.2416903e-01
  4.5895517e-01
  2.7568996e-01
  9.8573133e-02
 -7.1197611e-01
  6.0403359e-01
 -4.5859084e-01
 -1.0583970e-01
  2.5842996e+00
  3.5636443e-01
  8.1876785e-02
 -5.6449664e-01
 -1.1943652e-01
 -2.6629737e-01
  6.3619548e-01
 -8.1284508e-02
 -1.6418263e-01
  1.9910512e+00
 -2.0388475e-02
  3.5974881e-01
  3.7719628e-01
 -2.2768430e-01
  7.7907167e-02
  1.4864668e-01
 -4.2860657e-01
 -3.9809620e-01
 -2.7193782e-01
  3.5840842e-01
 -1.7552959e+00
  9.1407007e-01
  1.9999127e-01
 -5.7221037e-01
  1.6848880e-01
 -1.3294355e+00
  8.2026079e-02
  8.5160330e-02
  6.5142739e-01
 -4.9138674e-01
 -3.1939307e-01
 -3.2318828e-01
 -2.1150718e+00
  6.8554312e-01
  1.5469132e-01
  8.7132327e-02
  2.7997255e-01
  6.6248380e-02
  7.8878587e-01
 -4.6582112e-01
 -1.0027488e-03
 -3.7845552e-01
 -4.3114260e-01
  1.7328592e-01
  6.7996405e-02
 -3.1737211e-01
  2.2084719e-01
  4.9868271e-01
  9.4763219e-02
  2.0359151e+00
 -5.0835752e-01
  4.7632429e-01
  6.1674047e-01
  3.8833833e-01
  9.0511459e-01
 -1.7019820e+00
  1.8148315e-01
 -4.7388321e-01
 -2.0467040e-01
 -4.0432334e-01
 -2.3980132e-01
 -2.0379342e-01
  2.1750049e-01
 -2.7060020e-01
  1.1970817e-01
 -3.7095237e-01
  9.8156327e-01
  1.1157520e+00
 -2.6851214e-02
 -7.6679784e-01
 -6.0924572e-01
  1.6955746e+00
  9.8351049e-01
 -1.4187135e+00
 -1.3754431e+00
  1.2963253e-01
 -4.7070214e-01
 -8.3192867e-01
 -1.2830261e+00
 -1.6818193e-01
 -1.3198332e+00
 -4.0971136e-01
  7.6836668e-02
  5.0119764e-01
 -2.8872624e-01
 -3.5405450e+00
  1.1232994e-01
 -4.8840615e-01
  6.5708250e-02
  3.8651977e-02
  1.2890646e-02
 -5.1549208e-01
  2.9334357e-01
  6.3605472e-02
  1.1005018e+00
  3.3445597e-01
 -3.8903475e-01
  3.2171801e-01
 -1.4242194e+00
 -3.9609227e-01
  6.2966585e-02
  4.1904828e-01
  2.9063749e-01
  1.5623751e-02
 -7.1869928e-01
 -3.6751580e-01
  1.6392457e-01
  7.0718944e-02
 -2.8494436e-01
 -2.3015361e-01
  1.8675356e-01
  8.5670516e-02
 -1.4765225e-01
 -7.9346068e-02
 -4.5911980e-01
 -6.9118597e-02
  4.7235554e-01
 -8.4744656e-01
 -2.1342486e-01
 -2.2288398e-01
 -1.8598500e+00
 -6.0755569e-01
  8.0332339e-02
  2.1342103e-01
  2.2340491e-01
 -2.5583607e-01
 -1.3248777e-01
  9.1714311e-01
 -3.7596953e-01
 -1.2861009e-01
  7.3858336e-02
  1.9829896e-01
 -2.6741999e-01
  2.2829971e-01
  1.2918061e+00
 -6.2079293e-01
 -1.8975316e+00
 -1.8794383e+00
 -6.2251765e-01
 -1.1435535e+00
 -3.4169480e-01
  6.2405777e-01
 -6.0183786e-02
  2.3067307e-01
 -3.1395492e-01
 -9.3515575e-01
  3.6535355e-01
 -6.4060022e-03
  1.8566771e-01
  8.3567828e-01
  4.6649218e-01
  1.6300786e+00
  1.6566989e+00
  1.8995599e+00
 -8.2130086e-01
  8.0333263e-01
 -6.7969388e-01
 -6.2704825e-01
  1.7413545e-01
 -6.7367309e-01
 -1.3083847e+00
 -3.7069634e-01
  6.4298481e-01
  2.8085852e-01
 -7.5084835e-02
 -3.2803920e-01
  1.4589397e+00
  9.6586370e-01
 -2.2622634e-01
  1.4103176e-01
 -1.6117031e-02
  4.4115904e-01
  1.3518062e+00
 -6.5116040e-02
  1.2435678e-01
 -4.2075333e-01
  2.1006162e-01
 -8.6196221e-02
 -2.0217639e-01
 -1.0120104e-01
 -4.0342077e-03
  6.5674543e-01
 -3.7344150e-02
  1.3531643e+00
 -2.5436032e-01
 -4.2956704e-01
  1.4548048e+00
 -1.1498030e-01
 -3.1106785e-01
 -2.2327681e-01
  3.5140097e-01
 -1.6793485e+00
  5.9773815e-01
 -1.1639432e+00
 -4.0306711e-01
 -3.0198762e-01
  9.5098048e-01
 -3.1487021e-01
 -7.5641185e-01
  4.8693979e-01
 -8.3025312e-01
  1.2011005e-01
 -1.4635959e-01
  2.9402356e+00
  2.4031401e+00
 -2.2924442e+00
 -1.2965899e+00
 -3.7454975e+00
 -7.6893514e-01
  1.0193856e+00
  1.7695955e+00
 -1.1993157e+00
 -2.2809782e+00
 -7.0287995e-02
 -3.3395359e-01
 -7.3695117e-01
  1.2137069e+00
 -5.4902989e-01
  6.2374729e-01
 -3.0955579e+00
 -1.2689297e+00
 -1.0379866e+00
  2.7789757e+00
 -6.1091143e-01
  4.6338636e-01
  1.1273892e+00
  6.0395837e-01
 -1.0704883e+00
  6.3971245e-01
 -7.2115076e-01
 -3.1294772e-01
  3.4056637e-01
 -1.0454648e-01
 -2.6666942e-01
 -4.5062825e-01
  3.6193416e-01
 -3.3291814e-01
 -1.0356646e+00
  2.4472892e-01
 -1.5794833e-01
  6.4472097e-01
  1.8145261e+00
 -1.9168874e+00
 -2.0534545e-01
  5.6933429e-02
  8.6193338e-02
  5.6372464e-01
  5.4397058e-01
 -3.0644953e-01
  5.8140254e-01
 -5.2522135e-01
  1.0811555e-01
  1.7390077e-01
 -5.7007903e-01
  1.3304880e-01
 -2.7550906e-01
 -1.5166887e+00
  6.0360605e-01
 -7.9137646e-02
  8.2129711e-01
 -3.0998668e-01
  4.5428678e-01
  1.3676494e+00
 -3.3693686e-01
 -9.2626847e-02
 -1.1381619e-01
  7.3843233e-02
  8.0940831e-01
  2.7430725e-01
  1.1645879e+00
 -9.3328074e-02
 -1.7210911e-01
 -5.3927973e-02
 -1.2868741e+00
 -3.2340294e-01
 -9.4802248e-01
 -3.5115278e+00
  2.1913314e+00
 -1.2465281e-02
 -1.1391586e-01
  2.1832570e-01
 -4.3872392e-01
 -4.0351009e-01
 -6.0521406e-01
  4.9566755e-01
 -3.2308805e-01
 -5.5584109e-01
 -7.4223839e-02
  3.1768963e+00
  7.6027408e-02
  7.1748018e-01
 -1.4294077e+00
 -4.4634637e-01
  6.0724501e-02
 -1.0371164e+00
 -2.5619721e-01
  1.2091179e-01
 -1.6049509e-01
 -6.8974698e-01
 -2.7616504e-01
  3.2482408e-02
  7.4624449e-02
  2.5529388e-02
  1.4050023e-01
  2.7533120e-01
  3.6029103e-01
 -2.6254669e-01
  1.3844116e+00
  3.4597448e-01
  6.7798984e-01
  4.5841143e-02
  2.6095212e-01
 -1.8607828e-01
  7.0308603e-02
  3.5931161e-01
 -2.5470061e+00
  2.6041245e-01
  3.0488026e-01
  1.8462335e-01
 -1.1794420e-03
  1.6622823e-01
  3.3391309e-01
 -1.6150154e+00
 -3.3194341e-02
 -3.0923384e-01
 -3.3634251e-01
 -1.6903694e-01
 -1.3281713e-01
 -1.2172682e-01
 -3.0942366e-01
  8.8618152e-02
 -3.5056227e-01
  1.2143040e+00
  1.5633218e+00
  1.3394178e-01
 -6.6021115e-01
 -3.3219290e-01
 -2.6088434e-01
  1.5039979e-02
 -5.1352981e-02
  2.4560843e-01
 -3.0767116e-01
  1.6221355e-01
 -9.4986565e-02
  6.3539785e-01
 -2.0390913e+00
 -1.1613450e+00
 -1.1812061e+00
  6.9116187e-01
  9.7760850e-01
  4.9901448e-02
 -3.6638340e-01
 -3.3355966e-01
  1.3949163e+00
  2.4367125e+00
 -1.2620786e+00
 -6.1556906e-01
 -6.2108290e-01
  5.8466755e-02
 -1.9180394e+00
  3.5320839e-01
 -5.8075547e-01
 -2.0878983e-01
  2.1196296e+00
  2.9160535e-01
 -2.3951793e-01
 -9.3458235e-01
  8.0402607e-01
 -2.5072122e+00
  4.6710230e-02
 -4.6943992e-01
 -5.0781691e-01
 -7.2109413e-01
 -1.9619830e-03
  4.1262165e-02
 -5.5647478e-02
  7.4747074e-01
  8.0348080e-01
  1.4237514e-01
  5.6928885e-01
 -4.4378513e-01
 -2.3006676e-01
 -2.5586146e-01
  1.4168715e+00
 -4.2257738e-01
 -2.8949463e-01
  7.8762305e-01
 -1.2685628e-01
 -1.9713061e-01
 -4.5229159e-02
  1.4890032e-01
 -2.3877202e-01
  9.0703107e-02
  1.0912834e+00
  2.3143773e-01
 -5.4606092e-01
 -8.6968273e-01
 -1.3142213e+00
 -4.6455353e-01
  1.6070642e-01
 -7.4642718e-01
 -1.0379044e+00
 -1.1268322e+00
  2.1824913e+00
  1.7783688e+00
 -5.6774831e-01
 -4.0146199e-01
 -2.1202046e-01
 -9.0439031e-03
 -5.6112254e-01
  5.6980854e-01
  2.6362085e+00
 -1.6950715e-01
 -2.5265603e+00
  5.1699281e-01
  2.0606029e+00
 -2.8123462e-01
 -1.9655784e+00
 -9.9570405e-01
 -1.9753466e+00
 -8.8455445e-01
 -2.8673896e-01
 -1.7403271e+00
  1.1165587e+00
  4.5353231e-01
  5.3957123e-01
  6.3448530e-01
  4.3910930e-01
 -5.7798976e-01
  3.4669197e+00
 -8.6944175e-01
 -9.4471432e-02
  2.5266142e+00
 -2.7800393e-01
 -6.0338318e-01
  3.0076158e-01
 -7.3085308e-01
  1.8994322e-01
  1.4980952e-01
  8.0070722e-01
  3.4569243e-01
 -4.0510634e-01
  2.7860530e-02
  8.3026662e-02
 -9.2850745e-01
  2.3307540e-02
  1.5764320e-01
 -1.0816286e+00
  1.0932375e+00
 -5.3764659e-01
  2.6156172e-01
  1.2655824e+00
 -5.0365090e-01
 -6.0777557e-01
 -7.9146278e-01
  3.2277206e-01
 -9.4224674e-01
 -8.4622157e-01
 -3.8648468e-01
 -3.5941529e-01
  6.5542197e-01
  3.1912825e-03
  8.8701181e-02
 -4.0626094e-02
 -1.2547906e-01
  1.0742892e+00
 -7.5049043e-01
  4.9148446e-01
  5.6690983e-03
  3.5393089e-02
 -6.2681007e-01
 -6.4943254e-01
  2.3530558e-01
 -2.1818894e-01
 -2.9564989e-01
  1.4217803e-01
  2.5856557e-01
 -4.1374275e-01
  3.8753819e-01
 -2.0468773e-01
  9.3502380e-02
 -2.4508737e-01
 -6.5175146e-03
 -9.9138334e-02
 -3.8941002e+00
  3.1806669e-01
 -1.0100560e+00
 -7.8150219e-01
  5.6737530e-01
  4.9500164e-01
 -1.6056468e-01
 -1.7866324e+00
  1.8808926e-02
 -1.8282592e-01
 -1.3003346e-01
 -1.9011076e-01
 -9.5140105e-01
 -6.4410526e-01
 -5.4985261e-01
  2.9806122e-01
  1.0794154e-01
 -2.3849204e-01
 -6.4850487e-02
  6.4283025e-01
  7.2567683e-01
  3.1387702e-01
  3.6594370e-01
 -2.0380515e-01
 -4.3275365e-01
 -4.9438450e-01
 -2.5616701e+00
  1.4667648e-01
 -6.7228276e-01
 -6.5272176e-01
  1.4472358e-01
 -1.6759662e-01
 -3.7325040e-01
 -1.1190002e+00
 -1.1474557e-01
  8.3776757e-02
  1.2466749e+00
 -5.7979465e-01
 -1.8798140e+00
 -1.0552309e-01
  4.0590350e-02
  5.1176530e-01
  1.6315573e-01
  3.8097548e-01
 -2.8720829e-01
  6.0197556e-01
 -4.7218034e-01
 -2.2765993e-01
  3.4640607e-01
  8.8649672e-01
  4.4508910e-01
  2.8980714e-01
  5.0022048e-01
 -2.1593033e-01
 -2.2276519e-01
  7.7122651e-02
  3.9051318e-01
 -2.1262883e-01
  5.3299081e-01
  2.5164530e-01
 -5.9652478e-01
  3.1228632e-01
  1.7904253e-01
  4.7358337e-01
  9.8895252e-02
 -1.4682925e-02
 -1.1110271e+00
  2.6903031e+00
  7.6824337e-02
  1.0589044e+00
  4.6345878e-01
  4.0193635e-01
 -1.2218176e+00
  2.2610572e-01
 -3.4234706e-01
  8.1005985e-01
 -4.1753009e-02
  3.8312355e-01
 -9.2116362e-01
  1.8513720e-02
  1.1834947e+00
 -8.9997667e-01
 -2.1702333e-01
 -5.0634140e-01
 -1.7543083e-01
 -1.4080726e+00
 -1.0609034e-01
  1.0960752e+00
  5.1680908e-02
  4.5229033e-01
  5.2475339e-01
  2.4446121e-01
 -6.5100497e-01
  3.0547874e+00
 -6.7108107e-01
  1.2587483e-01
  1.2580948e+00
  4.1608229e-02
  1.4212273e-01
  3.0761901e-01
  1.0169153e-01
 -6.3177437e-02
 -1.9001716e-01
  1.2492986e-01
 -7.1740627e-02
 -4.6836033e-01
 -9.1999745e-01
 -4.3858996e-01
 -1.1223316e+00
  2.6228583e-01
 -3.1841820e-01
 -1.0346227e+00
 -1.2395632e-01
 -1.3225455e+00
 -3.7873968e-02
  2.4396624e-01
  4.4255459e-01
 -3.9569475e-02
 -2.4212886e-01
 -7.1729290e-01
  3.5979825e-01
 -8.1777900e-01
 -3.0498472e-01
 -4.4347501e-01
 -1.5394758e+00
 -3.4974849e-01
  2.1901000e-01
  6.9349301e-01
  1.1656513e+00
 -5.1910704e-01
 -2.5129497e-01
  3.3404762e-01
  1.5510589e-01
  6.8796933e-01
 -3.0600101e-01
 -1.2299583e-01
 -1.5644561e-01
  5.7392472e-01
  3.4933695e-01
 -1.2403628e+00
 -9.6008569e-01
  1.2862994e-01
  6.0531437e-02
  5.0738949e-01
  2.3149042e-01
 -5.1662654e-01
 -1.2817769e-01
 -4.9076679e-01
 -3.6917794e-01
  2.1491051e-01
  3.6349395e-01
 -6.8796778e-01
  3.2175872e+00
  1.1751326e+00
  5.7354641e-01
  5.6978911e-01
 -2.7439317e-01
  2.6865389e-02
  4.0318173e-01
 -2.2363003e-02
  3.4802612e-02
 -7.6204926e-02
  1.1807409e-01
 -2.6835343e-01
  3.3022679e-02
  2.4764715e-01
  8.8790413e-03
 -3.9633855e-01
 -1.9422002e+00
 -1.2142613e-03
  1.4433552e-01
 -2.5002748e-01
 -3.3179004e-02
  2.0387590e-01
  1.5705695e+00
 -1.0692018e+00
  5.0511509e-01
  5.0994599e-01
  3.6990020e-01
 -4.2408913e-01
 -5.1160073e-01
  3.3544683e-01
 -1.2213708e+00
  2.5993972e-03
 -2.7692300e-01
 -2.2911251e+00
 -2.9413259e-01
  3.0410886e-01
  4.2072695e-01
 -2.4119532e-02
  9.4152516e-01
 -7.6927967e-02
 -6.7746598e-01
  2.4289484e-01
 -1.4791042e+00
  1.2528359e+00
 -3.7705421e-01
 -1.1428177e+00
 -1.4373919e+00
 -7.8314230e-02
 -6.2039117e-03
 -7.3084213e-02
 -3.9420325e-01
  9.4547831e-02
  7.6285571e-01
  3.3631276e-02
 -1.6949646e+00
 -2.0469899e-01
 -5.6992382e-01
  5.6445974e-01
 -8.8797706e-01
 -1.1858652e+00
 -6.9418269e-01
  2.3923912e+00
 -2.0157391e-01
 -7.9406852e-01
  7.4632758e-01
  7.9995066e-01
 -7.9739457e-01
 -1.4836833e-01
  1.5565269e-01
 -3.0278894e-01
 -3.1084241e-02
  4.8303097e-01
  5.7572208e-02
 -1.6240163e-01
 -1.2509198e-01
  6.4350682e-01
  9.2795926e-01
  2.7162376e-01
  1.3795651e+00
 -1.2504870e-01
  2.9363388e-01
  1.7797973e+00
 -4.5545250e-01
  8.9424235e-01
  1.5863661e+00
 -5.0387567e-01
  4.8998790e-03
 -3.4478828e-01
  1.5063500e-01
 -1.9565495e-03
  1.5521091e-01
 -2.8771645e-01
  1.4270350e+00
  1.4786958e+00
 -3.3834488e+00
  2.5381440e-01
 -1.0813386e+00
  3.6087245e-01
 -6.3594162e-01
  3.3405137e-01
  1.4748119e-01
 -8.4054661e-01
 -3.6967856e-01
  2.3519652e-01
 -4.5465311e-01
  6.5480098e-02
  9.6044070e-01
  1.6995551e-01
 -1.1399641e+00
 -3.2658228e-01
 -6.3715458e-01
 -1.2019761e+00
 -5.7766968e-01
 -1.6816738e-01
 -1.9751529e-01
 -5.7746375e-01
 -1.7251462e+00
  3.9514117e-03
 -2.4312660e-01
 -3.3285007e-01
  1.9636355e-01
  2.2129686e+00
 -2.3143995e+00
 -1.1241058e+00
  5.1078832e-01
 -5.9232610e-01
  3.5600436e-01
 -1.3444255e-01
 -3.4149389e+00
  1.7291137e+00
 -5.7921177e-01
  9.9079090e-01
  1.8732780e-01
 -9.7391206e-01
 -5.2290839e-01
  4.9619962e-02
 -5.6824011e-01
  2.2575837e-01
  6.2695736e-01
 -2.0622864e-01
 -1.6223672e-01
  1.9639830e-01
 -8.1432766e-01
  4.0998274e-01
  7.0345081e-02
  1.4866215e-01
 -2.0550771e-01
  4.2020294e-01
 -7.6857919e-01
  8.8467056e-01
  1.2904277e+00
  1.0533495e+00
  3.1363577e-01
  4.8287219e-01
  1.6615316e-01
 -3.9707325e-02
 -6.3084877e-01
 -1.5964149e-01
  3.6004585e-01
 -4.2940664e-01
  4.2424658e-01
 -8.1973976e-01
  1.1800989e-02
  1.9964401e-01
 -1.5769082e+00
  1.3418986e+00
 -8.3849448e-01
  1.4438371e-01
  9.4905186e-01
  1.1715861e-01
  2.5982362e-01
  6.1660165e-01
  8.5849184e-01
 -6.0645682e-01
 -4.4668183e-01
  7.2441226e-01
  4.4714135e-01
  6.0215974e-01
 -1.2420590e+00
 -3.3506542e-01
 -9.1909146e-01
 -8.3851898e-01
 -1.0554953e+00
 -1.1625954e+00
 -2.8473449e-01
  2.4549097e-01
  1.5146806e+00
 -1.8361442e-01
 -3.5802314e-01
  4.4324458e-01
 -1.5238516e-01
 -4.5415942e-02
  2.3459159e-01
  5.0920761e-01
 -3.5171840e-01
  9.2244780e-01
  2.8235352e-01
  4.2536700e-01
  5.0468397e-01
  2.5909996e-01
 -3.2164186e-01
  1.3419330e+00
  6.0675573e-02
 -6.6451192e-02
  1.9914071e-01
  5.8990043e-01
  5.7672608e-01
 -4.9317411e-01
  6.8665224e-01
  1.7822994e-01
  5.0298643e-01
 -3.6366075e-01
 -2.4422231e-01
  7.4809229e-01
 -4.6847877e-01
 -5.9212536e-01
 -2.7390620e-01
 -1.0462608e+00
  3.9021125e-01
  8.7709241e-02
 -1.8736301e-01
  5.3747934e-01
 -4.3207160e-01
 -2.2252440e-01
  6.6291833e-01
 -3.4045985e-01
 -2.0904414e-01
 -3.6864701e-01
 -7.9820961e-02
  8.1555188e-01
  1.6729847e-01
  1.3377653e-01
 -1.1806177e+00
  3.2551356e-02
  9.0733945e-01
  4.0981823e-01
  1.8987641e+00
 -1.3909346e-01
 -1.8481625e+00
 -3.7678233e-01
  1.1851569e+00
 -6.2481958e-01
 -3.4235337e-01
  4.3470678e-01
 -1.0028046e-01
  2.4020682e-01
  3.2105654e-01
 -3.0283315e+00
  3.1374758e-01
  1.2197886e+00
  1.7577414e-01
  1.6754878e+00
  1.1470200e+00
  1.9109079e-01
  1.1471354e+00
  8.7093836e-01
 -5.7986784e-01
 -3.0587149e-01
  1.8835774e-01
  4.0700104e-02
 -5.1422894e-01
 -2.2500485e-01
 -3.0400440e-02
  5.3808522e-01
  1.2252861e-01
  1.7025594e-01
 -1.1311144e-01
  3.2337922e-01
 -1.7526254e-01
  4.3352118e+00
  9.5149291e-01
 -1.2631465e+00
  1.3543811e+00
  1.2247953e+00
 -5.4645181e-01
 -9.5715207e-01
 -5.2120882e-01
  2.1890402e-01
 -1.7049752e-01
  1.6028631e-01
 -1.2164912e-01
  1.2523700e+00
 -8.3204889e-01
 -8.9409739e-02
  9.4750017e-02
  4.9580567e-02
  3.5695482e-02
  3.4596893e-01
  9.1433126e-01
  1.1256348e-01
  1.0236961e+00
  8.6440468e-01
 -2.0502284e-01
 -3.5008848e-01
  8.7428313e-01
  1.3134775e+00
  3.7759569e-01
 -2.2913920e-02
 -4.0199026e-03
  1.0323001e-01
  1.5883256e-01
  1.7755215e-01
  2.1693873e+00
  1.1652979e+00
 -2.1685660e+00
  2.2237437e+00
 -7.5189930e-01
  6.7450565e-01
  2.9677036e+00
 -1.1582800e+00
  7.7743989e-01
  1.0372872e+00
  1.5502445e+00
 -1.2609680e+00
 -1.3585675e+00
  7.5033033e-01
  2.5288143e+00
 -9.0735143e-01
 -3.0124489e-02
 -5.2170116e-01
  2.7271147e+00
  1.0248097e+00
  4.4667625e-01
 -2.5566050e-01
 -1.6737622e+00
  5.8268636e-01
 -1.4591787e+00
 -4.9431267e-01
  1.7954086e+00
 -5.1006794e-01
 -8.4899563e-01
 -3.1868889e+00
  2.4065089e-01
 -2.2714677e-01
  9.8186461e-03
 -1.0613371e-01
 -2.7998462e-01
  1.2836812e+00
 -2.9384595e-01
  4.4671920e-01
  2.6691455e-01
 -2.2240910e-01
 -1.6180088e-01
 -6.6984147e-01
 -6.4115301e-02
 -8.5420632e-01
 -1.7111085e-01
  4.9707061e-01
 -1.9664812e-01
  1.1928066e+00
  7.4851382e-01
 -1.2063168e-01
  1.1520542e+00
 -1.4302036e-01
  4.4282604e-02
 -1.4865911e-01
 -4.0236598e-01
  5.9943980e-01
  6.7837328e-01
  1.0295289e+00
 -1.0546407e+00
 -2.0072234e+00
  8.0441505e-02
 -3.4476008e-02
  4.1075197e-01
 -5.7804789e-02
  1.1624577e+00
 -2.0813316e-01
 -5.7002324e-01
 -4.5141250e-01
 -1.5041454e+00
 -4.6081361e-01
  1.0060415e+00
  5.8423644e-01
  1.3105111e+00
 -4.4846779e-01
 -7.5015503e-01
  4.8871490e-01
 -2.4497078e-01
 -2.9759985e-01
 -4.8872688e-01
 -7.3797572e-01
 -9.7815895e-01
  1.0069096e+00
  9.8067576e-01
  1.2356416e-01
  1.7347661e+00
 -3.7934187e-01
 -4.4136357e-02
 -1.7089911e-01
  8.4378049e-03
 -3.9590895e+00
  2.0747879e+00
 -1.2320700e+00
 -1.9707601e-01
 -4.4230142e+00
 -5.6039333e-01
  4.5197424e-01
 -5.7692015e-01
 -1.8290448e-01
 -3.7210807e-01
  6.4771867e-01
  6.9090885e-01
  7.2567485e-02
 -2.2861440e-01
 -8.5369021e-02
 -2.4628501e-01
  1.8456491e+00
  1.3915870e+00
 -7.3363513e-01
 -1.1081746e+00
  1.6855139e+00
 -8.0929869e-01
  6.8948251e-01
 -8.0460536e-01
  1.1710081e+00
 -2.7351972e-01
 -8.3605015e-01
  1.8613067e-01
 -4.2080018e-01
  2.2310476e-01
 -7.5431132e-01
  4.7821218e-01
  5.7696009e-01
  2.4339758e-01
 -8.6193249e-02
  4.1196141e+00
 -6.3686550e-02
  2.9969621e-01
 -3.7711117e-01
 -4.2924115e-01
 -9.9207765e-01
  4.5994721e-02
  1.5847681e-01
 -2.6815921e-01
  3.7392384e-01
  8.3574504e-01
 -2.6737386e-01
 -3.1719816e-01
 -1.8909916e-01
  5.2186394e-01
 -5.2127498e-03
  1.3808937e-01
  2.5899661e+00
  1.4834109e-01
  7.6416247e-02
  1.3467072e+00
 -9.7327584e-01
  5.2249306e-01
 -2.7214177e+00
  7.8920621e-01
  3.4009951e-01
  2.0419565e-01
 -2.4860604e-01
 -1.4263432e+00
  2.0664223e-01
 -1.4799688e+00
  1.2591058e+00
 -3.8481900e-01
  2.3244387e-02
  8.2668203e-01
 -9.6841079e-01
  1.2266814e+00
 -4.7224531e-01
 -3.5906190e-01
 -1.1394060e-01
  1.6802065e-02
 -3.9721945e-01
  1.8322352e-01
  2.2344723e-01
 -3.8633755e-01
  1.9048898e-02
  3.1140101e-01
  1.8726183e+00
  5.2216029e-01
  3.4892213e-01
 -8.6076222e-03
  3.3625597e-01
  1.9516722e+00
 -2.7169893e+00
  9.9958497e-01
  1.4588237e+00
  6.1570174e-01
  3.2882140e+00
  5.7477903e-01
  2.6098592e+00
  2.8190629e+00
  1.2610552e-01
 -5.5775940e-01
  1.5041062e-01
 -6.6199929e-01
  3.8246751e-01
 -1.6512390e+00
 -6.8394428e-01
 -2.2011392e+00
 -9.2734665e-01
 -1.1854812e+00
  1.0585859e+00
  2.6332927e-01
 -1.8860722e+00
  5.0822347e-01
  1.2074320e+00
 -2.8202504e-01
 -1.5984131e+00
 -2.5023971e+00
  1.2886375e-01
  5.1652700e-01
  2.4536099e-02
  1.4803517e-01
 -3.0927524e-01
 -2.3145594e-01
  3.9965814e-01
 -1.7944270e+00
 -4.7270125e-01
 -1.7250406e+00
  3.7462378e-01
  3.2169652e+00
  3.8108128e-01
  4.6871785e-02
 -5.8951888e-02
  1.6537055e-01
  7.4840084e-02
  2.9383439e-01
 -1.0005337e+00
  5.7708985e-01
  5.8555111e-02
 -6.7761374e-01
  7.1383394e-02
  7.8053761e-01
 -8.2295913e-01
 -7.2944838e-01
  1.4682239e+00
  1.3131914e-01
  1.8478642e-01
  6.4652538e-01
 -5.0581652e-01
 -1.6962841e+00
 -1.4791292e-01
 -2.2098158e-01
 -6.7864716e-01
  4.8515737e-01
 -2.1839361e+00
  1.4041810e-01
  6.4569563e-02
 -4.0980840e-01
  1.8915299e-01
 -1.0950714e+00
 -7.4024042e-03
 -4.2887941e-01
 -4.0161124e-01
  9.1305608e-01
  5.5393726e-01
  6.2970018e-01
 -1.4131504e+00
 -2.9958284e-01
  2.1496058e-01
  7.4345565e-01
 -1.0565692e+00
  1.6855668e+00
 -1.4587328e+00
 -9.8821300e-01
 -1.1314100e+00
  3.3385128e-01
  3.6902112e-01
  4.9376330e-01
  6.4498794e-01
 -5.0103027e-01
  1.7965293e+00
  8.5530740e-01
 -1.9735173e+00
 -1.8602832e-01
  5.1419199e-01
 -2.1464312e-01
  7.1929485e-01
 -8.4444505e-01
  6.7651790e-01
  9.4837689e-01
 -2.7650258e-01
 -9.0807283e-01
 -1.3300883e+00
 -7.2246325e-01
  1.7892728e+00
 -3.1405643e-01
  9.4048190e-01
  5.3087167e-02
  1.5731958e+00
  1.5172255e-01
  1.0838346e+00
 -1.6383421e+00
  4.6956864e-01
 -2.5243300e-01
 -6.2942073e-02
  1.1263918e+00
  7.8754538e-01
  1.8913233e+00
  4.4237265e-01
  6.9064790e-01
  1.4253389e+00
 -2.2831662e-01
  4.9087560e-01
 -1.1185468e+00
  1.3749202e+00
 -8.1372213e-01
  1.1708322e+00
  2.9761133e+00
 -5.4818082e-01
 -6.3149780e-01
  3.4761293e+00
 -1.1343912e+00
  1.1966732e+00
  1.0975425e+00
  1.7400291e+00
 -1.2498298e+00
  2.2844072e-01
 -4.9709576e-01
  9.8049551e-01
 -9.9606651e-01
  1.4558468e+00
  1.1610250e+00
  1.0152678e+00
  1.3130420e+00
 -9.3802279e-01
 -7.2436190e-01
  4.2731801e-01
 -3.5348767e-01
  2.3065174e-01
 -2.9275949e+00
  2.9635882e-01
 -2.8589754e+00
 -1.5349500e+00
 -1.0148900e+00
  1.0742835e+00
 -2.3587857e-01
  7.7247423e-01
 -1.5941603e+00
  9.7657895e-01
  1.6929877e+00
  7.0705153e-02
 -3.4103096e+00
  8.6811018e-01
 -1.1764494e+00
 -4.6619684e-01
 -9.4596434e-01
  8.2956475e-01
  9.1412705e-01
  4.4823730e-01
  9.4753617e-01
 -1.1711749e+00
 -2.4988186e-01
 -1.9900091e-01
  2.5991756e-01
  2.2622941e+00
  1.0960877e+00
  3.0186686e-01
 -2.4324459e-01
 -9.4125545e-01
 -1.3982736e+00
  9.5092887e-01
 -1.0820740e+00
 -2.6312146e-01
  4.5239416e-01
  8.2555455e-01
  1.6770798e+00
  3.5100201e-01
 -8.0732256e-01
  1.1633092e+00
 -5.5288738e-01
  1.5872462e+00
 -2.3166194e+00
 -7.8013515e-01
 -5.1735467e-01
  2.5218952e-01
  1.9613470e+00
  1.1747487e-01
 -2.2889446e-01
 -1.1730902e+00
 -1.5851638e-01
  7.3584765e-01
 -1.2620470e-01
 -7.0451272e-01
 -2.2643123e+00
  1.6101552e+00
 -1.3244362e-01
  1.6416806e+00
 -4.9926274e-02
  3.0576515e+00
  9.2690647e-01
  2.8302127e-01
 -1.7441196e+00
  1.0069293e+00
  6.7604351e-01
  1.0618470e+00
  1.5513512e+00
 -6.3703191e-01
 -4.9716398e-01
 -6.1646450e-01
 -5.0788456e-01
  1.2714346e-01
 -2.5630500e+00
  9.8819721e-01
  4.3599253e+00
  7.8976417e-01
  5.8848673e-01
  5.8560872e-01
  7.5067294e-01
 -9.0935284e-01
 -1.6769789e+00
 -2.4016972e+00
  2.2868414e+00
  4.7643300e-02
  1.7177577e+00
 -1.9000418e+00
  1.4315889e+00
 -1.2032485e+00
 -7.0362514e-01
 -1.4037424e-01
  7.3332720e-02
 -2.7587155e-01
  8.9739496e-01
  2.6438587e+00
 -2.0970023e+00
  8.8601053e-01
  7.7132171e-01
 -2.1402307e+00
  3.0111725e+00
 -1.6970530e+00
  2.8976780e-01
  2.9962513e-01
  2.8947902e-01
  6.9707775e-01
 -1.2640738e-01
 -9.9618621e-02
 -1.4532942e+00
  7.4830627e-01
 -2.6577005e+00
 -4.7121584e-01
  1.8884752e+00
  2.3901825e+00
 -2.6832247e+00
  6.3722336e-01
  2.5379684e+00
 -1.9824436e+00
  1.5702877e+00
  1.0959916e+00
  1.3918630e+00
  4.6520704e-01
 -4.2558283e-01
  9.4398774e-02
 -1.5783235e+00
 -3.9064209e+00
  1.6365750e+00
  9.4362128e-01
 -8.2593691e-01
  1.3867979e+00
  2.4851400e-01
  1.6391884e+00
  1.7536546e+00
  4.4474784e-01
  2.3751420e-01
 -1.8719343e+00
 -8.7030387e-01
 -3.2976763e+00
  2.5133302e+00
 -2.7294981e+00
 -9.2569184e-01
 -8.3218950e-01
 -7.8524202e-01
  3.1248307e+00
  7.4398801e-02
 -5.7017171e-01
  7.5802261e-01
 -8.7278140e-01
 -1.9120308e+00
  1.3452387e+00
 -1.7644724e+00
 -1.2602799e+00
 -2.9606149e+00
  2.1218233e+00
 -1.5920120e+00
 -1.1993867e+00
  5.3059632e-01
  7.8945354e-02
 -7.7542251e-01
 -9.8831552e-01
 -1.9316597e+00
  2.6413550e+00
 -2.7508414e+00
  4.8893452e+00
 -2.0464489e+00
  1.1560689e+00
 -6.1010224e-01
 -1.2265731e+00
 -4.0289471e-01
  2.3658171e-01
 -8.7902892e-01
  9.7616315e-01
 -1.8932670e+00
  7.3007660e+00
  3.0406125e+00
  1.5777476e+00
  1.8507633e+00
  4.0178502e-01
  3.0618659e-01
  9.7946864e-01
 -2.0307918e+00
  1.6737199e+00
 -3.6027849e-01
 -1.9273992e-01
 -1.5909330e+00
  6.3506976e-02
  4.3283165e-01
  2.4611703e-01
 -8.2635623e-01
  1.3555020e+00
  1.5317414e+00
 -2.4117601e-01
 -8.5202307e-01
 -1.1590619e+00
 -7.4821967e-01
 -6.8853599e-01
 -1.1278090e+00
 -1.3350389e+00
 -1.4906955e+00
  1.1950017e+00
  2.8229489e+00
  2.5823963e+00
 -2.1874702e+00
  2.5745041e+00
  3.4587473e-01
 -2.4447660e+00
 -7.4997413e-01
  1.7296326e+00
  1.8376906e+00
 -1.2871932e+00
  7.2900420e-01
  1.1373515e-01
 -1.5001462e+00
  4.4466734e-01
  1.4106264e+00
 -4.5166045e-02
  7.4632990e-01
 -6.0299700e-01
 -1.1243516e+00
  1.4665651e+00
 -2.9352703e+00
 -2.7564865e-01
 -2.6309624e-01
 -7.2369504e-01
 -5.0670898e-01
  2.3324866e+00
 -1.8440704e+00
 -1.0357456e+00
  6.9892257e-01
  8.0080286e-02
 -1.6631322e+00
 -9.1726951e-02
 -1.4502167e+00
 -5.2722454e-01
 -1.3553301e+00
 -3.0513063e-01
  2.2772689e+00
  1.7470195e+00
  6.4489079e-01
 -1.4403496e+00
  1.0773848e+00
 -1.4987293e+00
 -1.2150292e+00
  1.2597426e+00
 -9.9100649e-01
 -2.1126549e+00
 -2.8482821e+00
  4.3982330e-01
 -1.9705236e+00
  1.3947636e+00
 -2.9071767e+00
  1.2093448e-01
 -1.5621405e+00
  2.2642407e+00
 -2.4338080e-01
  1.4509385e+00
  1.2982708e+00
 -7.6223063e-01
 -5.3918220e-02
  2.1705759e+00
 -6.3549346e-01
 -2.0852282e+00
 -1.6939659e-01
  1.9360003e-01
  8.3780831e-01
  1.9919786e+00
  2.9636227e-02
 -1.1984926e+00
  3.0830066e+00
 -7.6891795e-02
  1.6422764e+00
 -2.1111915e+00
 -2.2425604e-01
 -4.2230000e+00
 -1.6737340e-01
  1.0191551e+00
 -8.3664763e-01
 -2.2981811e+00
 -8.4195536e-01
  8.3904940e-01
  5.7722473e-01
  6.5863609e-01
 -1.7040061e+00
  7.1965553e-02
  1.1814661e+00
  2.3396177e+00
  2.3024769e+00
 -7.0528799e-01
  6.4184707e-01
  2.3686185e+00
 -1.1209924e+00
 -2.1463351e+00
 -1.2134691e-01
  3.5552144e-01
  9.3419246e-02
  1.2055737e+00
 -1.9662173e+00
  3.2469901e-01
 -9.0208757e-01
  9.1398126e-01
  1.6498318e+00
 -1.3041891e+00
 -1.1647613e+00
  1.7464525e-01
  4.0046197e-01
  1.5340850e+00
 -3.0141468e+00
 -5.1388538e-01
 -9.2894226e-01
  2.3344785e-01
 -2.6280177e+00
  2.5464358e+00
 -2.2680423e+00
  1.6623393e+00
 -3.1029356e-01
 -2.4924204e+00
  1.3681142e+00
  3.2687986e-01
 -5.9945178e-01
 -5.4807978e+00
  3.0035281e-01
 -1.7456058e+00
  2.9477191e+00
 -1.0185851e+00
 -1.2723995e+00
  5.4821700e-01
  1.0234414e+00
  1.0175469e+00
  2.4344923e-01
  2.2052317e+00
  6.5137976e-01
 -1.0316184e-01
  6.6997838e-01
  7.1994799e-01
 -6.5316594e-01
 -1.3433439e+00
  3.7902561e-01
 -4.5622018e-01
 -4.1103160e-01
  1.2352505e-01
 -1.9756647e+00
  1.2952195e+00
 -2.0764561e-01
  3.1662798e-01
  2.2109486e-01
  1.9188174e+00
  1.0781459e+00
 -4.7564375e-01
  4.6091315e-01
  2.2686775e+00
  5.5835474e-01
 -1.4832710e+00
 -2.7566538e+00
  2.2527819e+00
  3.8584545e-01
  1.8450117e+00
 -1.6689445e-01
  1.9884254e-01
  7.8900415e-01
  1.5442504e-01
 -8.2265782e-01
  1.8167558e-01
  1.6482453e-01
 -2.3423297e+00
  1.8015311e+00
 -1.8618401e+00
 -5.6585252e-01
 -1.6710936e+00
 -4.7950277e-01
 -1.4607459e+00
  1.4597034e+00
  1.4707088e+00
 -8.2145602e-01
  1.3667939e-03
  2.8631432e+00
  2.6158359e+00
 -1.4585448e-02
 -1.6688862e-01
 -1.4426570e+00
  2.9167206e+00
 -7.1534979e-01
 -5.1461434e-01
 -2.1091306e+00
 -2.6676748e+00
  1.9374789e-01
  8.3757788e-02
 -1.7419897e+00
 -1.8523343e-01
  2.8340001e+00
  1.8331282e+00
  6.1858904e-01
  1.6005034e+00
  2.4354303e+00
 -5.5804557e-01
  1.1608507e-01
  7.1175432e-01
 -2.1100284e-01
 -2.7600923e-03
  1.7429354e+00
 -2.3864202e+00
 -1.2682924e+00
  8.9545113e-01
  6.5253294e-01
 -1.3025724e+00
 -3.3870819e-01
  8.7519383e-01
 -9.7972339e-01
  9.4430201e-02
  5.4208255e-01
 -1.8353232e+00
 -9.8097301e-01
  2.6498592e-01
 -3.5682671e+00
  2.4682949e+00
  6.1725277e-01
  1.3330067e+00
  2.0709088e+00
 -3.0093828e-01
 -6.4992034e-01
 -1.3071897e+00
 -1.2013131e+00
 -1.5644190e+00
  9.1668093e-01
 -2.1226233e-01
  7.0502108e-01
  1.5220152e+00
  3.0357899e-02
  1.0825300e+00
 -3.4777623e-01
  8.6567491e-01
 -1.8090341e+00
  1.9555153e-01
 -9.1825008e-02
  2.9690824e+00
  2.1615466e-01
  5.4555619e-01
 -2.2141128e+00
  4.7901559e-01
  2.5189328e+00
  7.9415661e-01
 -5.4594517e-01
 -5.6360507e-01
  1.6511813e+00
  5.4862964e-01
  1.7470842e-02
  1.7470842e-02
  1.7470842e-02
  1.7470842e-02
  1.7470842e-02
  2.2786716e-02
  2.2786716e-02
  2.2786716e-02
  2.2786716e-02
  2.2786716e-02
  1.7118849e-02
  1.7118849e-02
  1.7118849e-02
  1.7118849e-02
  1.7118849e-02
  1.0658453e-02
  1.0658453e-02
  1.0658453e-02
  1.0658453e-02
  1.0658453e-02
  9.5596602e-03
  9.5596602e-03
  9.5596602e-03
  9.5596602e-03
  9.5596602e-03
  6.8470621e-03
  6.8470621e-03
  6.8470621e-03
  6.8470621e-03
  6.8470621e-03
  1.1126450e-03
  1.1126450e-03
  1.1126450e-03
  1.1126450e-03
  1.1126450e-03
